==== Load Balancer Simulation Started ====
Initial servers: 10
Initial queue size: 996
[C1] ASSIGN server=1 time=6 type=P
[C1] ASSIGN server=2 time=10 type=S
[C1] ASSIGN server=3 time=7 type=S
[C1] ASSIGN server=4 time=10 type=P
[C1] ASSIGN server=5 time=11 type=S
[C1] ASSIGN server=6 time=6 type=S
[C1] ASSIGN server=7 time=8 type=S
[C1] ASSIGN server=8 time=11 type=P
[C1] ASSIGN server=9 time=13 type=S
[C1] ASSIGN server=10 time=15 type=S
[C1] SCALE UP -> servers=11 cooldown=25
[C2] NEW REQUEST queued time=9 type=S
[C2] ASSIGN server=11 time=7 type=S
[C3] NEW REQUEST queued time=11 type=P
[C4] NEW REQUEST queued time=10 type=S
[C6] COMPLETE server=1
[C6] COMPLETE server=6
[C7] NEW REQUEST queued time=8 type=S
[C7] ASSIGN server=1 time=12 type=P
[C7] ASSIGN server=6 time=9 type=P
[C7] COMPLETE server=3
[C8] NEW REQUEST queued time=2 type=S
[C8] ASSIGN server=3 time=15 type=P
[C8] COMPLETE server=7
[C8] COMPLETE server=11
[C9] ASSIGN server=7 time=10 type=P
[C9] ASSIGN server=11 time=7 type=S
[C10] COMPLETE server=2
[C10] COMPLETE server=4
[C11] ASSIGN server=2 time=5 type=S
[C11] ASSIGN server=4 time=12 type=P
[C11] COMPLETE server=5
[C11] COMPLETE server=8
[C12] NEW REQUEST queued time=12 type=S
[C12] ASSIGN server=5 time=4 type=P
[C12] ASSIGN server=8 time=11 type=S
[C13] COMPLETE server=9
[C14] ASSIGN server=9 time=11 type=S
[C15] COMPLETE server=2
[C15] COMPLETE server=5
[C15] COMPLETE server=6
[C15] COMPLETE server=10
[C15] COMPLETE server=11
[C16] ASSIGN server=2 time=10 type=S
[C16] ASSIGN server=5 time=9 type=S
[C16] ASSIGN server=6 time=10 type=P
[C16] ASSIGN server=10 time=14 type=P
[C16] ASSIGN server=11 time=4 type=P
[C18] COMPLETE server=1
[C18] COMPLETE server=7
[C19] NEW REQUEST queued time=13 type=S
[C19] ASSIGN server=1 time=14 type=P
[C19] ASSIGN server=7 time=14 type=P
[C19] COMPLETE server=11
[C20] NEW REQUEST queued time=4 type=S
[C20] ASSIGN server=11 time=7 type=P
[C21] NEW REQUEST queued time=14 type=S
[C22] NEW REQUEST queued time=15 type=P
[C22] COMPLETE server=3
[C22] COMPLETE server=4
[C22] COMPLETE server=8
[C23] ASSIGN server=3 time=4 type=P
[C23] ASSIGN server=4 time=10 type=P
[C23] ASSIGN server=8 time=6 type=P
[C24] COMPLETE server=5
[C24] COMPLETE server=9
[C25] ASSIGN server=5 time=13 type=S
[C25] ASSIGN server=9 time=15 type=P
[C25] COMPLETE server=2
[C25] COMPLETE server=6
[C26] NEW REQUEST queued time=10 type=S
[C26] ASSIGN server=2 time=4 type=S
[C26] ASSIGN server=6 time=3 type=P
[C26] COMPLETE server=3
[C26] COMPLETE server=11
[C27] ASSIGN server=3 time=6 type=P
[C27] ASSIGN server=11 time=5 type=S
[C27] SCALE UP -> servers=12 cooldown=25
[C28] ASSIGN server=12 time=9 type=S
[C28] COMPLETE server=6
[C28] COMPLETE server=8
[C29] ASSIGN server=6 time=15 type=P
[C29] ASSIGN server=8 time=13 type=S
[C29] COMPLETE server=2
[C29] COMPLETE server=10
[C30] ASSIGN server=2 time=14 type=S
[C30] ASSIGN server=10 time=11 type=S
[C31] NEW REQUEST queued time=6 type=P
[C31] COMPLETE server=11
[C32] ASSIGN server=11 time=8 type=S
[C32] COMPLETE server=1
[C32] COMPLETE server=3
[C32] COMPLETE server=4
[C32] COMPLETE server=7
[C33] NEW REQUEST queued time=10 type=S
[C33] ASSIGN server=1 time=7 type=P
[C33] ASSIGN server=3 time=2 type=S
[C33] ASSIGN server=4 time=9 type=P
[C33] ASSIGN server=7 time=3 type=S
[C34] COMPLETE server=3
[C35] ASSIGN server=3 time=15 type=S
[C35] COMPLETE server=7
[C36] ASSIGN server=7 time=4 type=P
[C36] COMPLETE server=12
[C37] ASSIGN server=12 time=7 type=S
[C37] COMPLETE server=5
[C38] ASSIGN server=5 time=10 type=S
[C39] COMPLETE server=1
[C39] COMPLETE server=7
[C39] COMPLETE server=9
[C39] COMPLETE server=11
[C40] ASSIGN server=1 time=6 type=P
[C40] ASSIGN server=7 time=5 type=S
[C40] ASSIGN server=9 time=4 type=S
[C40] ASSIGN server=11 time=12 type=P
[C40] COMPLETE server=10
[C41] ASSIGN server=10 time=13 type=P
[C41] COMPLETE server=4
[C41] COMPLETE server=8
[C42] ASSIGN server=4 time=13 type=S
[C42] ASSIGN server=8 time=2 type=S
[C43] COMPLETE server=2
[C43] COMPLETE server=6
[C43] COMPLETE server=8
[C43] COMPLETE server=9
[C43] COMPLETE server=12
[C44] ASSIGN server=2 time=10 type=S
[C44] ASSIGN server=6 time=9 type=S
[C44] ASSIGN server=8 time=4 type=P
[C44] ASSIGN server=9 time=4 type=P
[C44] ASSIGN server=12 time=6 type=S
[C44] COMPLETE server=7
[C45] ASSIGN server=7 time=6 type=P
[C45] COMPLETE server=1
[C46] ASSIGN server=1 time=3 type=S
[C47] COMPLETE server=5
[C47] COMPLETE server=8
[C47] COMPLETE server=9
[C48] ASSIGN server=5 time=3 type=S
[C48] ASSIGN server=8 time=3 type=P
[C48] ASSIGN server=9 time=5 type=S
[C48] COMPLETE server=1
[C49] NEW REQUEST queued time=3 type=P
[C49] ASSIGN server=1 time=6 type=S
[C49] COMPLETE server=3
[C49] COMPLETE server=12
[C50] ASSIGN server=3 time=7 type=P
[C50] ASSIGN server=12 time=12 type=S
[C50] COMPLETE server=5
[C50] COMPLETE server=7
[C50] COMPLETE server=8
[C50] SNAPSHOT queue=938 servers=12 busy=9 cooldownLeft=2 completed=63 rejected=4
[C51] ASSIGN server=5 time=14 type=P
[C51] ASSIGN server=7 time=11 type=P
[C51] ASSIGN server=8 time=11 type=P
[C51] COMPLETE server=11
[C52] NEW REQUEST queued time=12 type=S
[C52] ASSIGN server=11 time=14 type=P
[C52] COMPLETE server=6
[C52] COMPLETE server=9
[C53] NEW REQUEST queued time=11 type=P
[C53] ASSIGN server=6 time=4 type=P
[C53] ASSIGN server=9 time=2 type=P
[C53] COMPLETE server=2
[C53] COMPLETE server=10
[C54] ASSIGN server=2 time=7 type=P
[C54] ASSIGN server=10 time=9 type=S
[C54] COMPLETE server=1
[C54] COMPLETE server=4
[C54] COMPLETE server=9
[C55] ASSIGN server=1 time=13 type=S
[C55] ASSIGN server=4 time=14 type=S
[C55] ASSIGN server=9 time=14 type=P
[C56] NEW REQUEST queued time=10 type=S
[C56] COMPLETE server=3
[C56] COMPLETE server=6
[C57] ASSIGN server=3 time=7 type=P
[C57] ASSIGN server=6 time=5 type=P
[C58] NEW REQUEST queued time=8 type=P
[C60] NEW REQUEST queued time=8 type=S
[C60] COMPLETE server=2
[C61] ASSIGN server=2 time=7 type=S
[C61] COMPLETE server=6
[C61] COMPLETE server=7
[C61] COMPLETE server=8
[C61] COMPLETE server=12
[C62] ASSIGN server=6 time=5 type=S
[C62] ASSIGN server=7 time=10 type=S
[C62] ASSIGN server=8 time=10 type=P
[C62] ASSIGN server=12 time=7 type=S
[C62] COMPLETE server=10
[C63] NEW REQUEST queued time=8 type=P
[C63] ASSIGN server=10 time=9 type=S
[C63] COMPLETE server=3
[C64] ASSIGN server=3 time=7 type=S
[C64] COMPLETE server=5
[C65] NEW REQUEST queued time=2 type=P
[C65] ASSIGN server=5 time=5 type=S
[C65] COMPLETE server=11
[C66] NEW REQUEST queued time=6 type=S
[C66] ASSIGN server=11 time=14 type=P
[C66] COMPLETE server=6
[C67] NEW REQUEST queued time=8 type=S
[C67] ASSIGN server=6 time=4 type=S
[C67] COMPLETE server=1
[C67] COMPLETE server=2
[C68] ASSIGN server=1 time=5 type=S
[C68] ASSIGN server=2 time=6 type=S
[C68] COMPLETE server=4
[C68] COMPLETE server=9
[C68] COMPLETE server=12
[C69] NEW REQUEST queued time=12 type=P
[C69] ASSIGN server=4 time=8 type=S
[C69] ASSIGN server=9 time=9 type=S
[C69] ASSIGN server=12 time=5 type=S
[C69] COMPLETE server=5
[C70] ASSIGN server=5 time=10 type=P
[C70] COMPLETE server=3
[C70] COMPLETE server=6
[C71] NEW REQUEST queued time=6 type=P
[C71] ASSIGN server=3 time=15 type=S
[C71] ASSIGN server=6 time=13 type=P
[C71] COMPLETE server=7
[C71] COMPLETE server=8
[C71] COMPLETE server=10
[C72] ASSIGN server=7 time=2 type=S
[C72] ASSIGN server=8 time=9 type=P
[C72] ASSIGN server=10 time=9 type=P
[C72] COMPLETE server=1
[C73] ASSIGN server=1 time=3 type=S
[C73] COMPLETE server=2
[C73] COMPLETE server=7
[C73] COMPLETE server=12
[C74] ASSIGN server=2 time=13 type=P
[C74] ASSIGN server=7 time=9 type=S
[C74] ASSIGN server=12 time=15 type=P
[C75] COMPLETE server=1
[C76] ASSIGN server=1 time=3 type=S
[C76] COMPLETE server=4
[C77] NEW REQUEST queued time=5 type=S
[C77] ASSIGN server=4 time=11 type=P
[C77] COMPLETE server=9
[C78] ASSIGN server=9 time=12 type=P
[C78] COMPLETE server=1
[C79] ASSIGN server=1 time=10 type=P
[C79] COMPLETE server=5
[C79] COMPLETE server=11
[C80] ASSIGN server=5 time=4 type=P
[C80] ASSIGN server=11 time=3 type=P
[C80] COMPLETE server=8
[C80] COMPLETE server=10
[C81] ASSIGN server=8 time=4 type=P
[C81] ASSIGN server=10 time=13 type=S
[C82] COMPLETE server=7
[C82] COMPLETE server=11
[C83] ASSIGN server=7 time=8 type=S
[C83] ASSIGN server=11 time=10 type=P
[C83] COMPLETE server=5
[C83] COMPLETE server=6
[C84] ASSIGN server=5 time=9 type=S
[C84] ASSIGN server=6 time=7 type=S
[C84] COMPLETE server=8
[C85] ASSIGN server=8 time=14 type=P
[C85] COMPLETE server=3
[C86] ASSIGN server=3 time=15 type=S
[C86] COMPLETE server=2
[C87] ASSIGN server=2 time=5 type=S
[C87] COMPLETE server=4
[C88] ASSIGN server=4 time=9 type=S
[C88] COMPLETE server=1
[C88] COMPLETE server=12
[C89] ASSIGN server=1 time=5 type=S
[C89] ASSIGN server=12 time=9 type=S
[C89] COMPLETE server=9
[C90] ASSIGN server=9 time=10 type=P
[C90] COMPLETE server=6
[C90] COMPLETE server=7
[C91] ASSIGN server=6 time=3 type=P
[C91] ASSIGN server=7 time=11 type=S
[C91] COMPLETE server=2
[C92] ASSIGN server=2 time=8 type=P
[C92] COMPLETE server=5
[C92] COMPLETE server=11
[C93] ASSIGN server=5 time=2 type=S
[C93] ASSIGN server=11 time=5 type=S
[C93] COMPLETE server=1
[C93] COMPLETE server=6
[C93] COMPLETE server=10
[C94] ASSIGN server=1 time=4 type=S
[C94] ASSIGN server=6 time=8 type=S
[C94] ASSIGN server=10 time=14 type=P
[C94] COMPLETE server=5
[C95] NEW REQUEST queued time=10 type=S
[C95] ASSIGN server=5 time=8 type=P
[C96] COMPLETE server=4
[C97] ASSIGN server=4 time=3 type=P
[C97] COMPLETE server=1
[C97] COMPLETE server=11
[C97] COMPLETE server=12
[C98] NEW REQUEST queued time=4 type=P
[C98] ASSIGN server=1 time=14 type=P
[C98] ASSIGN server=11 time=8 type=S
[C98] ASSIGN server=12 time=7 type=S
[C98] COMPLETE server=8
[C99] NEW REQUEST queued time=14 type=S
[C99] ASSIGN server=8 time=7 type=S
[C99] COMPLETE server=2
[C99] COMPLETE server=4
[C99] COMPLETE server=9
[C100] NEW REQUEST queued time=14 type=P
[C100] ASSIGN server=2 time=15 type=P
[C100] ASSIGN server=4 time=4 type=P
[C100] ASSIGN server=9 time=10 type=S
[C100] COMPLETE server=3
[C100] SNAPSHOT queue=880 servers=12 busy=11 cooldownLeft=0 completed=135 rejected=4
[C101] ASSIGN server=3 time=14 type=P
[C101] COMPLETE server=6
[C101] COMPLETE server=7
[C102] ASSIGN server=6 time=14 type=P
[C102] ASSIGN server=7 time=4 type=P
[C102] COMPLETE server=5
[C103] ASSIGN server=5 time=14 type=P
[C103] COMPLETE server=4
[C104] ASSIGN server=4 time=9 type=S
[C104] COMPLETE server=12
[C105] NEW REQUEST queued time=7 type=S
[C105] ASSIGN server=12 time=6 type=S
[C105] COMPLETE server=7
[C105] COMPLETE server=8
[C105] COMPLETE server=11
[C106] ASSIGN server=7 time=2 type=S
[C106] ASSIGN server=8 time=14 type=P
[C106] ASSIGN server=11 time=4 type=S
[C107] COMPLETE server=7
[C107] COMPLETE server=10
[C108] ASSIGN server=7 time=15 type=P
[C108] ASSIGN server=10 time=6 type=S
[C109] COMPLETE server=9
[C109] COMPLETE server=11
[C110] ASSIGN server=9 time=7 type=P
[C110] ASSIGN server=11 time=2 type=P
[C110] COMPLETE server=12
[C111] ASSIGN server=12 time=10 type=P
[C111] COMPLETE server=1
[C111] COMPLETE server=11
[C112] NEW REQUEST queued time=15 type=S
[C112] ASSIGN server=1 time=2 type=S
[C112] ASSIGN server=11 time=3 type=S
[C112] COMPLETE server=4
[C113] NEW REQUEST queued time=10 type=S
[C113] ASSIGN server=4 time=5 type=S
[C113] COMPLETE server=1
[C113] COMPLETE server=10
[C114] ASSIGN server=1 time=11 type=P
[C114] ASSIGN server=10 time=5 type=P
[C114] COMPLETE server=2
[C114] COMPLETE server=3
[C114] COMPLETE server=11
[C115] ASSIGN server=2 time=7 type=S
[C115] ASSIGN server=3 time=6 type=S
[C115] ASSIGN server=11 time=12 type=P
[C115] COMPLETE server=6
[C116] ASSIGN server=6 time=7 type=P
[C116] COMPLETE server=5
[C116] COMPLETE server=9
[C117] ASSIGN server=5 time=10 type=S
[C117] ASSIGN server=9 time=13 type=P
[C117] COMPLETE server=4
[C118] NEW REQUEST queued time=5 type=P
[C118] ASSIGN server=4 time=7 type=P
[C118] COMPLETE server=10
[C119] ASSIGN server=10 time=15 type=P
[C119] COMPLETE server=8
[C120] ASSIGN server=8 time=2 type=S
[C120] COMPLETE server=3
[C120] COMPLETE server=12
[C121] ASSIGN server=3 time=9 type=S
[C121] ASSIGN server=12 time=8 type=P
[C121] COMPLETE server=2
[C121] COMPLETE server=8
[C122] ASSIGN server=2 time=9 type=S
[C122] ASSIGN server=8 time=2 type=P
[C122] COMPLETE server=6
[C122] COMPLETE server=7
[C123] ASSIGN server=6 time=8 type=S
[C123] ASSIGN server=7 time=2 type=S
[C123] COMPLETE server=8
[C124] ASSIGN server=8 time=9 type=S
[C124] COMPLETE server=1
[C124] COMPLETE server=4
[C124] COMPLETE server=7
[C125] ASSIGN server=1 time=10 type=P
[C125] ASSIGN server=4 time=13 type=P
[C125] ASSIGN server=7 time=12 type=P
[C126] COMPLETE server=5
[C126] COMPLETE server=11
[C127] ASSIGN server=5 time=5 type=P
[C127] ASSIGN server=11 time=6 type=P
[C128] NEW REQUEST queued time=5 type=P
[C128] COMPLETE server=12
[C129] ASSIGN server=12 time=14 type=P
[C129] COMPLETE server=3
[C129] COMPLETE server=9
[C130] ASSIGN server=3 time=4 type=S
[C130] ASSIGN server=9 time=8 type=S
[C130] COMPLETE server=2
[C130] COMPLETE server=6
[C131] ASSIGN server=2 time=13 type=S
[C131] ASSIGN server=6 time=2 type=P
[C131] COMPLETE server=5
[C132] ASSIGN server=5 time=15 type=S
[C132] COMPLETE server=6
[C132] COMPLETE server=8
[C132] COMPLETE server=11
[C133] ASSIGN server=6 time=7 type=S
[C133] ASSIGN server=8 time=6 type=S
[C133] ASSIGN server=11 time=10 type=P
[C133] COMPLETE server=3
[C133] COMPLETE server=10
[C134] ASSIGN server=3 time=5 type=S
[C134] ASSIGN server=10 time=11 type=P
[C134] COMPLETE server=1
[C135] NEW REQUEST queued time=4 type=P
[C135] ASSIGN server=1 time=15 type=P
[C136] NEW REQUEST queued time=4 type=S
[C136] COMPLETE server=7
[C137] NEW REQUEST queued time=13 type=P
[C137] ASSIGN server=7 time=7 type=P
[C137] COMPLETE server=4
[C137] COMPLETE server=9
[C138] ASSIGN server=4 time=12 type=P
[C138] ASSIGN server=9 time=11 type=P
[C138] COMPLETE server=3
[C138] COMPLETE server=8
[C139] NEW REQUEST queued time=15 type=P
[C139] ASSIGN server=3 time=15 type=P
[C139] ASSIGN server=8 time=14 type=P
[C139] COMPLETE server=6
[C140] ASSIGN server=6 time=15 type=P
[C142] COMPLETE server=11
[C142] COMPLETE server=12
[C143] NEW REQUEST queued time=8 type=S
[C143] ASSIGN server=11 time=10 type=S
[C143] ASSIGN server=12 time=9 type=P
[C143] COMPLETE server=2
[C143] COMPLETE server=7
[C144] ASSIGN server=2 time=6 type=S
[C144] ASSIGN server=7 time=10 type=P
[C144] COMPLETE server=10
[C145] NEW REQUEST queued time=13 type=S
[C145] ASSIGN server=10 time=3 type=S
[C146] NEW REQUEST queued time=2 type=S
[C146] COMPLETE server=5
[C147] ASSIGN server=5 time=12 type=P
[C147] COMPLETE server=10
[C148] NEW REQUEST queued time=15 type=S
[C148] ASSIGN server=10 time=15 type=P
[C148] COMPLETE server=9
[C149] ASSIGN server=9 time=2 type=S
[C149] COMPLETE server=1
[C149] COMPLETE server=2
[C149] COMPLETE server=4
[C150] NEW REQUEST queued time=12 type=P
[C150] ASSIGN server=1 time=4 type=S
[C150] ASSIGN server=2 time=6 type=S
[C150] ASSIGN server=4 time=3 type=P
[C150] COMPLETE server=9
[C150] SNAPSHOT queue=825 servers=12 busy=11 cooldownLeft=0 completed=204 rejected=4
[C151] ASSIGN server=9 time=2 type=S
[C151] COMPLETE server=12
[C152] ASSIGN server=12 time=7 type=S
[C152] COMPLETE server=4
[C152] COMPLETE server=8
[C152] COMPLETE server=9
[C152] COMPLETE server=11
[C153] ASSIGN server=4 time=3 type=P
[C153] ASSIGN server=8 time=3 type=P
[C153] ASSIGN server=9 time=10 type=P
[C153] ASSIGN server=11 time=13 type=S
[C153] COMPLETE server=1
[C153] COMPLETE server=3
[C153] COMPLETE server=7
[C154] NEW REQUEST queued time=15 type=S
[C154] ASSIGN server=1 time=4 type=S
[C154] ASSIGN server=3 time=13 type=P
[C154] ASSIGN server=7 time=9 type=P
[C154] COMPLETE server=6
[C155] ASSIGN server=6 time=4 type=S
[C155] COMPLETE server=2
[C155] COMPLETE server=4
[C155] COMPLETE server=8
[C156] ASSIGN server=2 time=6 type=S
[C156] ASSIGN server=4 time=2 type=S
[C156] ASSIGN server=8 time=14 type=S
[C157] NEW REQUEST queued time=9 type=S
[C157] COMPLETE server=1
[C157] COMPLETE server=4
[C158] ASSIGN server=1 time=10 type=S
[C158] ASSIGN server=4 time=8 type=S
[C158] COMPLETE server=5
[C158] COMPLETE server=6
[C158] COMPLETE server=12
[C159] ASSIGN server=5 time=5 type=S
[C159] ASSIGN server=6 time=12 type=S
[C159] ASSIGN server=12 time=7 type=S
[C161] COMPLETE server=2
[C162] ASSIGN server=2 time=11 type=P
[C162] COMPLETE server=7
[C162] COMPLETE server=9
[C162] COMPLETE server=10
[C163] ASSIGN server=7 time=14 type=S
[C163] ASSIGN server=9 time=13 type=S
[C163] ASSIGN server=10 time=4 type=P
[C163] COMPLETE server=5
[C164] ASSIGN server=5 time=3 type=S
[C165] NEW REQUEST queued time=4 type=P
[C165] COMPLETE server=4
[C165] COMPLETE server=11
[C165] COMPLETE server=12
[C166] NEW REQUEST queued time=4 type=S
[C166] ASSIGN server=4 time=7 type=S
[C166] ASSIGN server=11 time=11 type=P
[C166] ASSIGN server=12 time=14 type=S
[C166] COMPLETE server=3
[C166] COMPLETE server=5
[C166] COMPLETE server=10
[C167] ASSIGN server=3 time=8 type=S
[C167] ASSIGN server=5 time=8 type=P
[C167] ASSIGN server=10 time=15 type=S
[C167] COMPLETE server=1
[C168] NEW REQUEST queued time=12 type=P
[C168] ASSIGN server=1 time=8 type=S
[C169] NEW REQUEST queued time=10 type=S
[C169] COMPLETE server=8
[C170] ASSIGN server=8 time=3 type=P
[C170] COMPLETE server=6
[C171] ASSIGN server=6 time=8 type=P
[C172] COMPLETE server=2
[C172] COMPLETE server=4
[C172] COMPLETE server=8
[C173] ASSIGN server=2 time=15 type=P
[C173] ASSIGN server=4 time=11 type=P
[C173] ASSIGN server=8 time=5 type=S
[C174] COMPLETE server=3
[C174] COMPLETE server=5
[C175] ASSIGN server=3 time=12 type=P
[C175] ASSIGN server=5 time=6 type=S
[C175] COMPLETE server=1
[C175] COMPLETE server=9
[C176] ASSIGN server=1 time=3 type=S
[C176] ASSIGN server=9 time=8 type=P
[C176] COMPLETE server=7
[C176] COMPLETE server=11
[C177] NEW REQUEST queued time=15 type=S
[C177] ASSIGN server=7 time=9 type=P
[C177] ASSIGN server=11 time=15 type=P
[C177] COMPLETE server=8
[C178] NEW REQUEST queued time=4 type=P
[C178] ASSIGN server=8 time=4 type=S
[C178] COMPLETE server=1
[C178] COMPLETE server=6
[C179] NEW REQUEST queued time=14 type=S
[C179] ASSIGN server=1 time=11 type=S
[C179] ASSIGN server=6 time=15 type=S
[C179] COMPLETE server=12
[C180] NEW REQUEST queued time=6 type=P
[C180] ASSIGN server=12 time=13 type=P
[C180] COMPLETE server=5
[C181] NEW REQUEST queued time=4 type=P
[C181] ASSIGN server=5 time=15 type=S
[C181] COMPLETE server=8
[C181] COMPLETE server=10
[C182] NEW REQUEST queued time=11 type=P
[C182] ASSIGN server=8 time=10 type=S
[C182] ASSIGN server=10 time=11 type=S
[C183] NEW REQUEST queued time=13 type=P
[C183] COMPLETE server=4
[C183] COMPLETE server=9
[C184] NEW REQUEST queued time=5 type=S
[C184] ASSIGN server=4 time=13 type=P
[C184] ASSIGN server=9 time=15 type=P
[C185] NEW REQUEST queued time=7 type=S
[C185] COMPLETE server=7
[C186] ASSIGN server=7 time=10 type=P
[C186] COMPLETE server=3
[C187] ASSIGN server=3 time=5 type=S
[C187] COMPLETE server=2
[C188] ASSIGN server=2 time=7 type=S
[C189] COMPLETE server=1
[C190] ASSIGN server=1 time=15 type=S
[C191] COMPLETE server=3
[C191] COMPLETE server=8
[C191] COMPLETE server=11
[C192] NEW REQUEST queued time=4 type=P
[C192] ASSIGN server=3 time=13 type=P
[C192] ASSIGN server=8 time=2 type=S
[C192] ASSIGN server=11 time=6 type=P
[C192] COMPLETE server=10
[C192] COMPLETE server=12
[C193] NEW REQUEST queued time=12 type=P
[C193] ASSIGN server=10 time=11 type=S
[C193] ASSIGN server=12 time=10 type=P
[C193] COMPLETE server=6
[C193] COMPLETE server=8
[C194] ASSIGN server=6 time=6 type=P
[C194] ASSIGN server=8 time=11 type=S
[C194] COMPLETE server=2
[C195] ASSIGN server=2 time=5 type=S
[C195] COMPLETE server=5
[C195] COMPLETE server=7
[C196] NEW REQUEST queued time=7 type=S
[C196] ASSIGN server=5 time=5 type=P
[C196] ASSIGN server=7 time=7 type=S
[C196] COMPLETE server=4
[C197] ASSIGN server=4 time=4 type=S
[C197] COMPLETE server=11
[C198] ASSIGN server=11 time=13 type=S
[C198] COMPLETE server=9
[C199] ASSIGN server=9 time=3 type=P
[C199] COMPLETE server=2
[C199] COMPLETE server=6
[C200] ASSIGN server=2 time=8 type=P
[C200] ASSIGN server=6 time=8 type=S
[C200] COMPLETE server=4
[C200] COMPLETE server=5
[C200] SNAPSHOT queue=774 servers=12 busy=10 cooldownLeft=0 completed=274 rejected=4
[C201] ASSIGN server=4 time=9 type=S
[C201] ASSIGN server=5 time=4 type=S
[C201] COMPLETE server=9
[C202] ASSIGN server=9 time=9 type=S
[C202] COMPLETE server=7
[C202] COMPLETE server=12
[C203] ASSIGN server=7 time=8 type=P
[C203] ASSIGN server=12 time=6 type=P
[C203] COMPLETE server=10
[C204] NEW REQUEST queued time=6 type=P
[C204] ASSIGN server=10 time=4 type=P
[C204] COMPLETE server=1
[C204] COMPLETE server=3
[C204] COMPLETE server=5
[C204] COMPLETE server=8
[C205] ASSIGN server=1 time=10 type=P
[C205] ASSIGN server=3 time=6 type=P
[C205] ASSIGN server=5 time=10 type=S
[C205] ASSIGN server=8 time=8 type=S
[C207] COMPLETE server=2
[C207] COMPLETE server=6
[C207] COMPLETE server=10
[C208] ASSIGN server=2 time=8 type=S
[C208] ASSIGN server=6 time=7 type=S
[C208] ASSIGN server=10 time=11 type=S
[C208] COMPLETE server=12
[C209] NEW REQUEST queued time=9 type=S
[C209] ASSIGN server=12 time=11 type=P
[C209] COMPLETE server=4
[C210] ASSIGN server=4 time=13 type=P
[C210] COMPLETE server=3
[C210] COMPLETE server=7
[C210] COMPLETE server=9
[C210] COMPLETE server=11
[C211] ASSIGN server=3 time=5 type=P
[C211] ASSIGN server=7 time=2 type=S
[C211] ASSIGN server=9 time=14 type=S
[C211] ASSIGN server=11 time=2 type=S
[C212] NEW REQUEST queued time=14 type=S
[C212] COMPLETE server=7
[C212] COMPLETE server=8
[C212] COMPLETE server=11
[C213] ASSIGN server=7 time=7 type=P
[C213] ASSIGN server=8 time=8 type=S
[C213] ASSIGN server=11 time=7 type=P
[C214] NEW REQUEST queued time=7 type=P
[C214] COMPLETE server=1
[C214] COMPLETE server=5
[C214] COMPLETE server=6
[C215] NEW REQUEST queued time=13 type=P
[C215] ASSIGN server=1 time=2 type=P
[C215] ASSIGN server=5 time=10 type=P
[C215] ASSIGN server=6 time=4 type=S
[C215] COMPLETE server=2
[C215] COMPLETE server=3
[C216] ASSIGN server=2 time=2 type=P
[C216] ASSIGN server=3 time=12 type=P
[C216] COMPLETE server=1
[C217] ASSIGN server=1 time=11 type=P
[C217] COMPLETE server=2
[C218] ASSIGN server=2 time=15 type=S
[C218] COMPLETE server=6
[C218] COMPLETE server=10
[C219] ASSIGN server=6 time=4 type=S
[C219] ASSIGN server=10 time=9 type=P
[C219] COMPLETE server=7
[C219] COMPLETE server=11
[C219] COMPLETE server=12
[C220] ASSIGN server=7 time=12 type=P
[C220] ASSIGN server=11 time=5 type=S
[C220] ASSIGN server=12 time=5 type=S
[C220] COMPLETE server=8
[C221] ASSIGN server=8 time=13 type=P
[C222] NEW REQUEST queued time=15 type=P
[C222] COMPLETE server=4
[C222] COMPLETE server=6
[C223] NEW REQUEST queued time=4 type=P
[C223] ASSIGN server=4 time=7 type=P
[C223] ASSIGN server=6 time=9 type=S
[C224] COMPLETE server=5
[C224] COMPLETE server=9
[C224] COMPLETE server=11
[C224] COMPLETE server=12
[C225] ASSIGN server=5 time=13 type=S
[C225] ASSIGN server=9 time=4 type=P
[C225] ASSIGN server=11 time=6 type=P
[C225] ASSIGN server=12 time=14 type=S
[C227] COMPLETE server=1
[C227] COMPLETE server=3
[C227] COMPLETE server=10
[C228] ASSIGN server=1 time=11 type=P
[C228] ASSIGN server=3 time=3 type=P
[C228] ASSIGN server=10 time=14 type=S
[C228] COMPLETE server=9
[C229] ASSIGN server=9 time=11 type=P
[C229] COMPLETE server=4
[C230] NEW REQUEST queued time=12 type=S
[C230] ASSIGN server=4 time=5 type=P
[C230] COMPLETE server=3
[C230] COMPLETE server=11
[C231] ASSIGN server=3 time=15 type=P
[C231] ASSIGN server=11 time=5 type=P
[C231] COMPLETE server=6
[C231] COMPLETE server=7
[C232] ASSIGN server=6 time=10 type=P
[C232] ASSIGN server=7 time=7 type=S
[C232] COMPLETE server=2
[C233] NEW REQUEST queued time=6 type=S
[C233] ASSIGN server=2 time=13 type=S
[C233] COMPLETE server=8
[C234] ASSIGN server=8 time=14 type=S
[C234] COMPLETE server=4
[C235] ASSIGN server=4 time=9 type=P
[C235] COMPLETE server=11
[C236] ASSIGN server=11 time=3 type=P
[C237] COMPLETE server=5
[C238] ASSIGN server=5 time=13 type=P
[C238] COMPLETE server=1
[C238] COMPLETE server=7
[C238] COMPLETE server=11
[C238] COMPLETE server=12
[C239] NEW REQUEST queued time=15 type=P
[C239] ASSIGN server=1 time=11 type=S
[C239] ASSIGN server=7 time=12 type=S
[C239] ASSIGN server=11 time=10 type=P
[C239] ASSIGN server=12 time=11 type=P
[C239] COMPLETE server=9
[C240] ASSIGN server=9 time=7 type=S
[C241] COMPLETE server=6
[C241] COMPLETE server=10
[C242] NEW REQUEST queued time=8 type=P
[C242] ASSIGN server=6 time=8 type=P
[C242] ASSIGN server=10 time=10 type=P
[C243] NEW REQUEST queued time=5 type=P
[C243] COMPLETE server=4
[C244] ASSIGN server=4 time=8 type=S
[C245] COMPLETE server=2
[C245] COMPLETE server=3
[C246] ASSIGN server=2 time=15 type=P
[C246] ASSIGN server=3 time=15 type=S
[C246] COMPLETE server=9
[C247] NEW REQUEST queued time=5 type=S
[C247] ASSIGN server=9 time=14 type=S
[C247] COMPLETE server=8
[C248] ASSIGN server=8 time=3 type=P
[C248] COMPLETE server=11
[C249] ASSIGN server=11 time=15 type=S
[C249] COMPLETE server=1
[C249] COMPLETE server=6
[C249] COMPLETE server=12
[C250] ASSIGN server=1 time=10 type=S
[C250] ASSIGN server=6 time=8 type=P
[C250] ASSIGN server=12 time=10 type=P
[C250] COMPLETE server=5
[C250] COMPLETE server=7
[C250] COMPLETE server=8
[C250] SNAPSHOT queue=716 servers=12 busy=9 cooldownLeft=0 completed=346 rejected=4
[C251] NEW REQUEST queued time=6 type=P
[C251] ASSIGN server=5 time=2 type=P
[C251] ASSIGN server=7 time=10 type=S
[C251] ASSIGN server=8 time=11 type=P
[C251] COMPLETE server=4
[C251] COMPLETE server=10
[C252] ASSIGN server=4 time=12 type=S
[C252] ASSIGN server=10 time=5 type=P
[C252] COMPLETE server=5
[C253] NEW REQUEST queued time=15 type=P
[C253] ASSIGN server=5 time=15 type=S
[C254] NEW REQUEST queued time=12 type=P
[C256] COMPLETE server=10
[C257] ASSIGN server=10 time=10 type=P
[C257] COMPLETE server=6
[C258] ASSIGN server=6 time=11 type=P
[C259] COMPLETE server=1
[C259] COMPLETE server=12
[C260] ASSIGN server=1 time=8 type=S
[C260] ASSIGN server=12 time=6 type=S
[C260] COMPLETE server=2
[C260] COMPLETE server=3
[C260] COMPLETE server=7
[C260] COMPLETE server=9
[C261] ASSIGN server=2 time=4 type=S
[C261] ASSIGN server=3 time=10 type=S
[C261] ASSIGN server=7 time=3 type=S
[C261] ASSIGN server=9 time=15 type=P
[C261] COMPLETE server=8
[C262] NEW REQUEST queued time=5 type=S
[C262] ASSIGN server=8 time=15 type=P
[C263] COMPLETE server=4
[C263] COMPLETE server=7
[C263] COMPLETE server=11
[C264] ASSIGN server=4 time=2 type=P
[C264] ASSIGN server=7 time=10 type=S
[C264] ASSIGN server=11 time=2 type=S
[C264] COMPLETE server=2
[C265] ASSIGN server=2 time=10 type=P
[C265] COMPLETE server=4
[C265] COMPLETE server=11
[C265] COMPLETE server=12
[C266] ASSIGN server=4 time=14 type=S
[C266] ASSIGN server=11 time=3 type=S
[C266] ASSIGN server=12 time=10 type=S
[C266] COMPLETE server=10
[C267] NEW REQUEST queued time=10 type=P
[C267] ASSIGN server=10 time=11 type=S
[C267] COMPLETE server=1
[C267] COMPLETE server=5
[C268] ASSIGN server=1 time=5 type=S
[C268] ASSIGN server=5 time=12 type=P
[C268] COMPLETE server=6
[C268] COMPLETE server=11
[C269] NEW REQUEST queued time=9 type=S
[C269] ASSIGN server=6 time=10 type=P
[C269] ASSIGN server=11 time=4 type=P
[C270] COMPLETE server=3
[C271] NEW REQUEST queued time=12 type=P
[C271] ASSIGN server=3 time=3 type=P
[C272] COMPLETE server=1
[C272] COMPLETE server=11
[C273] ASSIGN server=1 time=10 type=P
[C273] ASSIGN server=11 time=7 type=S
[C273] COMPLETE server=3
[C273] COMPLETE server=7
[C274] NEW REQUEST queued time=3 type=P
[C274] ASSIGN server=3 time=3 type=P
[C274] ASSIGN server=7 time=9 type=P
[C274] COMPLETE server=2
[C275] ASSIGN server=2 time=13 type=S
[C275] COMPLETE server=9
[C275] COMPLETE server=12
[C276] ASSIGN server=9 time=6 type=S
[C276] ASSIGN server=12 time=7 type=P
[C276] COMPLETE server=3
[C276] COMPLETE server=8
[C277] NEW REQUEST queued time=6 type=P
[C277] ASSIGN server=3 time=12 type=P
[C277] ASSIGN server=8 time=3 type=P
[C277] COMPLETE server=10
[C278] NEW REQUEST queued time=10 type=P
[C278] ASSIGN server=10 time=7 type=S
[C278] COMPLETE server=6
[C279] NEW REQUEST queued time=13 type=P
[C279] ASSIGN server=6 time=12 type=P
[C279] COMPLETE server=4
[C279] COMPLETE server=5
[C279] COMPLETE server=8
[C279] COMPLETE server=11
[C280] NEW REQUEST queued time=5 type=S
[C280] ASSIGN server=4 time=4 type=S
[C280] ASSIGN server=5 time=2 type=S
[C280] ASSIGN server=8 time=5 type=S
[C280] ASSIGN server=11 time=15 type=P
[C281] COMPLETE server=5
[C281] COMPLETE server=9
[C282] ASSIGN server=5 time=11 type=P
[C282] ASSIGN server=9 time=3 type=P
[C282] COMPLETE server=1
[C282] COMPLETE server=7
[C282] COMPLETE server=12
[C283] ASSIGN server=1 time=15 type=P
[C283] ASSIGN server=7 time=10 type=P
[C283] ASSIGN server=12 time=8 type=P
[C283] COMPLETE server=4
[C284] ASSIGN server=4 time=2 type=P
[C284] COMPLETE server=8
[C284] COMPLETE server=9
[C284] COMPLETE server=10
[C285] ASSIGN server=8 time=14 type=S
[C285] ASSIGN server=9 time=11 type=S
[C285] ASSIGN server=10 time=11 type=P
[C285] COMPLETE server=4
[C286] ASSIGN server=4 time=8 type=P
[C287] NEW REQUEST queued time=2 type=S
[C287] COMPLETE server=2
[C288] ASSIGN server=2 time=2 type=S
[C288] COMPLETE server=3
[C289] ASSIGN server=3 time=5 type=P
[C289] COMPLETE server=2
[C290] ASSIGN server=2 time=15 type=P
[C290] COMPLETE server=6
[C290] COMPLETE server=12
[C291] ASSIGN server=6 time=11 type=S
[C291] ASSIGN server=12 time=6 type=P
[C292] NEW REQUEST queued time=6 type=S
[C292] COMPLETE server=5
[C292] COMPLETE server=7
[C293] ASSIGN server=5 time=8 type=P
[C293] ASSIGN server=7 time=14 type=S
[C293] COMPLETE server=3
[C293] COMPLETE server=4
[C294] ASSIGN server=3 time=13 type=P
[C294] ASSIGN server=4 time=8 type=P
[C294] COMPLETE server=11
[C295] NEW REQUEST queued time=8 type=S
[C295] ASSIGN server=11 time=13 type=P
[C295] COMPLETE server=9
[C295] COMPLETE server=10
[C296] ASSIGN server=9 time=15 type=P
[C296] ASSIGN server=10 time=3 type=P
[C296] COMPLETE server=12
[C297] ASSIGN server=12 time=9 type=P
[C297] COMPLETE server=1
[C298] ASSIGN server=1 time=2 type=P
[C298] COMPLETE server=8
[C298] COMPLETE server=10
[C299] NEW REQUEST queued time=10 type=S
[C299] ASSIGN server=8 time=3 type=P
[C299] ASSIGN server=10 time=7 type=S
[C299] COMPLETE server=1
[C300] ASSIGN server=1 time=11 type=P
[C300] COMPLETE server=5
[C300] SNAPSHOT queue=662 servers=12 busy=11 cooldownLeft=0 completed=414 rejected=4
[C301] NEW REQUEST queued time=4 type=P
[C301] ASSIGN server=5 time=14 type=S
[C301] COMPLETE server=4
[C301] COMPLETE server=6
[C301] COMPLETE server=8
[C302] ASSIGN server=4 time=11 type=S
[C302] ASSIGN server=6 time=2 type=S
[C302] ASSIGN server=8 time=7 type=P
[C303] COMPLETE server=6
[C304] ASSIGN server=6 time=7 type=S
[C304] COMPLETE server=2
[C305] ASSIGN server=2 time=5 type=P
[C305] COMPLETE server=10
[C305] COMPLETE server=12
[C306] ASSIGN server=10 time=12 type=S
[C306] ASSIGN server=12 time=6 type=P
[C306] COMPLETE server=3
[C306] COMPLETE server=7
[C307] NEW REQUEST queued time=7 type=P
[C307] ASSIGN server=3 time=11 type=P
[C307] ASSIGN server=7 time=11 type=S
[C307] COMPLETE server=11
[C308] NEW REQUEST queued time=2 type=P
[C308] ASSIGN server=11 time=4 type=S
[C308] COMPLETE server=8
[C309] NEW REQUEST queued time=11 type=S
[C309] ASSIGN server=8 time=7 type=S
[C309] COMPLETE server=2
[C310] ASSIGN server=2 time=11 type=S
[C310] COMPLETE server=1
[C310] COMPLETE server=6
[C310] COMPLETE server=9
[C311] ASSIGN server=1 time=8 type=P
[C311] ASSIGN server=6 time=5 type=P
[C311] ASSIGN server=9 time=10 type=S
[C311] COMPLETE server=11
[C311] COMPLETE server=12
[C312] NEW REQUEST queued time=12 type=S
[C312] ASSIGN server=11 time=12 type=P
[C312] ASSIGN server=12 time=13 type=S
[C312] COMPLETE server=4
[C313] ASSIGN server=4 time=9 type=P
[C314] COMPLETE server=5
[C315] ASSIGN server=5 time=12 type=P
[C315] COMPLETE server=6
[C315] COMPLETE server=8
[C316] NEW REQUEST queued time=14 type=S
[C316] ASSIGN server=6 time=11 type=S
[C316] ASSIGN server=8 time=6 type=S
[C317] COMPLETE server=3
[C317] COMPLETE server=7
[C317] COMPLETE server=10
[C318] ASSIGN server=3 time=4 type=S
[C318] ASSIGN server=7 time=4 type=P
[C318] ASSIGN server=10 time=3 type=P
[C318] COMPLETE server=1
[C319] ASSIGN server=1 time=9 type=S
[C320] COMPLETE server=2
[C320] COMPLETE server=9
[C320] COMPLETE server=10
[C321] ASSIGN server=2 time=8 type=P
[C321] ASSIGN server=9 time=9 type=S
[C321] ASSIGN server=10 time=9 type=P
[C321] COMPLETE server=3
[C321] COMPLETE server=4
[C321] COMPLETE server=7
[C321] COMPLETE server=8
[C322] ASSIGN server=3 time=15 type=P
[C322] ASSIGN server=4 time=5 type=P
[C322] ASSIGN server=7 time=15 type=S
[C322] ASSIGN server=8 time=3 type=S
[C323] COMPLETE server=11
[C324] ASSIGN server=11 time=11 type=P
[C324] COMPLETE server=8
[C324] COMPLETE server=12
[C325] ASSIGN server=8 time=4 type=S
[C325] ASSIGN server=12 time=12 type=S
[C326] COMPLETE server=4
[C326] COMPLETE server=5
[C326] COMPLETE server=6
[C327] ASSIGN server=4 time=11 type=P
[C327] ASSIGN server=5 time=13 type=P
[C327] ASSIGN server=6 time=9 type=P
[C327] COMPLETE server=1
[C328] ASSIGN server=1 time=11 type=S
[C328] COMPLETE server=2
[C328] COMPLETE server=8
[C329] NEW REQUEST queued time=15 type=P
[C329] ASSIGN server=2 time=10 type=S
[C329] ASSIGN server=8 time=8 type=S
[C329] COMPLETE server=9
[C329] COMPLETE server=10
[C330] NEW REQUEST queued time=4 type=P
[C330] ASSIGN server=9 time=2 type=S
[C330] ASSIGN server=10 time=14 type=P
[C331] COMPLETE server=9
[C332] NEW REQUEST queued time=12 type=P
[C332] ASSIGN server=9 time=10 type=S
[C334] NEW REQUEST queued time=12 type=P
[C334] COMPLETE server=11
[C335] ASSIGN server=11 time=12 type=P
[C335] COMPLETE server=6
[C336] ASSIGN server=6 time=11 type=P
[C336] COMPLETE server=3
[C336] COMPLETE server=7
[C336] COMPLETE server=8
[C336] COMPLETE server=12
[C337] ASSIGN server=3 time=15 type=P
[C337] ASSIGN server=7 time=10 type=P
[C337] ASSIGN server=8 time=14 type=S
[C337] ASSIGN server=12 time=2 type=S
[C337] COMPLETE server=4
[C338] ASSIGN server=4 time=15 type=P
[C338] COMPLETE server=1
[C338] COMPLETE server=2
[C338] COMPLETE server=12
[C339] ASSIGN server=1 time=9 type=S
[C339] ASSIGN server=2 time=8 type=P
[C339] ASSIGN server=12 time=10 type=P
[C339] COMPLETE server=5
[C340] ASSIGN server=5 time=3 type=P
[C341] COMPLETE server=9
[C342] ASSIGN server=9 time=11 type=S
[C342] COMPLETE server=5
[C343] ASSIGN server=5 time=14 type=S
[C343] COMPLETE server=10
[C344] ASSIGN server=10 time=8 type=S
[C345] NEW REQUEST queued time=4 type=P
[C346] COMPLETE server=2
[C346] COMPLETE server=6
[C346] COMPLETE server=7
[C346] COMPLETE server=11
[C347] ASSIGN server=2 time=9 type=S
[C347] ASSIGN server=6 time=3 type=P
[C347] ASSIGN server=7 time=14 type=S
[C347] ASSIGN server=11 time=7 type=S
[C347] COMPLETE server=1
[C348] ASSIGN server=1 time=13 type=P
[C348] COMPLETE server=12
[C349] NEW REQUEST queued time=7 type=S
[C349] ASSIGN server=12 time=12 type=S
[C349] COMPLETE server=6
[C350] ASSIGN server=6 time=6 type=P
[C350] COMPLETE server=8
[C350] SNAPSHOT queue=608 servers=12 busy=11 cooldownLeft=0 completed=480 rejected=4
[C351] ASSIGN server=8 time=10 type=S
[C351] COMPLETE server=3
[C351] COMPLETE server=10
[C352] NEW REQUEST queued time=3 type=P
[C352] ASSIGN server=3 time=12 type=S
[C352] ASSIGN server=10 time=7 type=P
[C352] COMPLETE server=4
[C352] COMPLETE server=9
[C353] NEW REQUEST queued time=12 type=P
[C353] ASSIGN server=4 time=12 type=S
[C353] ASSIGN server=9 time=5 type=P
[C353] COMPLETE server=11
[C354] NEW REQUEST queued time=5 type=P
[C354] ASSIGN server=11 time=2 type=P
[C355] COMPLETE server=2
[C355] COMPLETE server=6
[C355] COMPLETE server=11
[C356] ASSIGN server=2 time=8 type=S
[C356] ASSIGN server=6 time=8 type=P
[C356] ASSIGN server=11 time=11 type=P
[C356] COMPLETE server=5
[C357] ASSIGN server=5 time=8 type=P
[C357] COMPLETE server=9
[C358] ASSIGN server=9 time=10 type=S
[C358] COMPLETE server=10
[C359] ASSIGN server=10 time=8 type=P
[C359] SCALE DOWN removed=12 -> servers=11 cooldown=25
[C360] COMPLETE server=1
[C360] COMPLETE server=7
[C360] COMPLETE server=8
[C361] NEW REQUEST queued time=10 type=P
[C361] ASSIGN server=1 time=2 type=S
[C361] ASSIGN server=7 time=10 type=P
[C361] ASSIGN server=8 time=3 type=S
[C362] COMPLETE server=1
[C363] ASSIGN server=1 time=2 type=S
[C363] COMPLETE server=2
[C363] COMPLETE server=3
[C363] COMPLETE server=6
[C363] COMPLETE server=8
[C364] ASSIGN server=2 time=8 type=S
[C364] ASSIGN server=3 time=8 type=P
[C364] ASSIGN server=6 time=8 type=S
[C364] ASSIGN server=8 time=11 type=S
[C364] COMPLETE server=1
[C364] COMPLETE server=4
[C364] COMPLETE server=5
[C365] ASSIGN server=1 time=6 type=P
[C365] ASSIGN server=4 time=14 type=P
[C365] ASSIGN server=5 time=5 type=P
[C366] COMPLETE server=10
[C366] COMPLETE server=11
[C367] NEW REQUEST queued time=7 type=S
[C367] ASSIGN server=10 time=10 type=S
[C367] ASSIGN server=11 time=11 type=P
[C367] COMPLETE server=9
[C368] NEW REQUEST queued time=10 type=S
[C368] ASSIGN server=9 time=5 type=S
[C369] COMPLETE server=5
[C370] ASSIGN server=5 time=4 type=S
[C370] COMPLETE server=1
[C370] COMPLETE server=7
[C371] ASSIGN server=1 time=7 type=P
[C371] ASSIGN server=7 time=4 type=S
[C371] COMPLETE server=2
[C371] COMPLETE server=3
[C371] COMPLETE server=6
[C372] NEW REQUEST queued time=5 type=P
[C372] ASSIGN server=2 time=3 type=S
[C372] ASSIGN server=3 time=11 type=S
[C372] ASSIGN server=6 time=3 type=S
[C372] COMPLETE server=9
[C373] NEW REQUEST queued time=3 type=S
[C373] ASSIGN server=9 time=9 type=S
[C373] COMPLETE server=5
[C374] NEW REQUEST queued time=12 type=S
[C374] ASSIGN server=5 time=9 type=P
[C374] COMPLETE server=2
[C374] COMPLETE server=6
[C374] COMPLETE server=7
[C374] COMPLETE server=8
[C375] ASSIGN server=2 time=13 type=S
[C375] ASSIGN server=6 time=14 type=P
[C375] ASSIGN server=7 time=9 type=P
[C375] ASSIGN server=8 time=2 type=S
[C376] COMPLETE server=8
[C376] COMPLETE server=10
[C377] NEW REQUEST queued time=6 type=P
[C377] ASSIGN server=8 time=13 type=P
[C377] ASSIGN server=10 time=7 type=S
[C377] COMPLETE server=1
[C377] COMPLETE server=11
[C378] ASSIGN server=1 time=12 type=S
[C378] ASSIGN server=11 time=11 type=P
[C378] COMPLETE server=4
[C379] NEW REQUEST queued time=5 type=P
[C379] ASSIGN server=4 time=3 type=S
[C380] NEW REQUEST queued time=5 type=P
[C381] COMPLETE server=4
[C381] COMPLETE server=9
[C382] ASSIGN server=4 time=9 type=S
[C382] ASSIGN server=9 time=12 type=S
[C382] COMPLETE server=3
[C382] COMPLETE server=5
[C383] ASSIGN server=3 time=5 type=P
[C383] ASSIGN server=5 time=6 type=P
[C383] COMPLETE server=7
[C383] COMPLETE server=10
[C384] ASSIGN server=7 time=12 type=S
[C384] ASSIGN server=10 time=5 type=S
[C385] NEW REQUEST queued time=15 type=P
[C387] NEW REQUEST queued time=5 type=S
[C387] COMPLETE server=2
[C387] COMPLETE server=3
[C388] NEW REQUEST queued time=14 type=P
[C388] ASSIGN server=2 time=10 type=S
[C388] ASSIGN server=3 time=13 type=P
[C388] COMPLETE server=5
[C388] COMPLETE server=6
[C388] COMPLETE server=10
[C388] COMPLETE server=11
[C389] ASSIGN server=5 time=10 type=S
[C389] ASSIGN server=6 time=5 type=P
[C389] ASSIGN server=10 time=15 type=S
[C389] ASSIGN server=11 time=10 type=S
[C389] COMPLETE server=1
[C389] COMPLETE server=8
[C390] ASSIGN server=1 time=6 type=S
[C390] ASSIGN server=8 time=6 type=S
[C390] COMPLETE server=4
[C391] ASSIGN server=4 time=14 type=P
[C393] COMPLETE server=6
[C393] COMPLETE server=9
[C394] ASSIGN server=6 time=8 type=S
[C394] ASSIGN server=9 time=11 type=P
[C395] COMPLETE server=1
[C395] COMPLETE server=7
[C395] COMPLETE server=8
[C396] ASSIGN server=1 time=14 type=P
[C396] ASSIGN server=7 time=15 type=S
[C396] ASSIGN server=8 time=15 type=S
[C397] NEW REQUEST queued time=6 type=P
[C397] COMPLETE server=2
[C398] ASSIGN server=2 time=14 type=S
[C398] COMPLETE server=5
[C398] COMPLETE server=11
[C399] NEW REQUEST queued time=6 type=S
[C399] ASSIGN server=5 time=6 type=P
[C399] ASSIGN server=11 time=15 type=S
[C400] COMPLETE server=3
[C400] SNAPSHOT queue=559 servers=11 busy=10 cooldownLeft=0 completed=546 rejected=4
[C401] NEW REQUEST queued time=3 type=S
[C401] ASSIGN server=3 time=14 type=P
[C401] COMPLETE server=6
[C402] ASSIGN server=6 time=13 type=S
[C403] NEW REQUEST queued time=6 type=P
[C403] COMPLETE server=10
[C404] NEW REQUEST queued time=3 type=S
[C404] ASSIGN server=10 time=3 type=P
[C404] COMPLETE server=4
[C404] COMPLETE server=5
[C404] COMPLETE server=9
[C405] ASSIGN server=4 time=9 type=P
[C405] ASSIGN server=5 time=8 type=P
[C405] ASSIGN server=9 time=14 type=P
[C406] COMPLETE server=10
[C407] ASSIGN server=10 time=4 type=S
[C409] COMPLETE server=1
[C410] NEW REQUEST queued time=3 type=S
[C410] ASSIGN server=1 time=9 type=P
[C410] COMPLETE server=7
[C410] COMPLETE server=8
[C410] COMPLETE server=10
[C411] NEW REQUEST queued time=4 type=P
[C411] ASSIGN server=7 time=9 type=S
[C411] ASSIGN server=8 time=8 type=P
[C411] ASSIGN server=10 time=5 type=S
[C411] COMPLETE server=2
[C412] ASSIGN server=2 time=15 type=S
[C412] COMPLETE server=5
[C413] NEW REQUEST queued time=7 type=S
[C413] ASSIGN server=5 time=13 type=P
[C413] COMPLETE server=4
[C413] COMPLETE server=11
[C414] ASSIGN server=4 time=3 type=S
[C414] ASSIGN server=11 time=7 type=S
[C414] COMPLETE server=3
[C414] COMPLETE server=6
[C415] ASSIGN server=3 time=7 type=S
[C415] ASSIGN server=6 time=7 type=S
[C415] COMPLETE server=10
[C415] SCALE DOWN removed=10 -> servers=10 cooldown=25
[C416] COMPLETE server=4
[C417] ASSIGN server=4 time=15 type=P
[C418] COMPLETE server=1
[C418] COMPLETE server=8
[C418] COMPLETE server=9
[C419] ASSIGN server=1 time=14 type=P
[C419] ASSIGN server=8 time=4 type=P
[C419] ASSIGN server=9 time=12 type=S
[C419] COMPLETE server=7
[C420] ASSIGN server=7 time=11 type=P
[C420] COMPLETE server=11
[C421] ASSIGN server=11 time=10 type=S
[C421] COMPLETE server=3
[C421] COMPLETE server=6
[C422] ASSIGN server=3 time=6 type=P
[C422] ASSIGN server=6 time=7 type=P
[C422] COMPLETE server=8
[C423] ASSIGN server=8 time=15 type=P
[C425] COMPLETE server=5
[C426] ASSIGN server=5 time=13 type=S
[C426] COMPLETE server=2
[C427] NEW REQUEST queued time=9 type=P
[C427] ASSIGN server=2 time=12 type=S
[C427] COMPLETE server=3
[C428] NEW REQUEST queued time=2 type=S
[C428] ASSIGN server=3 time=6 type=P
[C428] COMPLETE server=6
[C429] ASSIGN server=6 time=12 type=S
[C430] COMPLETE server=7
[C430] COMPLETE server=9
[C430] COMPLETE server=11
[C431] NEW REQUEST queued time=6 type=P
[C431] ASSIGN server=7 time=15 type=S
[C431] ASSIGN server=9 time=6 type=P
[C431] ASSIGN server=11 time=5 type=S
[C431] COMPLETE server=4
[C432] ASSIGN server=4 time=15 type=P
[C432] COMPLETE server=1
[C433] ASSIGN server=1 time=10 type=P
[C433] COMPLETE server=3
[C434] ASSIGN server=3 time=12 type=P
[C435] NEW REQUEST queued time=11 type=P
[C435] COMPLETE server=11
[C436] NEW REQUEST queued time=8 type=P
[C436] ASSIGN server=11 time=8 type=S
[C436] COMPLETE server=9
[C437] ASSIGN server=9 time=9 type=P
[C437] COMPLETE server=8
[C438] ASSIGN server=8 time=3 type=P
[C438] COMPLETE server=2
[C438] COMPLETE server=5
[C439] ASSIGN server=2 time=15 type=S
[C439] ASSIGN server=5 time=15 type=P
[C440] COMPLETE server=6
[C440] COMPLETE server=8
[C441] NEW REQUEST queued time=11 type=P
[C441] ASSIGN server=6 time=6 type=S
[C441] ASSIGN server=8 time=2 type=S
[C442] COMPLETE server=1
[C442] COMPLETE server=8
[C443] ASSIGN server=1 time=10 type=P
[C443] ASSIGN server=8 time=6 type=S
[C443] COMPLETE server=11
[C444] ASSIGN server=11 time=7 type=P
[C445] COMPLETE server=3
[C445] COMPLETE server=7
[C445] COMPLETE server=9
[C446] ASSIGN server=3 time=5 type=P
[C446] ASSIGN server=7 time=15 type=P
[C446] ASSIGN server=9 time=8 type=P
[C446] COMPLETE server=4
[C446] COMPLETE server=6
[C447] ASSIGN server=4 time=3 type=P
[C447] ASSIGN server=6 time=7 type=S
[C448] COMPLETE server=8
[C449] NEW REQUEST queued time=5 type=P
[C449] ASSIGN server=8 time=2 type=P
[C449] COMPLETE server=4
[C450] ASSIGN server=4 time=13 type=S
[C450] COMPLETE server=3
[C450] COMPLETE server=8
[C450] COMPLETE server=11
[C450] SNAPSHOT queue=519 servers=10 busy=7 cooldownLeft=0 completed=602 rejected=4
[C451] NEW REQUEST queued time=4 type=S
[C451] ASSIGN server=3 time=10 type=P
[C451] ASSIGN server=8 time=13 type=S
[C451] ASSIGN server=11 time=14 type=P
[C452] COMPLETE server=1
[C453] ASSIGN server=1 time=13 type=P
[C453] COMPLETE server=2
[C453] COMPLETE server=5
[C453] COMPLETE server=6
[C453] COMPLETE server=9
[C454] ASSIGN server=2 time=14 type=P
[C454] ASSIGN server=5 time=7 type=S
[C454] ASSIGN server=6 time=4 type=S
[C454] ASSIGN server=9 time=12 type=P
[C456] NEW REQUEST queued time=10 type=S
[C457] COMPLETE server=6
[C458] ASSIGN server=6 time=13 type=P
[C459] NEW REQUEST queued time=10 type=P
[C460] NEW REQUEST queued time=13 type=S
[C460] COMPLETE server=3
[C460] COMPLETE server=5
[C460] COMPLETE server=7
[C461] NEW REQUEST queued time=5 type=P
[C461] ASSIGN server=3 time=5 type=P
[C461] ASSIGN server=5 time=12 type=P
[C461] ASSIGN server=7 time=10 type=P
[C462] COMPLETE server=4
[C463] ASSIGN server=4 time=2 type=P
[C463] COMPLETE server=8
[C464] NEW REQUEST queued time=7 type=S
[C464] ASSIGN server=8 time=14 type=S
[C464] COMPLETE server=4
[C464] COMPLETE server=11
[C465] ASSIGN server=4 time=5 type=S
[C465] ASSIGN server=11 time=4 type=P
[C465] COMPLETE server=1
[C465] COMPLETE server=3
[C465] COMPLETE server=9
[C466] ASSIGN server=1 time=6 type=P
[C466] ASSIGN server=3 time=6 type=P
[C466] ASSIGN server=9 time=12 type=S
[C467] NEW REQUEST queued time=15 type=P
[C467] COMPLETE server=2
[C468] ASSIGN server=2 time=12 type=S
[C468] COMPLETE server=11
[C469] NEW REQUEST queued time=11 type=S
[C469] ASSIGN server=11 time=9 type=S
[C469] COMPLETE server=4
[C470] NEW REQUEST queued time=7 type=P
[C470] ASSIGN server=4 time=4 type=S
[C470] COMPLETE server=6
[C470] COMPLETE server=7
[C471] ASSIGN server=6 time=13 type=S
[C471] ASSIGN server=7 time=4 type=P
[C471] COMPLETE server=1
[C471] COMPLETE server=3
[C472] NEW REQUEST queued time=3 type=S
[C472] ASSIGN server=1 time=6 type=S
[C472] ASSIGN server=3 time=3 type=S
[C472] COMPLETE server=5
[C473] ASSIGN server=5 time=9 type=S
[C473] COMPLETE server=4
[C474] ASSIGN server=4 time=15 type=S
[C474] COMPLETE server=3
[C474] COMPLETE server=7
[C475] ASSIGN server=3 time=4 type=S
[C475] ASSIGN server=7 time=12 type=P
[C475] SCALE DOWN removed=11 -> servers=9 cooldown=25
[C477] COMPLETE server=1
[C477] COMPLETE server=8
[C477] COMPLETE server=9
[C478] ASSIGN server=1 time=15 type=P
[C478] ASSIGN server=8 time=3 type=P
[C478] ASSIGN server=9 time=5 type=S
[C478] COMPLETE server=3
[C479] NEW REQUEST queued time=3 type=P
[C479] ASSIGN server=3 time=7 type=P
[C479] COMPLETE server=2
[C480] NEW REQUEST queued time=11 type=P
[C480] ASSIGN server=2 time=11 type=P
[C480] COMPLETE server=8
[C481] NEW REQUEST queued time=15 type=S
[C481] ASSIGN server=8 time=9 type=S
[C481] COMPLETE server=5
[C482] ASSIGN server=5 time=6 type=P
[C482] COMPLETE server=9
[C483] ASSIGN server=9 time=14 type=P
[C483] COMPLETE server=6
[C484] ASSIGN server=6 time=14 type=P
[C485] COMPLETE server=3
[C486] ASSIGN server=3 time=7 type=S
[C486] COMPLETE server=7
[C487] ASSIGN server=7 time=2 type=S
[C487] COMPLETE server=5
[C488] ASSIGN server=5 time=6 type=S
[C488] COMPLETE server=4
[C488] COMPLETE server=7
[C489] NEW REQUEST queued time=2 type=S
[C489] ASSIGN server=4 time=4 type=P
[C489] ASSIGN server=7 time=5 type=S
[C489] COMPLETE server=8
[C490] NEW REQUEST queued time=14 type=P
[C490] ASSIGN server=8 time=11 type=P
[C490] COMPLETE server=2
[C491] ASSIGN server=2 time=2 type=S
[C492] COMPLETE server=1
[C492] COMPLETE server=2
[C492] COMPLETE server=3
[C492] COMPLETE server=4
[C493] ASSIGN server=1 time=7 type=S
[C493] ASSIGN server=2 time=9 type=S
[C493] ASSIGN server=3 time=5 type=S
[C493] ASSIGN server=4 time=14 type=P
[C493] COMPLETE server=5
[C493] COMPLETE server=7
[C494] ASSIGN server=5 time=3 type=P
[C494] ASSIGN server=7 time=11 type=P
[C496] NEW REQUEST queued time=7 type=S
[C496] COMPLETE server=5
[C496] COMPLETE server=9
[C497] NEW REQUEST queued time=12 type=P
[C497] ASSIGN server=5 time=9 type=S
[C497] ASSIGN server=9 time=12 type=S
[C497] COMPLETE server=3
[C497] COMPLETE server=6
[C498] ASSIGN server=3 time=13 type=S
[C498] ASSIGN server=6 time=12 type=S
[C499] COMPLETE server=1
[C500] ASSIGN server=1 time=3 type=P
[C500] COMPLETE server=8
[C500] SNAPSHOT queue=479 servers=9 busy=8 cooldownLeft=0 completed=657 rejected=4
[C501] NEW REQUEST queued time=3 type=P
[C501] ASSIGN server=8 time=6 type=S
[C501] COMPLETE server=2
[C502] ASSIGN server=2 time=13 type=S
[C502] COMPLETE server=1
[C503] ASSIGN server=1 time=3 type=P
[C504] NEW REQUEST queued time=3 type=S
[C504] COMPLETE server=7
[C505] ASSIGN server=7 time=14 type=P
[C505] COMPLETE server=1
[C505] COMPLETE server=5
[C506] ASSIGN server=1 time=3 type=P
[C506] ASSIGN server=5 time=11 type=P
[C506] COMPLETE server=4
[C506] COMPLETE server=8
[C507] ASSIGN server=4 time=7 type=P
[C507] ASSIGN server=8 time=5 type=S
[C508] COMPLETE server=1
[C508] COMPLETE server=9
[C509] NEW REQUEST queued time=11 type=S
[C509] ASSIGN server=1 time=3 type=S
[C509] ASSIGN server=9 time=3 type=P
[C509] COMPLETE server=6
[C510] NEW REQUEST queued time=9 type=S
[C510] ASSIGN server=6 time=3 type=P
[C510] COMPLETE server=3
[C511] ASSIGN server=3 time=10 type=S
[C511] COMPLETE server=1
[C511] COMPLETE server=8
[C511] COMPLETE server=9
[C512] ASSIGN server=1 time=12 type=S
[C512] ASSIGN server=8 time=10 type=P
[C512] ASSIGN server=9 time=10 type=P
[C512] COMPLETE server=6
[C513] NEW REQUEST queued time=2 type=S
[C513] ASSIGN server=6 time=13 type=P
[C513] COMPLETE server=4
[C514] ASSIGN server=4 time=11 type=S
[C514] COMPLETE server=2
[C515] ASSIGN server=2 time=5 type=P
[C516] COMPLETE server=5
[C517] NEW REQUEST queued time=14 type=P
[C517] ASSIGN server=5 time=3 type=P
[C518] COMPLETE server=7
[C519] ASSIGN server=7 time=8 type=P
[C519] COMPLETE server=2
[C519] COMPLETE server=5
[C520] ASSIGN server=2 time=11 type=P
[C520] ASSIGN server=5 time=8 type=S
[C520] COMPLETE server=3
[C521] ASSIGN server=3 time=13 type=P
[C521] COMPLETE server=8
[C521] COMPLETE server=9
[C522] ASSIGN server=8 time=15 type=S
[C522] ASSIGN server=9 time=6 type=P
[C523] NEW REQUEST queued time=14 type=P
[C523] COMPLETE server=1
[C524] ASSIGN server=1 time=5 type=S
[C524] COMPLETE server=4
[C525] NEW REQUEST queued time=15 type=P
[C525] ASSIGN server=4 time=15 type=S
[C525] COMPLETE server=6
[C526] ASSIGN server=6 time=5 type=P
[C526] COMPLETE server=7
[C527] ASSIGN server=7 time=10 type=P
[C527] COMPLETE server=5
[C527] COMPLETE server=9
[C528] ASSIGN server=5 time=11 type=P
[C528] ASSIGN server=9 time=4 type=P
[C528] COMPLETE server=1
[C529] ASSIGN server=1 time=15 type=P
[C530] NEW REQUEST queued time=3 type=P
[C530] COMPLETE server=2
[C530] COMPLETE server=6
[C531] NEW REQUEST queued time=10 type=P
[C531] ASSIGN server=2 time=3 type=S
[C531] ASSIGN server=6 time=5 type=P
[C531] COMPLETE server=9
[C532] ASSIGN server=9 time=12 type=P
[C533] COMPLETE server=2
[C533] COMPLETE server=3
[C534] NEW REQUEST queued time=14 type=S
[C534] ASSIGN server=2 time=3 type=S
[C534] ASSIGN server=3 time=7 type=S
[C535] COMPLETE server=6
[C536] NEW REQUEST queued time=9 type=P
[C536] ASSIGN server=6 time=15 type=S
[C536] COMPLETE server=2
[C536] COMPLETE server=7
[C536] COMPLETE server=8
[C537] ASSIGN server=2 time=15 type=S
[C537] ASSIGN server=7 time=2 type=P
[C537] ASSIGN server=8 time=9 type=S
[C538] COMPLETE server=5
[C538] COMPLETE server=7
[C539] ASSIGN server=5 time=7 type=P
[C539] ASSIGN server=7 time=15 type=P
[C539] COMPLETE server=4
[C539] SCALE DOWN removed=4 -> servers=8 cooldown=25
[C540] NEW REQUEST queued time=3 type=P
[C540] COMPLETE server=3
[C541] NEW REQUEST queued time=15 type=P
[C541] ASSIGN server=3 time=7 type=P
[C543] COMPLETE server=1
[C543] COMPLETE server=9
[C544] ASSIGN server=1 time=11 type=S
[C544] ASSIGN server=9 time=4 type=P
[C545] COMPLETE server=5
[C545] COMPLETE server=8
[C546] ASSIGN server=5 time=3 type=S
[C546] ASSIGN server=8 time=5 type=S
[C547] COMPLETE server=3
[C547] COMPLETE server=9
[C548] ASSIGN server=3 time=15 type=P
[C548] ASSIGN server=9 time=3 type=S
[C548] COMPLETE server=5
[C549] ASSIGN server=5 time=8 type=P
[C550] COMPLETE server=6
[C550] COMPLETE server=8
[C550] COMPLETE server=9
[C550] SNAPSHOT queue=442 servers=8 busy=5 cooldownLeft=14 completed=711 rejected=4
[C551] ASSIGN server=6 time=12 type=S
[C551] ASSIGN server=8 time=10 type=P
[C551] ASSIGN server=9 time=7 type=P
[C551] COMPLETE server=2
[C552] ASSIGN server=2 time=6 type=P
[C553] COMPLETE server=7
[C554] ASSIGN server=7 time=9 type=S
[C554] COMPLETE server=1
[C555] ASSIGN server=1 time=5 type=P
[C556] COMPLETE server=5
[C557] ASSIGN server=5 time=7 type=P
[C557] COMPLETE server=2
[C557] COMPLETE server=9
[C558] ASSIGN server=2 time=9 type=S
[C558] ASSIGN server=9 time=4 type=S
[C559] COMPLETE server=1
[C560] ASSIGN server=1 time=5 type=S
[C560] COMPLETE server=8
[C561] NEW REQUEST queued time=11 type=P
[C561] ASSIGN server=8 time=5 type=S
[C561] COMPLETE server=9
[C562] ASSIGN server=9 time=11 type=P
[C562] COMPLETE server=3
[C562] COMPLETE server=6
[C562] COMPLETE server=7
[C563] NEW REQUEST queued time=14 type=S
[C563] ASSIGN server=3 time=14 type=P
[C563] ASSIGN server=6 time=4 type=S
[C563] ASSIGN server=7 time=12 type=S
[C563] COMPLETE server=5
[C564] NEW REQUEST queued time=10 type=P
[C564] ASSIGN server=5 time=13 type=P
[C564] COMPLETE server=1
[C565] ASSIGN server=1 time=2 type=S
[C565] COMPLETE server=8
[C566] NEW REQUEST queued time=4 type=S
[C566] ASSIGN server=8 time=10 type=P
[C566] COMPLETE server=1
[C566] COMPLETE server=2
[C566] COMPLETE server=6
[C567] ASSIGN server=1 time=8 type=P
[C567] ASSIGN server=2 time=13 type=S
[C567] ASSIGN server=6 time=11 type=P
[C568] NEW REQUEST queued time=10 type=S
[C570] NEW REQUEST queued time=11 type=P
[C572] COMPLETE server=9
[C573] NEW REQUEST queued time=4 type=P
[C573] ASSIGN server=9 time=2 type=S
[C574] COMPLETE server=1
[C574] COMPLETE server=7
[C574] COMPLETE server=9
[C575] NEW REQUEST queued time=7 type=S
[C575] ASSIGN server=1 time=2 type=S
[C575] ASSIGN server=7 time=5 type=P
[C575] ASSIGN server=9 time=9 type=S
[C575] COMPLETE server=8
[C576] ASSIGN server=8 time=10 type=P
[C576] COMPLETE server=1
[C576] COMPLETE server=3
[C576] COMPLETE server=5
[C577] ASSIGN server=1 time=5 type=P
[C577] ASSIGN server=3 time=13 type=S
[C577] ASSIGN server=5 time=5 type=P
[C577] COMPLETE server=6
[C578] ASSIGN server=6 time=12 type=S
[C579] COMPLETE server=2
[C579] COMPLETE server=7
[C580] NEW REQUEST queued time=12 type=S
[C580] ASSIGN server=2 time=12 type=S
[C580] ASSIGN server=7 time=5 type=S
[C581] NEW REQUEST queued time=12 type=P
[C581] COMPLETE server=1
[C581] COMPLETE server=5
[C582] NEW REQUEST queued time=10 type=S
[C582] ASSIGN server=1 time=12 type=P
[C582] ASSIGN server=5 time=14 type=P
[C583] COMPLETE server=9
[C584] ASSIGN server=9 time=7 type=S
[C584] COMPLETE server=7
[C585] ASSIGN server=7 time=6 type=S
[C585] COMPLETE server=8
[C586] NEW REQUEST queued time=11 type=P
[C586] ASSIGN server=8 time=2 type=P
[C587] COMPLETE server=8
[C588] ASSIGN server=8 time=12 type=P
[C589] COMPLETE server=3
[C589] COMPLETE server=6
[C590] NEW REQUEST queued time=12 type=P
[C590] ASSIGN server=3 time=13 type=P
[C590] ASSIGN server=6 time=12 type=P
[C590] COMPLETE server=7
[C590] COMPLETE server=9
[C591] ASSIGN server=7 time=8 type=S
[C591] ASSIGN server=9 time=13 type=P
[C591] COMPLETE server=2
[C592] ASSIGN server=2 time=10 type=P
[C593] COMPLETE server=1
[C594] NEW REQUEST queued time=12 type=P
[C594] ASSIGN server=1 time=9 type=P
[C595] COMPLETE server=5
[C596] ASSIGN server=5 time=4 type=S
[C598] COMPLETE server=7
[C599] ASSIGN server=7 time=13 type=P
[C599] COMPLETE server=5
[C599] COMPLETE server=8
[C600] ASSIGN server=5 time=2 type=P
[C600] ASSIGN server=8 time=9 type=S
[C600] SNAPSHOT queue=408 servers=8 busy=8 cooldownLeft=0 completed=756 rejected=4
[C601] COMPLETE server=2
[C601] COMPLETE server=5
[C601] COMPLETE server=6
[C602] ASSIGN server=2 time=4 type=P
[C602] ASSIGN server=5 time=10 type=P
[C602] ASSIGN server=6 time=4 type=S
[C602] COMPLETE server=1
[C602] COMPLETE server=3
[C603] ASSIGN server=1 time=14 type=S
[C603] ASSIGN server=3 time=3 type=P
[C603] COMPLETE server=9
[C604] ASSIGN server=9 time=7 type=P
[C605] NEW REQUEST queued time=6 type=P
[C605] COMPLETE server=2
[C605] COMPLETE server=3
[C605] COMPLETE server=6
[C606] ASSIGN server=2 time=7 type=S
[C606] ASSIGN server=3 time=2 type=S
[C606] ASSIGN server=6 time=8 type=S
[C607] COMPLETE server=3
[C608] ASSIGN server=3 time=7 type=S
[C608] COMPLETE server=8
[C608] SCALE DOWN removed=8 -> servers=7 cooldown=25
[C609] NEW REQUEST queued time=8 type=S
[C610] COMPLETE server=9
[C611] ASSIGN server=9 time=8 type=P
[C611] COMPLETE server=5
[C611] COMPLETE server=7
[C612] ASSIGN server=5 time=13 type=S
[C612] ASSIGN server=7 time=6 type=S
[C612] COMPLETE server=2
[C613] NEW REQUEST queued time=10 type=P
[C613] ASSIGN server=2 time=11 type=S
[C613] COMPLETE server=6
[C614] NEW REQUEST queued time=9 type=S
[C614] ASSIGN server=6 time=10 type=P
[C614] COMPLETE server=3
[C615] NEW REQUEST queued time=15 type=P
[C615] ASSIGN server=3 time=15 type=P
[C616] COMPLETE server=1
[C617] ASSIGN server=1 time=15 type=S
[C617] COMPLETE server=7
[C618] ASSIGN server=7 time=15 type=S
[C618] COMPLETE server=9
[C619] ASSIGN server=9 time=8 type=S
[C621] NEW REQUEST queued time=15 type=P
[C622] NEW REQUEST queued time=6 type=S
[C623] COMPLETE server=2
[C623] COMPLETE server=6
[C624] NEW REQUEST queued time=11 type=S
[C624] ASSIGN server=2 time=4 type=S
[C624] ASSIGN server=6 time=13 type=P
[C624] COMPLETE server=5
[C625] NEW REQUEST queued time=13 type=P
[C625] ASSIGN server=5 time=10 type=P
[C626] NEW REQUEST queued time=6 type=S
[C626] COMPLETE server=9
[C627] ASSIGN server=9 time=15 type=S
[C627] COMPLETE server=2
[C628] ASSIGN server=2 time=10 type=S
[C629] NEW REQUEST queued time=7 type=P
[C629] COMPLETE server=3
[C630] ASSIGN server=3 time=8 type=P
[C631] COMPLETE server=1
[C632] ASSIGN server=1 time=14 type=P
[C632] COMPLETE server=7
[C633] ASSIGN server=7 time=12 type=S
[C634] COMPLETE server=5
[C635] ASSIGN server=5 time=6 type=P
[C636] NEW REQUEST queued time=11 type=S
[C636] COMPLETE server=6
[C637] NEW REQUEST queued time=5 type=P
[C637] ASSIGN server=6 time=13 type=S
[C637] COMPLETE server=2
[C637] COMPLETE server=3
[C638] ASSIGN server=2 time=14 type=S
[C638] ASSIGN server=3 time=11 type=P
[C640] NEW REQUEST queued time=11 type=S
[C640] COMPLETE server=5
[C641] NEW REQUEST queued time=6 type=S
[C641] ASSIGN server=5 time=7 type=S
[C641] COMPLETE server=9
[C642] NEW REQUEST queued time=9 type=P
[C642] ASSIGN server=9 time=9 type=S
[C644] COMPLETE server=7
[C645] ASSIGN server=7 time=15 type=S
[C645] COMPLETE server=1
[C646] ASSIGN server=1 time=3 type=S
[C647] COMPLETE server=5
[C648] ASSIGN server=5 time=10 type=P
[C648] COMPLETE server=1
[C648] COMPLETE server=3
[C649] ASSIGN server=1 time=7 type=S
[C649] ASSIGN server=3 time=14 type=S
[C649] COMPLETE server=6
[C650] ASSIGN server=6 time=11 type=S
[C650] COMPLETE server=9
[C650] SNAPSHOT queue=385 servers=7 busy=6 cooldownLeft=0 completed=797 rejected=4
[C651] ASSIGN server=9 time=2 type=S
[C651] COMPLETE server=2
[C652] ASSIGN server=2 time=13 type=P
[C652] COMPLETE server=9
[C653] NEW REQUEST queued time=11 type=P
[C653] ASSIGN server=9 time=10 type=S
[C655] NEW REQUEST queued time=6 type=P
[C655] COMPLETE server=1
[C656] NEW REQUEST queued time=12 type=P
[C656] ASSIGN server=1 time=2 type=S
[C657] COMPLETE server=1
[C657] COMPLETE server=5
[C658] ASSIGN server=1 time=8 type=P
[C658] ASSIGN server=5 time=2 type=S
[C659] COMPLETE server=5
[C659] COMPLETE server=7
[C660] NEW REQUEST queued time=3 type=S
[C660] ASSIGN server=5 time=7 type=P
[C660] ASSIGN server=7 time=14 type=P
[C660] COMPLETE server=6
[C661] NEW REQUEST queued time=4 type=P
[C661] ASSIGN server=6 time=11 type=S
[C662] COMPLETE server=3
[C662] COMPLETE server=9
[C663] ASSIGN server=3 time=3 type=S
[C663] ASSIGN server=9 time=7 type=S
[C664] COMPLETE server=2
[C665] ASSIGN server=2 time=13 type=S
[C665] COMPLETE server=1
[C665] COMPLETE server=3
[C666] NEW REQUEST queued time=12 type=S
[C666] ASSIGN server=1 time=13 type=S
[C666] ASSIGN server=3 time=8 type=S
[C666] COMPLETE server=5
[C667] ASSIGN server=5 time=4 type=P
[C669] COMPLETE server=9
[C670] ASSIGN server=9 time=3 type=S
[C670] COMPLETE server=5
[C671] ASSIGN server=5 time=10 type=P
[C671] COMPLETE server=6
[C672] NEW REQUEST queued time=13 type=P
[C672] ASSIGN server=6 time=9 type=S
[C672] COMPLETE server=9
[C673] ASSIGN server=9 time=3 type=P
[C673] COMPLETE server=3
[C673] COMPLETE server=7
[C674] ASSIGN server=3 time=9 type=S
[C674] ASSIGN server=7 time=7 type=S
[C675] NEW REQUEST queued time=3 type=S
[C675] COMPLETE server=9
[C676] ASSIGN server=9 time=8 type=P
[C677] COMPLETE server=2
[C678] ASSIGN server=2 time=9 type=S
[C678] COMPLETE server=1
[C679] ASSIGN server=1 time=15 type=S
[C680] COMPLETE server=5
[C680] COMPLETE server=6
[C680] COMPLETE server=7
[C681] ASSIGN server=5 time=9 type=P
[C681] ASSIGN server=6 time=5 type=S
[C681] ASSIGN server=7 time=9 type=P
[C682] NEW REQUEST queued time=10 type=S
[C682] COMPLETE server=3
[C683] ASSIGN server=3 time=8 type=P
[C683] COMPLETE server=9
[C684] NEW REQUEST queued time=15 type=P
[C684] ASSIGN server=9 time=15 type=P
[C685] COMPLETE server=6
[C686] ASSIGN server=6 time=5 type=P
[C686] COMPLETE server=2
[C687] ASSIGN server=2 time=14 type=P
[C689] COMPLETE server=5
[C689] COMPLETE server=7
[C690] NEW REQUEST queued time=8 type=S
[C690] ASSIGN server=5 time=3 type=S
[C690] ASSIGN server=7 time=12 type=P
[C690] COMPLETE server=3
[C690] COMPLETE server=6
[C691] ASSIGN server=3 time=3 type=P
[C691] ASSIGN server=6 time=9 type=S
[C692] COMPLETE server=5
[C693] ASSIGN server=5 time=15 type=S
[C693] COMPLETE server=1
[C693] COMPLETE server=3
[C694] NEW REQUEST queued time=15 type=P
[C694] ASSIGN server=1 time=14 type=P
[C694] ASSIGN server=3 time=14 type=S
[C698] NEW REQUEST queued time=4 type=P
[C698] COMPLETE server=9
[C699] ASSIGN server=9 time=8 type=P
[C699] COMPLETE server=6
[C700] ASSIGN server=6 time=9 type=S
[C700] COMPLETE server=2
[C700] SNAPSHOT queue=358 servers=7 busy=6 cooldownLeft=0 completed=837 rejected=4
[C701] NEW REQUEST queued time=14 type=P
[C701] ASSIGN server=2 time=6 type=P
[C701] COMPLETE server=7
[C702] ASSIGN server=7 time=5 type=P
[C706] NEW REQUEST queued time=9 type=P
[C706] COMPLETE server=2
[C706] COMPLETE server=7
[C706] COMPLETE server=9
[C707] ASSIGN server=2 time=13 type=S
[C707] ASSIGN server=7 time=2 type=P
[C707] ASSIGN server=9 time=6 type=P
[C707] COMPLETE server=1
[C707] COMPLETE server=3
[C707] COMPLETE server=5
[C708] NEW REQUEST queued time=8 type=S
[C708] ASSIGN server=1 time=8 type=P
[C708] ASSIGN server=3 time=13 type=P
[C708] ASSIGN server=5 time=11 type=S
[C708] COMPLETE server=6
[C708] COMPLETE server=7
[C709] ASSIGN server=6 time=15 type=S
[C709] ASSIGN server=7 time=5 type=P
[C710] NEW REQUEST queued time=14 type=P
[C712] NEW REQUEST queued time=11 type=P
[C712] COMPLETE server=9
[C713] ASSIGN server=9 time=12 type=P
[C713] COMPLETE server=7
[C714] ASSIGN server=7 time=13 type=S
[C715] COMPLETE server=1
[C716] ASSIGN server=1 time=3 type=P
[C718] COMPLETE server=1
[C718] COMPLETE server=5
[C719] ASSIGN server=1 time=12 type=S
[C719] ASSIGN server=5 time=3 type=S
[C719] COMPLETE server=2
[C719] SCALE DOWN removed=2 -> servers=6 cooldown=25
[C720] COMPLETE server=3
[C721] ASSIGN server=3 time=6 type=S
[C721] COMPLETE server=5
[C722] ASSIGN server=5 time=14 type=P
[C723] COMPLETE server=6
[C724] ASSIGN server=6 time=13 type=P
[C724] COMPLETE server=9
[C725] ASSIGN server=9 time=7 type=P
[C726] NEW REQUEST queued time=14 type=P
[C726] COMPLETE server=3
[C726] COMPLETE server=7
[C727] ASSIGN server=3 time=8 type=S
[C727] ASSIGN server=7 time=5 type=S
[C729] NEW REQUEST queued time=5 type=S
[C730] FIREWALL REJECT sourceIp=10.193.175.216
[C730] COMPLETE server=1
[C731] ASSIGN server=1 time=11 type=P
[C731] COMPLETE server=7
[C731] COMPLETE server=9
[C732] ASSIGN server=7 time=3 type=P
[C732] ASSIGN server=9 time=14 type=P
[C734] COMPLETE server=3
[C734] COMPLETE server=7
[C735] NEW REQUEST queued time=3 type=S
[C735] ASSIGN server=3 time=4 type=P
[C735] ASSIGN server=7 time=7 type=S
[C735] COMPLETE server=5
[C736] ASSIGN server=5 time=2 type=S
[C736] COMPLETE server=6
[C737] ASSIGN server=6 time=10 type=P
[C737] COMPLETE server=5
[C738] ASSIGN server=5 time=6 type=S
[C738] COMPLETE server=3
[C739] ASSIGN server=3 time=9 type=P
[C740] NEW REQUEST queued time=12 type=S
[C741] COMPLETE server=1
[C741] COMPLETE server=7
[C742] ASSIGN server=1 time=10 type=P
[C742] ASSIGN server=7 time=2 type=S
[C743] COMPLETE server=5
[C743] COMPLETE server=7
[C744] ASSIGN server=5 time=5 type=P
[C744] ASSIGN server=7 time=3 type=P
[C745] NEW REQUEST queued time=12 type=S
[C745] COMPLETE server=9
[C746] ASSIGN server=9 time=14 type=S
[C746] COMPLETE server=6
[C746] COMPLETE server=7
[C747] ASSIGN server=6 time=14 type=S
[C747] ASSIGN server=7 time=11 type=S
[C747] COMPLETE server=3
[C748] ASSIGN server=3 time=15 type=P
[C748] COMPLETE server=5
[C749] ASSIGN server=5 time=15 type=P
[C750] SNAPSHOT queue=329 servers=6 busy=6 cooldownLeft=0 completed=876 rejected=5
[C751] COMPLETE server=1
[C752] ASSIGN server=1 time=7 type=P
[C756] NEW REQUEST queued time=3 type=S
[C757] COMPLETE server=7
[C758] ASSIGN server=7 time=2 type=S
[C758] COMPLETE server=1
[C759] ASSIGN server=1 time=4 type=S
[C759] COMPLETE server=7
[C759] COMPLETE server=9
[C760] ASSIGN server=7 time=14 type=P
[C760] ASSIGN server=9 time=9 type=S
[C760] COMPLETE server=6
[C761] ASSIGN server=6 time=7 type=P
[C762] COMPLETE server=1
[C762] COMPLETE server=3
[C763] ASSIGN server=1 time=12 type=P
[C763] ASSIGN server=3 time=4 type=P
[C763] COMPLETE server=5
[C764] NEW REQUEST queued time=15 type=P
[C764] ASSIGN server=5 time=8 type=P
[C766] COMPLETE server=3
[C767] ASSIGN server=3 time=13 type=S
[C767] COMPLETE server=6
[C768] ASSIGN server=6 time=9 type=P
[C768] COMPLETE server=9
[C769] NEW REQUEST queued time=10 type=S
[C769] ASSIGN server=9 time=8 type=P
[C771] COMPLETE server=5
[C772] ASSIGN server=5 time=12 type=S
[C773] NEW REQUEST queued time=10 type=S
[C773] COMPLETE server=7
[C774] NEW REQUEST queued time=13 type=S
[C774] ASSIGN server=7 time=9 type=S
[C774] COMPLETE server=1
[C775] NEW REQUEST queued time=5 type=S
[C775] ASSIGN server=1 time=4 type=S
[C776] NEW REQUEST queued time=3 type=S
[C776] COMPLETE server=6
[C776] COMPLETE server=9
[C777] ASSIGN server=6 time=6 type=P
[C777] ASSIGN server=9 time=2 type=S
[C778] COMPLETE server=1
[C778] COMPLETE server=9
[C779] ASSIGN server=1 time=4 type=P
[C779] ASSIGN server=9 time=11 type=P
[C779] COMPLETE server=3
[C780] ASSIGN server=3 time=9 type=S
[C782] NEW REQUEST queued time=13 type=P
[C782] COMPLETE server=1
[C782] COMPLETE server=6
[C782] COMPLETE server=7
[C783] ASSIGN server=1 time=4 type=P
[C783] ASSIGN server=6 time=9 type=S
[C783] ASSIGN server=7 time=11 type=S
[C783] COMPLETE server=5
[C784] ASSIGN server=5 time=15 type=S
[C786] NEW REQUEST queued time=8 type=P
[C786] COMPLETE server=1
[C787] ASSIGN server=1 time=10 type=S
[C788] COMPLETE server=3
[C789] ASSIGN server=3 time=5 type=S
[C789] COMPLETE server=9
[C790] ASSIGN server=9 time=7 type=P
[C791] NEW REQUEST queued time=4 type=S
[C791] COMPLETE server=6
[C792] ASSIGN server=6 time=14 type=P
[C793] COMPLETE server=3
[C793] COMPLETE server=7
[C794] NEW REQUEST queued time=4 type=P
[C794] ASSIGN server=3 time=6 type=S
[C794] ASSIGN server=7 time=7 type=S
[C796] COMPLETE server=1
[C796] COMPLETE server=9
[C797] ASSIGN server=1 time=5 type=S
[C797] ASSIGN server=9 time=15 type=S
[C798] NEW REQUEST queued time=13 type=S
[C798] COMPLETE server=5
[C799] ASSIGN server=5 time=7 type=S
[C799] COMPLETE server=3
[C800] ASSIGN server=3 time=10 type=P
[C800] COMPLETE server=7
[C800] SNAPSHOT queue=307 servers=6 busy=5 cooldownLeft=0 completed=911 rejected=5
[C801] ASSIGN server=7 time=14 type=P
[C801] COMPLETE server=1
[C802] ASSIGN server=1 time=6 type=P
[C805] COMPLETE server=5
[C805] COMPLETE server=6
[C806] ASSIGN server=5 time=5 type=S
[C806] ASSIGN server=6 time=12 type=S
[C807] NEW REQUEST queued time=3 type=P
[C807] COMPLETE server=1
[C808] ASSIGN server=1 time=2 type=P
[C809] COMPLETE server=1
[C809] COMPLETE server=3
[C810] ASSIGN server=1 time=2 type=P
[C810] ASSIGN server=3 time=9 type=S
[C810] COMPLETE server=5
[C811] ASSIGN server=5 time=7 type=P
[C811] COMPLETE server=1
[C811] COMPLETE server=9
[C812] ASSIGN server=1 time=6 type=P
[C812] ASSIGN server=9 time=14 type=S
[C812] SCALE DOWN removed=9 -> servers=5 cooldown=25
[C813] NEW REQUEST queued time=12 type=S
[C814] NEW REQUEST queued time=10 type=P
[C814] COMPLETE server=7
[C815] ASSIGN server=7 time=2 type=P
[C816] COMPLETE server=7
[C817] NEW REQUEST queued time=6 type=S
[C817] ASSIGN server=7 time=13 type=S
[C817] COMPLETE server=1
[C817] COMPLETE server=5
[C817] COMPLETE server=6
[C818] ASSIGN server=1 time=7 type=S
[C818] ASSIGN server=5 time=2 type=P
[C818] ASSIGN server=6 time=6 type=P
[C818] COMPLETE server=3
[C819] NEW REQUEST queued time=14 type=S
[C819] ASSIGN server=3 time=11 type=S
[C819] COMPLETE server=5
[C820] ASSIGN server=5 time=4 type=P
[C821] NEW REQUEST queued time=2 type=S
[C823] COMPLETE server=5
[C823] COMPLETE server=6
[C824] ASSIGN server=5 time=12 type=P
[C824] ASSIGN server=6 time=5 type=P
[C824] COMPLETE server=1
[C825] ASSIGN server=1 time=11 type=P
[C828] COMPLETE server=6
[C829] ASSIGN server=6 time=9 type=P
[C829] COMPLETE server=3
[C829] COMPLETE server=7
[C830] ASSIGN server=3 time=10 type=P
[C830] ASSIGN server=7 time=15 type=S
[C833] NEW REQUEST queued time=13 type=P
[C835] COMPLETE server=1
[C835] COMPLETE server=5
[C836] NEW REQUEST queued time=10 type=S
[C836] ASSIGN server=1 time=13 type=S
[C836] ASSIGN server=5 time=14 type=S
[C837] COMPLETE server=6
[C838] ASSIGN server=6 time=14 type=P
[C839] NEW REQUEST queued time=13 type=S
[C839] COMPLETE server=3
[C840] ASSIGN server=3 time=10 type=P
[C843] NEW REQUEST queued time=11 type=P
[C844] NEW REQUEST queued time=10 type=P
[C844] COMPLETE server=7
[C845] ASSIGN server=7 time=14 type=S
[C847] NEW REQUEST queued time=8 type=P
[C848] COMPLETE server=1
[C849] NEW REQUEST queued time=2 type=S
[C849] ASSIGN server=1 time=10 type=P
[C849] COMPLETE server=3
[C849] COMPLETE server=5
[C850] ASSIGN server=3 time=9 type=S
[C850] ASSIGN server=5 time=8 type=P
[C850] SNAPSHOT queue=289 servers=5 busy=5 cooldownLeft=0 completed=941 rejected=5
[C851] COMPLETE server=6
[C852] NEW REQUEST queued time=15 type=P
[C852] ASSIGN server=6 time=15 type=P
[C856] NEW REQUEST queued time=8 type=S
[C857] NEW REQUEST queued time=5 type=P
[C857] COMPLETE server=5
[C858] ASSIGN server=5 time=13 type=P
[C858] COMPLETE server=1
[C858] COMPLETE server=3
[C858] COMPLETE server=7
[C859] NEW REQUEST queued time=3 type=P
[C859] ASSIGN server=1 time=10 type=P
[C859] ASSIGN server=3 time=6 type=P
[C859] ASSIGN server=7 time=14 type=S
[C864] NEW REQUEST queued time=4 type=P
[C864] COMPLETE server=3
[C865] ASSIGN server=3 time=13 type=P
[C866] COMPLETE server=6
[C867] ASSIGN server=6 time=12 type=P
[C868] NEW REQUEST queued time=5 type=P
[C868] COMPLETE server=1
[C869] ASSIGN server=1 time=13 type=P
[C870] COMPLETE server=5
[C871] NEW REQUEST queued time=14 type=P
[C871] ASSIGN server=5 time=9 type=S
[C872] NEW REQUEST queued time=9 type=P
[C872] COMPLETE server=7
[C873] ASSIGN server=7 time=4 type=P
[C875] NEW REQUEST queued time=2 type=P
[C876] NEW REQUEST queued time=3 type=P
[C876] COMPLETE server=7
[C877] ASSIGN server=7 time=13 type=P
[C877] COMPLETE server=3
[C878] NEW REQUEST queued time=3 type=P
[C878] ASSIGN server=3 time=4 type=P
[C878] COMPLETE server=6
[C879] ASSIGN server=6 time=5 type=S
[C879] COMPLETE server=5
[C880] NEW REQUEST queued time=13 type=P
[C880] ASSIGN server=5 time=9 type=P
[C881] NEW REQUEST queued time=6 type=S
[C881] COMPLETE server=1
[C881] COMPLETE server=3
[C882] NEW REQUEST queued time=14 type=P
[C882] ASSIGN server=1 time=10 type=P
[C882] ASSIGN server=3 time=6 type=S
[C883] COMPLETE server=6
[C884] ASSIGN server=6 time=9 type=S
[C887] COMPLETE server=3
[C888] ASSIGN server=3 time=3 type=P
[C888] COMPLETE server=5
[C889] ASSIGN server=5 time=11 type=P
[C889] COMPLETE server=7
[C890] ASSIGN server=7 time=9 type=P
[C890] COMPLETE server=3
[C891] NEW REQUEST queued time=3 type=P
[C891] ASSIGN server=3 time=8 type=P
[C891] COMPLETE server=1
[C892] NEW REQUEST queued time=15 type=S
[C892] ASSIGN server=1 time=11 type=P
[C892] COMPLETE server=6
[C893] NEW REQUEST queued time=9 type=S
[C893] ASSIGN server=6 time=3 type=S
[C894] NEW REQUEST queued time=2 type=P
[C895] COMPLETE server=6
[C896] ASSIGN server=6 time=3 type=P
[C898] COMPLETE server=3
[C898] COMPLETE server=6
[C898] COMPLETE server=7
[C899] ASSIGN server=3 time=4 type=P
[C899] ASSIGN server=6 time=14 type=S
[C899] ASSIGN server=7 time=2 type=S
[C899] COMPLETE server=5
[C900] NEW REQUEST queued time=11 type=S
[C900] ASSIGN server=5 time=9 type=S
[C900] COMPLETE server=7
[C900] SNAPSHOT queue=280 servers=5 busy=4 cooldownLeft=0 completed=970 rejected=5
[C901] NEW REQUEST queued time=15 type=S
[C901] ASSIGN server=7 time=15 type=S
[C902] COMPLETE server=1
[C902] COMPLETE server=3
[C903] NEW REQUEST queued time=15 type=P
[C903] ASSIGN server=1 time=13 type=P
[C903] ASSIGN server=3 time=4 type=P
[C906] COMPLETE server=3
[C907] ASSIGN server=3 time=8 type=S
[C908] NEW REQUEST queued time=8 type=S
[C908] COMPLETE server=5
[C909] ASSIGN server=5 time=6 type=S
[C912] NEW REQUEST queued time=10 type=S
[C912] COMPLETE server=6
[C913] ASSIGN server=6 time=15 type=S
[C914] COMPLETE server=3
[C914] COMPLETE server=5
[C915] ASSIGN server=3 time=13 type=S
[C915] ASSIGN server=5 time=6 type=S
[C915] COMPLETE server=1
[C915] COMPLETE server=7
[C916] ASSIGN server=1 time=3 type=S
[C916] ASSIGN server=7 time=11 type=P
[C918] COMPLETE server=1
[C919] NEW REQUEST queued time=6 type=S
[C919] ASSIGN server=1 time=4 type=S
[C920] NEW REQUEST queued time=10 type=P
[C920] COMPLETE server=5
[C921] ASSIGN server=5 time=3 type=S
[C922] NEW REQUEST queued time=9 type=P
[C922] COMPLETE server=1
[C923] ASSIGN server=1 time=9 type=S
[C923] COMPLETE server=5
[C924] ASSIGN server=5 time=6 type=P
[C926] NEW REQUEST queued time=15 type=S
[C926] COMPLETE server=7
[C927] ASSIGN server=7 time=6 type=S
[C927] COMPLETE server=3
[C927] COMPLETE server=6
[C928] ASSIGN server=3 time=11 type=S
[C928] ASSIGN server=6 time=2 type=P
[C929] NEW REQUEST queued time=8 type=S
[C929] COMPLETE server=5
[C929] COMPLETE server=6
[C930] ASSIGN server=5 time=7 type=S
[C930] ASSIGN server=6 time=15 type=P
[C931] NEW REQUEST queued time=3 type=P
[C931] COMPLETE server=1
[C932] ASSIGN server=1 time=9 type=S
[C932] COMPLETE server=7
[C933] ASSIGN server=7 time=11 type=P
[C935] NEW REQUEST queued time=6 type=S
[C936] COMPLETE server=5
[C937] NEW REQUEST queued time=15 type=P
[C937] ASSIGN server=5 time=10 type=S
[C938] NEW REQUEST queued time=10 type=S
[C938] COMPLETE server=3
[C939] ASSIGN server=3 time=8 type=S
[C940] NEW REQUEST queued time=5 type=S
[C940] COMPLETE server=1
[C941] ASSIGN server=1 time=2 type=S
[C942] COMPLETE server=1
[C943] ASSIGN server=1 time=12 type=S
[C943] COMPLETE server=7
[C944] NEW REQUEST queued time=10 type=S
[C944] ASSIGN server=7 time=13 type=S
[C944] COMPLETE server=6
[C945] ASSIGN server=6 time=4 type=S
[C946] NEW REQUEST queued time=2 type=P
[C946] COMPLETE server=3
[C946] COMPLETE server=5
[C947] NEW REQUEST queued time=2 type=S
[C947] ASSIGN server=3 time=14 type=S
[C947] ASSIGN server=5 time=15 type=P
[C948] NEW REQUEST queued time=11 type=P
[C948] COMPLETE server=6
[C949] NEW REQUEST queued time=8 type=P
[C949] ASSIGN server=6 time=10 type=S
[C950] SNAPSHOT queue=269 servers=5 busy=5 cooldownLeft=0 completed=999 rejected=5
[C954] COMPLETE server=1
[C955] ASSIGN server=1 time=6 type=P
[C956] COMPLETE server=7
[C957] ASSIGN server=7 time=10 type=S
[C958] COMPLETE server=6
[C959] ASSIGN server=6 time=3 type=P
[C960] COMPLETE server=1
[C960] COMPLETE server=3
[C961] ASSIGN server=1 time=12 type=S
[C961] ASSIGN server=3 time=11 type=P
[C961] COMPLETE server=5
[C961] COMPLETE server=6
[C962] ASSIGN server=5 time=10 type=S
[C962] ASSIGN server=6 time=8 type=P
[C966] COMPLETE server=7
[C967] ASSIGN server=7 time=8 type=S
[C969] COMPLETE server=6
[C970] ASSIGN server=6 time=8 type=P
[C971] COMPLETE server=3
[C971] COMPLETE server=5
[C972] ASSIGN server=3 time=2 type=P
[C972] ASSIGN server=5 time=6 type=S
[C972] COMPLETE server=1
[C973] NEW REQUEST queued time=7 type=P
[C973] ASSIGN server=1 time=8 type=S
[C973] COMPLETE server=3
[C974] ASSIGN server=3 time=12 type=P
[C974] COMPLETE server=7
[C975] NEW REQUEST queued time=2 type=S
[C975] ASSIGN server=7 time=6 type=P
[C977] NEW REQUEST queued time=15 type=S
[C977] COMPLETE server=5
[C977] COMPLETE server=6
[C978] ASSIGN server=5 time=5 type=S
[C978] ASSIGN server=6 time=10 type=S
[C979] NEW REQUEST queued time=10 type=P
[C980] COMPLETE server=1
[C980] COMPLETE server=7
[C981] NEW REQUEST queued time=6 type=S
[C981] ASSIGN server=1 time=4 type=P
[C981] ASSIGN server=7 time=14 type=S
[C982] NEW REQUEST queued time=3 type=S
[C982] COMPLETE server=5
[C983] ASSIGN server=5 time=14 type=P
[C984] COMPLETE server=1
[C985] ASSIGN server=1 time=7 type=S
[C985] COMPLETE server=3
[C986] ASSIGN server=3 time=15 type=S
[C987] COMPLETE server=6
[C988] ASSIGN server=6 time=10 type=S
[C990] NEW REQUEST queued time=10 type=S
[C991] NEW REQUEST queued time=10 type=S
[C991] COMPLETE server=1
[C992] ASSIGN server=1 time=5 type=P
[C994] NEW REQUEST queued time=9 type=S
[C994] COMPLETE server=7
[C995] ASSIGN server=7 time=5 type=P
[C996] COMPLETE server=1
[C996] COMPLETE server=5
[C997] NEW REQUEST queued time=5 type=P
[C997] ASSIGN server=1 time=4 type=P
[C997] ASSIGN server=5 time=4 type=S
[C997] COMPLETE server=6
[C998] ASSIGN server=6 time=13 type=P
[C999] NEW REQUEST queued time=6 type=S
[C999] COMPLETE server=7
[C1000] ASSIGN server=7 time=15 type=P
[C1000] COMPLETE server=1
[C1000] COMPLETE server=3
[C1000] COMPLETE server=5
[C1000] SNAPSHOT queue=252 servers=5 busy=2 cooldownLeft=0 completed=1030 rejected=5
[C1001] ASSIGN server=1 time=8 type=S
[C1001] ASSIGN server=3 time=13 type=S
[C1001] ASSIGN server=5 time=2 type=S
[C1001] SCALE DOWN removed=7 -> servers=4 cooldown=25
[C1002] COMPLETE server=5
[C1003] NEW REQUEST queued time=9 type=S
[C1003] ASSIGN server=5 time=15 type=S
[C1008] COMPLETE server=1
[C1009] ASSIGN server=1 time=12 type=P
[C1010] COMPLETE server=6
[C1011] ASSIGN server=6 time=15 type=S
[C1013] NEW REQUEST queued time=8 type=P
[C1013] COMPLETE server=3
[C1014] ASSIGN server=3 time=9 type=S
[C1017] COMPLETE server=5
[C1018] ASSIGN server=5 time=4 type=P
[C1020] NEW REQUEST queued time=7 type=S
[C1020] COMPLETE server=1
[C1021] ASSIGN server=1 time=4 type=S
[C1021] COMPLETE server=5
[C1022] ASSIGN server=5 time=12 type=P
[C1022] COMPLETE server=3
[C1023] ASSIGN server=3 time=10 type=S
[C1024] COMPLETE server=1
[C1025] ASSIGN server=1 time=15 type=S
[C1025] COMPLETE server=6
[C1026] NEW REQUEST queued time=2 type=P
[C1026] ASSIGN server=6 time=4 type=P
[C1027] NEW REQUEST queued time=14 type=P
[C1029] COMPLETE server=6
[C1030] ASSIGN server=6 time=14 type=S
[C1032] NEW REQUEST queued time=4 type=S
[C1032] COMPLETE server=3
[C1033] NEW REQUEST queued time=10 type=S
[C1033] ASSIGN server=3 time=6 type=P
[C1033] COMPLETE server=5
[C1034] NEW REQUEST queued time=3 type=S
[C1034] ASSIGN server=5 time=4 type=P
[C1035] NEW REQUEST queued time=8 type=P
[C1036] NEW REQUEST queued time=13 type=S
[C1037] COMPLETE server=5
[C1038] ASSIGN server=5 time=11 type=P
[C1038] COMPLETE server=3
[C1039] ASSIGN server=3 time=13 type=P
[C1039] COMPLETE server=1
[C1040] NEW REQUEST queued time=5 type=P
[C1040] ASSIGN server=1 time=5 type=S
[C1041] NEW REQUEST queued time=11 type=P
[C1043] NEW REQUEST queued time=11 type=S
[C1043] COMPLETE server=6
[C1044] ASSIGN server=6 time=7 type=S
[C1044] COMPLETE server=1
[C1045] ASSIGN server=1 time=4 type=P
[C1048] COMPLETE server=1
[C1048] COMPLETE server=5
[C1049] NEW REQUEST queued time=6 type=P
[C1049] ASSIGN server=1 time=12 type=P
[C1049] ASSIGN server=5 time=7 type=S
[C1050] NEW REQUEST queued time=3 type=P
[C1050] COMPLETE server=6
[C1050] SNAPSHOT queue=244 servers=4 busy=3 cooldownLeft=0 completed=1051 rejected=5
[C1051] ASSIGN server=6 time=6 type=P
[C1051] COMPLETE server=3
[C1052] ASSIGN server=3 time=9 type=S
[C1053] NEW REQUEST queued time=10 type=P
[C1054] NEW REQUEST queued time=7 type=S
[C1055] COMPLETE server=5
[C1056] ASSIGN server=5 time=14 type=S
[C1056] COMPLETE server=6
[C1057] ASSIGN server=6 time=7 type=P
[C1058] NEW REQUEST queued time=5 type=P
[C1060] COMPLETE server=1
[C1060] COMPLETE server=3
[C1061] ASSIGN server=1 time=13 type=P
[C1061] ASSIGN server=3 time=15 type=P
[C1063] COMPLETE server=6
[C1064] ASSIGN server=6 time=4 type=P
[C1065] NEW REQUEST queued time=14 type=P
[C1067] NEW REQUEST queued time=5 type=S
[C1067] COMPLETE server=6
[C1068] ASSIGN server=6 time=12 type=S
[C1069] NEW REQUEST queued time=13 type=S
[C1069] COMPLETE server=5
[C1070] ASSIGN server=5 time=6 type=S
[C1073] COMPLETE server=1
[C1074] ASSIGN server=1 time=15 type=P
[C1075] NEW REQUEST queued time=8 type=S
[C1075] COMPLETE server=3
[C1075] COMPLETE server=5
[C1076] ASSIGN server=3 time=8 type=P
[C1076] ASSIGN server=5 time=5 type=P
[C1077] NEW REQUEST queued time=9 type=P
[C1079] COMPLETE server=6
[C1080] ASSIGN server=6 time=5 type=S
[C1080] COMPLETE server=5
[C1081] NEW REQUEST queued time=8 type=P
[C1081] ASSIGN server=5 time=6 type=P
[C1083] COMPLETE server=3
[C1084] ASSIGN server=3 time=15 type=P
[C1084] COMPLETE server=6
[C1085] ASSIGN server=6 time=12 type=P
[C1086] NEW REQUEST queued time=14 type=S
[C1086] COMPLETE server=5
[C1087] ASSIGN server=5 time=5 type=S
[C1088] NEW REQUEST queued time=14 type=S
[C1088] COMPLETE server=1
[C1089] ASSIGN server=1 time=10 type=P
[C1091] NEW REQUEST queued time=6 type=S
[C1091] COMPLETE server=5
[C1092] NEW REQUEST queued time=13 type=S
[C1092] ASSIGN server=5 time=9 type=S
[C1096] COMPLETE server=6
[C1097] ASSIGN server=6 time=12 type=P
[C1098] FIREWALL REJECT sourceIp=10.112.210.120
[C1098] COMPLETE server=1
[C1098] COMPLETE server=3
[C1099] ASSIGN server=1 time=3 type=P
[C1099] ASSIGN server=3 time=6 type=P
[C1100] NEW REQUEST queued time=9 type=P
[C1100] COMPLETE server=5
[C1100] SNAPSHOT queue=236 servers=4 busy=3 cooldownLeft=0 completed=1073 rejected=6
[C1101] ASSIGN server=5 time=10 type=P
[C1101] COMPLETE server=1
[C1102] NEW REQUEST queued time=10 type=P
[C1102] ASSIGN server=1 time=13 type=P
[C1104] COMPLETE server=3
[C1105] NEW REQUEST queued time=14 type=S
[C1105] ASSIGN server=3 time=5 type=S
[C1108] NEW REQUEST queued time=9 type=P
[C1108] COMPLETE server=6
[C1109] ASSIGN server=6 time=2 type=S
[C1109] COMPLETE server=3
[C1110] ASSIGN server=3 time=6 type=S
[C1110] COMPLETE server=5
[C1110] COMPLETE server=6
[C1111] ASSIGN server=5 time=8 type=S
[C1111] ASSIGN server=6 time=10 type=S
[C1113] NEW REQUEST queued time=6 type=P
[C1114] COMPLETE server=1
[C1115] ASSIGN server=1 time=4 type=P
[C1115] COMPLETE server=3
[C1116] ASSIGN server=3 time=7 type=P
[C1117] NEW REQUEST queued time=10 type=S
[C1118] COMPLETE server=1
[C1118] COMPLETE server=5
[C1119] NEW REQUEST queued time=5 type=P
[C1119] ASSIGN server=1 time=2 type=P
[C1119] ASSIGN server=5 time=11 type=S
[C1120] COMPLETE server=1
[C1120] COMPLETE server=6
[C1121] ASSIGN server=1 time=12 type=S
[C1121] ASSIGN server=6 time=14 type=S
[C1122] NEW REQUEST queued time=8 type=S
[C1122] COMPLETE server=3
[C1123] ASSIGN server=3 time=15 type=P
[C1126] NEW REQUEST queued time=11 type=P
[C1129] NEW REQUEST queued time=11 type=P
[C1129] COMPLETE server=5
[C1130] ASSIGN server=5 time=4 type=P
[C1132] COMPLETE server=1
[C1133] NEW REQUEST queued time=8 type=P
[C1133] ASSIGN server=1 time=12 type=P
[C1133] COMPLETE server=5
[C1134] NEW REQUEST queued time=13 type=S
[C1134] ASSIGN server=5 time=12 type=P
[C1134] COMPLETE server=6
[C1135] ASSIGN server=6 time=4 type=P
[C1137] COMPLETE server=3
[C1138] ASSIGN server=3 time=7 type=S
[C1138] COMPLETE server=6
[C1139] NEW REQUEST queued time=10 type=P
[C1139] ASSIGN server=6 time=3 type=P
[C1141] COMPLETE server=6
[C1142] ASSIGN server=6 time=12 type=P
[C1143] NEW REQUEST queued time=11 type=S
[C1144] COMPLETE server=1
[C1144] COMPLETE server=3
[C1145] NEW REQUEST queued time=8 type=S
[C1145] ASSIGN server=1 time=5 type=P
[C1145] ASSIGN server=3 time=10 type=P
[C1145] COMPLETE server=5
[C1146] NEW REQUEST queued time=9 type=P
[C1146] ASSIGN server=5 time=7 type=S
[C1149] NEW REQUEST queued time=5 type=S
[C1149] COMPLETE server=1
[C1150] ASSIGN server=1 time=10 type=S
[C1150] SNAPSHOT queue=227 servers=4 busy=4 cooldownLeft=0 completed=1097 rejected=6
[C1152] COMPLETE server=5
[C1153] ASSIGN server=5 time=5 type=P
[C1153] COMPLETE server=6
[C1154] ASSIGN server=6 time=3 type=S
[C1154] COMPLETE server=3
[C1155] NEW REQUEST queued time=6 type=P
[C1155] ASSIGN server=3 time=12 type=S
[C1156] COMPLETE server=6
[C1157] ASSIGN server=6 time=6 type=P
[C1157] COMPLETE server=5
[C1158] NEW REQUEST queued time=14 type=P
[C1158] ASSIGN server=5 time=5 type=P
[C1159] COMPLETE server=1
[C1160] ASSIGN server=1 time=5 type=P
[C1162] COMPLETE server=5
[C1162] COMPLETE server=6
[C1163] ASSIGN server=5 time=15 type=P
[C1163] ASSIGN server=6 time=5 type=S
[C1164] COMPLETE server=1
[C1165] ASSIGN server=1 time=14 type=P
[C1166] NEW REQUEST queued time=7 type=P
[C1166] COMPLETE server=3
[C1167] NEW REQUEST queued time=3 type=P
[C1167] ASSIGN server=3 time=6 type=P
[C1167] COMPLETE server=6
[C1168] ASSIGN server=6 time=6 type=S
[C1169] NEW REQUEST queued time=11 type=S
[C1172] COMPLETE server=3
[C1173] ASSIGN server=3 time=3 type=S
[C1173] COMPLETE server=6
[C1174] NEW REQUEST queued time=9 type=S
[C1174] ASSIGN server=6 time=6 type=P
[C1175] COMPLETE server=3
[C1176] NEW REQUEST queued time=15 type=P
[C1176] ASSIGN server=3 time=3 type=S
[C1177] NEW REQUEST queued time=5 type=P
[C1177] COMPLETE server=5
[C1178] NEW REQUEST queued time=7 type=P
[C1178] ASSIGN server=5 time=3 type=S
[C1178] COMPLETE server=1
[C1178] COMPLETE server=3
[C1179] ASSIGN server=1 time=4 type=P
[C1179] ASSIGN server=3 time=7 type=S
[C1179] COMPLETE server=6
[C1180] ASSIGN server=6 time=9 type=P
[C1180] COMPLETE server=5
[C1181] ASSIGN server=5 time=2 type=S
[C1182] NEW REQUEST queued time=12 type=P
[C1182] COMPLETE server=1
[C1182] COMPLETE server=5
[C1183] ASSIGN server=1 time=6 type=P
[C1183] ASSIGN server=5 time=11 type=P
[C1185] COMPLETE server=3
[C1186] ASSIGN server=3 time=8 type=P
[C1187] NEW REQUEST queued time=15 type=S
[C1188] COMPLETE server=1
[C1188] COMPLETE server=6
[C1189] ASSIGN server=1 time=11 type=P
[C1189] ASSIGN server=6 time=5 type=P
[C1193] COMPLETE server=3
[C1193] COMPLETE server=5
[C1193] COMPLETE server=6
[C1194] NEW REQUEST queued time=9 type=S
[C1194] ASSIGN server=3 time=4 type=S
[C1194] ASSIGN server=5 time=10 type=S
[C1194] ASSIGN server=6 time=10 type=P
[C1196] NEW REQUEST queued time=10 type=S
[C1197] NEW REQUEST queued time=9 type=P
[C1197] COMPLETE server=3
[C1198] ASSIGN server=3 time=13 type=S
[C1199] COMPLETE server=1
[C1200] ASSIGN server=1 time=5 type=P
[C1200] SNAPSHOT queue=212 servers=4 busy=4 cooldownLeft=0 completed=1126 rejected=6
[C1201] NEW REQUEST queued time=2 type=P
[C1203] NEW REQUEST queued time=4 type=S
[C1203] COMPLETE server=5
[C1203] COMPLETE server=6
[C1204] NEW REQUEST queued time=11 type=S
[C1204] ASSIGN server=5 time=7 type=S
[C1204] ASSIGN server=6 time=15 type=P
[C1204] COMPLETE server=1
[C1205] NEW REQUEST queued time=8 type=P
[C1205] ASSIGN server=1 time=11 type=S
[C1210] COMPLETE server=3
[C1210] COMPLETE server=5
[C1211] ASSIGN server=3 time=7 type=P
[C1211] ASSIGN server=5 time=3 type=S
[C1213] COMPLETE server=5
[C1214] ASSIGN server=5 time=3 type=P
[C1215] COMPLETE server=1
[C1216] ASSIGN server=1 time=11 type=P
[C1216] COMPLETE server=5
[C1217] ASSIGN server=5 time=15 type=S
[C1217] COMPLETE server=3
[C1218] ASSIGN server=3 time=2 type=S
[C1218] COMPLETE server=6
[C1219] ASSIGN server=6 time=14 type=P
[C1219] COMPLETE server=3
[C1220] NEW REQUEST queued time=13 type=S
[C1220] ASSIGN server=3 time=7 type=S
[C1222] NEW REQUEST queued time=4 type=S
[C1223] NEW REQUEST queued time=15 type=P
[C1226] COMPLETE server=1
[C1226] COMPLETE server=3
[C1227] ASSIGN server=1 time=12 type=P
[C1227] ASSIGN server=3 time=3 type=P
[C1229] COMPLETE server=3
[C1230] ASSIGN server=3 time=3 type=S
[C1231] NEW REQUEST queued time=6 type=S
[C1231] COMPLETE server=5
[C1232] NEW REQUEST queued time=13 type=S
[C1232] ASSIGN server=5 time=11 type=S
[C1232] COMPLETE server=3
[C1232] COMPLETE server=6
[C1233] NEW REQUEST queued time=15 type=P
[C1233] ASSIGN server=3 time=9 type=S
[C1233] ASSIGN server=6 time=2 type=S
[C1234] COMPLETE server=6
[C1235] ASSIGN server=6 time=14 type=P
[C1237] NEW REQUEST queued time=3 type=S
[C1238] NEW REQUEST queued time=13 type=P
[C1238] COMPLETE server=1
[C1239] NEW REQUEST queued time=2 type=P
[C1239] ASSIGN server=1 time=14 type=P
[C1241] NEW REQUEST queued time=14 type=S
[C1241] COMPLETE server=3
[C1242] ASSIGN server=3 time=15 type=P
[C1242] COMPLETE server=5
[C1243] NEW REQUEST queued time=11 type=S
[C1243] ASSIGN server=5 time=3 type=P
[C1245] COMPLETE server=5
[C1246] ASSIGN server=5 time=10 type=P
[C1248] COMPLETE server=6
[C1249] ASSIGN server=6 time=14 type=S
[C1250] NEW REQUEST queued time=3 type=P
[C1250] SNAPSHOT queue=205 servers=4 busy=4 cooldownLeft=0 completed=1149 rejected=6
[C1252] COMPLETE server=1
[C1253] ASSIGN server=1 time=9 type=P
[C1255] COMPLETE server=5
[C1256] ASSIGN server=5 time=3 type=P
[C1256] COMPLETE server=3
[C1257] NEW REQUEST queued time=13 type=P
[C1257] ASSIGN server=3 time=15 type=P
[C1258] COMPLETE server=5
[C1259] NEW REQUEST queued time=8 type=P
[C1259] ASSIGN server=5 time=11 type=P
[C1260] NEW REQUEST queued time=7 type=P
[C1261] COMPLETE server=1
[C1262] ASSIGN server=1 time=14 type=S
[C1262] COMPLETE server=6
[C1263] ASSIGN server=6 time=10 type=P
[C1264] NEW REQUEST queued time=7 type=S
[C1266] NEW REQUEST queued time=10 type=S
[C1269] NEW REQUEST queued time=3 type=P
[C1269] COMPLETE server=5
[C1270] ASSIGN server=5 time=4 type=S
[C1271] COMPLETE server=3
[C1272] ASSIGN server=3 time=10 type=S
[C1272] COMPLETE server=6
[C1273] NEW REQUEST queued time=6 type=P
[C1273] ASSIGN server=6 time=11 type=P
[C1273] COMPLETE server=5
[C1274] ASSIGN server=5 time=4 type=P
[C1275] NEW REQUEST queued time=3 type=S
[C1275] COMPLETE server=1
[C1276] ASSIGN server=1 time=7 type=S
[C1277] COMPLETE server=5
[C1278] NEW REQUEST queued time=5 type=S
[C1278] ASSIGN server=5 time=12 type=S
[C1280] NEW REQUEST queued time=14 type=S
[C1281] COMPLETE server=3
[C1282] ASSIGN server=3 time=12 type=P
[C1282] COMPLETE server=1
[C1283] ASSIGN server=1 time=10 type=S
[C1283] COMPLETE server=6
[C1284] NEW REQUEST queued time=6 type=S
[C1284] ASSIGN server=6 time=11 type=P
[C1287] NEW REQUEST queued time=11 type=P
[C1289] COMPLETE server=5
[C1290] ASSIGN server=5 time=12 type=P
[C1292] COMPLETE server=1
[C1293] ASSIGN server=1 time=12 type=P
[C1293] COMPLETE server=3
[C1294] ASSIGN server=3 time=6 type=P
[C1294] COMPLETE server=6
[C1294] SCALE DOWN removed=6 -> servers=3 cooldown=25
[C1296] NEW REQUEST queued time=15 type=S
[C1299] NEW REQUEST queued time=10 type=P
[C1299] COMPLETE server=3
[C1300] NEW REQUEST queued time=5 type=P
[C1300] ASSIGN server=3 time=8 type=S
[C1300] SNAPSHOT queue=201 servers=3 busy=3 cooldownLeft=19 completed=1169 rejected=6
[C1301] NEW REQUEST queued time=5 type=S
[C1301] COMPLETE server=5
[C1302] ASSIGN server=5 time=10 type=P
[C1304] COMPLETE server=1
[C1305] ASSIGN server=1 time=9 type=S
[C1307] COMPLETE server=3
[C1308] NEW REQUEST queued time=4 type=S
[C1308] ASSIGN server=3 time=15 type=P
[C1311] COMPLETE server=5
[C1312] ASSIGN server=5 time=15 type=P
[C1313] COMPLETE server=1
[C1314] NEW REQUEST queued time=9 type=S
[C1314] ASSIGN server=1 time=6 type=S
[C1319] NEW REQUEST queued time=15 type=P
[C1319] COMPLETE server=1
[C1320] NEW REQUEST queued time=5 type=S
[C1320] ASSIGN server=1 time=11 type=S
[C1322] NEW REQUEST queued time=4 type=S
[C1322] COMPLETE server=3
[C1323] ASSIGN server=3 time=13 type=P
[C1324] NEW REQUEST queued time=5 type=S
[C1325] NEW REQUEST queued time=2 type=P
[C1326] NEW REQUEST queued time=4 type=S
[C1326] COMPLETE server=5
[C1327] ASSIGN server=5 time=6 type=S
[C1330] COMPLETE server=1
[C1331] ASSIGN server=1 time=7 type=P
[C1332] NEW REQUEST queued time=7 type=P
[C1332] COMPLETE server=5
[C1333] ASSIGN server=5 time=11 type=S
[C1335] NEW REQUEST queued time=14 type=S
[C1335] COMPLETE server=3
[C1336] ASSIGN server=3 time=5 type=P
[C1337] NEW REQUEST queued time=6 type=S
[C1337] COMPLETE server=1
[C1338] ASSIGN server=1 time=11 type=S
[C1340] COMPLETE server=3
[C1341] ASSIGN server=3 time=6 type=S
[C1343] COMPLETE server=5
[C1344] ASSIGN server=5 time=9 type=P
[C1346] NEW REQUEST queued time=5 type=P
[C1346] COMPLETE server=3
[C1347] NEW REQUEST queued time=10 type=S
[C1347] ASSIGN server=3 time=11 type=P
[C1348] COMPLETE server=1
[C1349] ASSIGN server=1 time=6 type=P
[C1350] SNAPSHOT queue=199 servers=3 busy=3 cooldownLeft=0 completed=1185 rejected=6
[C1352] COMPLETE server=5
[C1353] ASSIGN server=5 time=12 type=P
[C1354] COMPLETE server=1
[C1355] NEW REQUEST queued time=5 type=S
[C1355] ASSIGN server=1 time=3 type=S
[C1357] COMPLETE server=1
[C1357] COMPLETE server=3
[C1358] NEW REQUEST queued time=13 type=P
[C1358] ASSIGN server=1 time=4 type=P
[C1358] ASSIGN server=3 time=12 type=S
[C1359] NEW REQUEST queued time=15 type=S
[C1361] NEW REQUEST queued time=15 type=S
[C1361] COMPLETE server=1
[C1362] ASSIGN server=1 time=13 type=P
[C1364] COMPLETE server=5
[C1365] NEW REQUEST queued time=8 type=P
[C1365] ASSIGN server=5 time=3 type=S
[C1367] NEW REQUEST queued time=9 type=S
[C1367] COMPLETE server=5
[C1368] NEW REQUEST queued time=5 type=P
[C1368] ASSIGN server=5 time=10 type=S
[C1369] NEW REQUEST queued time=3 type=S
[C1369] COMPLETE server=3
[C1370] NEW REQUEST queued time=10 type=S
[C1370] ASSIGN server=3 time=15 type=P
[C1374] NEW REQUEST queued time=2 type=S
[C1374] COMPLETE server=1
[C1375] NEW REQUEST queued time=9 type=P
[C1375] ASSIGN server=1 time=8 type=S
[C1377] COMPLETE server=5
[C1378] NEW REQUEST queued time=6 type=S
[C1378] ASSIGN server=5 time=15 type=P
[C1382] COMPLETE server=1
[C1383] ASSIGN server=1 time=4 type=P
[C1384] NEW REQUEST queued time=11 type=S
[C1384] COMPLETE server=3
[C1385] NEW REQUEST queued time=3 type=P
[C1385] ASSIGN server=3 time=14 type=P
[C1386] COMPLETE server=1
[C1387] ASSIGN server=1 time=9 type=P
[C1390] NEW REQUEST queued time=12 type=P
[C1391] NEW REQUEST queued time=12 type=P
[C1392] COMPLETE server=5
[C1393] ASSIGN server=5 time=8 type=S
[C1395] COMPLETE server=1
[C1396] ASSIGN server=1 time=14 type=P
[C1398] NEW REQUEST queued time=15 type=P
[C1398] COMPLETE server=3
[C1399] ASSIGN server=3 time=11 type=P
[C1400] COMPLETE server=5
[C1400] SNAPSHOT queue=200 servers=3 busy=2 cooldownLeft=0 completed=1202 rejected=6
[C1401] NEW REQUEST queued time=12 type=P
[C1401] ASSIGN server=5 time=14 type=P
[C1408] NEW REQUEST queued time=9 type=S
[C1409] COMPLETE server=1
[C1409] COMPLETE server=3
[C1410] NEW REQUEST queued time=5 type=S
[C1410] ASSIGN server=1 time=5 type=S
[C1410] ASSIGN server=3 time=3 type=S
[C1411] NEW REQUEST queued time=8 type=S
[C1412] COMPLETE server=3
[C1413] ASSIGN server=3 time=12 type=S
[C1414] COMPLETE server=1
[C1414] COMPLETE server=5
[C1415] ASSIGN server=1 time=12 type=S
[C1415] ASSIGN server=5 time=3 type=S
[C1416] NEW REQUEST queued time=7 type=S
[C1417] NEW REQUEST queued time=15 type=S
[C1417] COMPLETE server=5
[C1418] NEW REQUEST queued time=5 type=P
[C1418] ASSIGN server=5 time=15 type=P
[C1423] NEW REQUEST queued time=3 type=P
[C1424] COMPLETE server=3
[C1425] ASSIGN server=3 time=10 type=S
[C1426] NEW REQUEST queued time=12 type=S
[C1426] COMPLETE server=1
[C1427] ASSIGN server=1 time=10 type=S
[C1432] COMPLETE server=5
[C1433] ASSIGN server=5 time=13 type=S
[C1434] COMPLETE server=3
[C1435] ASSIGN server=3 time=5 type=S
[C1436] NEW REQUEST queued time=4 type=S
[C1436] COMPLETE server=1
[C1437] NEW REQUEST queued time=12 type=S
[C1437] ASSIGN server=1 time=3 type=S
[C1438] NEW REQUEST queued time=15 type=S
[C1439] COMPLETE server=1
[C1439] COMPLETE server=3
[C1440] FIREWALL REJECT sourceIp=10.100.104.239
[C1440] ASSIGN server=1 time=13 type=P
[C1440] ASSIGN server=3 time=8 type=P
[C1445] COMPLETE server=5
[C1446] ASSIGN server=5 time=4 type=S
[C1447] NEW REQUEST queued time=4 type=P
[C1447] COMPLETE server=3
[C1448] ASSIGN server=3 time=4 type=P
[C1449] COMPLETE server=5
[C1450] ASSIGN server=5 time=13 type=S
[C1450] SNAPSHOT queue=196 servers=3 busy=3 cooldownLeft=0 completed=1218 rejected=7
[C1451] COMPLETE server=3
[C1452] ASSIGN server=3 time=3 type=P
[C1452] COMPLETE server=1
[C1453] ASSIGN server=1 time=12 type=S
[C1454] NEW REQUEST queued time=7 type=P
[C1454] COMPLETE server=3
[C1455] NEW REQUEST queued time=6 type=S
[C1455] ASSIGN server=3 time=10 type=P
[C1456] NEW REQUEST queued time=7 type=S
[C1460] NEW REQUEST queued time=2 type=P
[C1462] COMPLETE server=5
[C1463] ASSIGN server=5 time=6 type=S
[C1464] COMPLETE server=1
[C1464] COMPLETE server=3
[C1465] ASSIGN server=1 time=14 type=S
[C1465] ASSIGN server=3 time=2 type=S
[C1466] COMPLETE server=3
[C1467] NEW REQUEST queued time=10 type=P
[C1467] ASSIGN server=3 time=13 type=P
[C1468] COMPLETE server=5
[C1469] ASSIGN server=5 time=10 type=S
[C1472] NEW REQUEST queued time=11 type=P
[C1478] NEW REQUEST queued time=2 type=S
[C1478] COMPLETE server=1
[C1478] COMPLETE server=5
[C1479] ASSIGN server=1 time=13 type=S
[C1479] ASSIGN server=5 time=11 type=P
[C1479] COMPLETE server=3
[C1480] ASSIGN server=3 time=10 type=P
[C1481] NEW REQUEST queued time=12 type=P
[C1482] NEW REQUEST queued time=10 type=S
[C1483] NEW REQUEST queued time=8 type=P
[C1486] NEW REQUEST queued time=2 type=S
[C1489] COMPLETE server=3
[C1489] COMPLETE server=5
[C1490] ASSIGN server=3 time=8 type=P
[C1490] ASSIGN server=5 time=2 type=S
[C1491] COMPLETE server=1
[C1491] COMPLETE server=5
[C1492] ASSIGN server=1 time=15 type=P
[C1492] ASSIGN server=5 time=8 type=S
[C1496] NEW REQUEST queued time=5 type=P
[C1497] COMPLETE server=3
[C1498] ASSIGN server=3 time=5 type=P
[C1499] NEW REQUEST queued time=11 type=P
[C1499] COMPLETE server=5
[C1500] ASSIGN server=5 time=3 type=P
[C1500] SNAPSHOT queue=192 servers=3 busy=3 cooldownLeft=0 completed=1235 rejected=7
[C1502] COMPLETE server=3
[C1502] COMPLETE server=5
[C1503] ASSIGN server=3 time=4 type=P
[C1503] ASSIGN server=5 time=5 type=P
[C1506] COMPLETE server=1
[C1506] COMPLETE server=3
[C1507] ASSIGN server=1 time=14 type=P
[C1507] ASSIGN server=3 time=9 type=P
[C1507] COMPLETE server=5
[C1508] ASSIGN server=5 time=2 type=P
[C1509] COMPLETE server=5
[C1510] ASSIGN server=5 time=3 type=P
[C1512] COMPLETE server=5
[C1513] ASSIGN server=5 time=3 type=P
[C1514] NEW REQUEST queued time=13 type=S
[C1515] COMPLETE server=3
[C1515] COMPLETE server=5
[C1516] ASSIGN server=3 time=13 type=P
[C1516] ASSIGN server=5 time=6 type=S
[C1519] NEW REQUEST queued time=11 type=S
[C1520] COMPLETE server=1
[C1521] ASSIGN server=1 time=14 type=P
[C1521] COMPLETE server=5
[C1522] ASSIGN server=5 time=3 type=P
[C1524] COMPLETE server=5
[C1525] NEW REQUEST queued time=7 type=P
[C1525] ASSIGN server=5 time=15 type=S
[C1526] NEW REQUEST queued time=3 type=S
[C1528] COMPLETE server=3
[C1529] ASSIGN server=3 time=9 type=S
[C1530] NEW REQUEST queued time=8 type=P
[C1534] COMPLETE server=1
[C1535] NEW REQUEST queued time=10 type=S
[C1535] ASSIGN server=1 time=2 type=P
[C1536] COMPLETE server=1
[C1537] ASSIGN server=1 time=11 type=S
[C1537] COMPLETE server=3
[C1538] ASSIGN server=3 time=15 type=S
[C1539] NEW REQUEST queued time=15 type=P
[C1539] COMPLETE server=5
[C1540] ASSIGN server=5 time=15 type=P
[C1542] NEW REQUEST queued time=11 type=S
[C1544] NEW REQUEST queued time=10 type=P
[C1547] NEW REQUEST queued time=11 type=P
[C1547] COMPLETE server=1
[C1548] ASSIGN server=1 time=8 type=S
[C1550] NEW REQUEST queued time=15 type=S
[C1550] SNAPSHOT queue=185 servers=3 busy=3 cooldownLeft=0 completed=1253 rejected=7
[C1552] COMPLETE server=3
[C1553] ASSIGN server=3 time=10 type=S
[C1554] COMPLETE server=5
[C1555] ASSIGN server=5 time=6 type=S
[C1555] COMPLETE server=1
[C1556] ASSIGN server=1 time=10 type=P
[C1557] NEW REQUEST queued time=9 type=P
[C1560] NEW REQUEST queued time=11 type=S
[C1560] COMPLETE server=5
[C1561] NEW REQUEST queued time=4 type=P
[C1561] ASSIGN server=5 time=9 type=P
[C1562] COMPLETE server=3
[C1563] ASSIGN server=3 time=15 type=S
[C1564] NEW REQUEST queued time=4 type=S
[C1565] COMPLETE server=1
[C1566] ASSIGN server=1 time=8 type=S
[C1567] NEW REQUEST queued time=7 type=P
[C1569] NEW REQUEST queued time=13 type=P
[C1569] COMPLETE server=5
[C1570] ASSIGN server=5 time=3 type=P
[C1571] NEW REQUEST queued time=10 type=P
[C1572] NEW REQUEST queued time=14 type=P
[C1572] COMPLETE server=5
[C1573] ASSIGN server=5 time=6 type=S
[C1573] COMPLETE server=1
[C1574] ASSIGN server=1 time=15 type=P
[C1577] COMPLETE server=3
[C1578] ASSIGN server=3 time=10 type=S
[C1578] COMPLETE server=5
[C1579] ASSIGN server=5 time=5 type=S
[C1583] COMPLETE server=5
[C1584] NEW REQUEST queued time=12 type=P
[C1584] ASSIGN server=5 time=10 type=S
[C1585] NEW REQUEST queued time=11 type=S
[C1587] COMPLETE server=3
[C1588] NEW REQUEST queued time=5 type=S
[C1588] ASSIGN server=3 time=2 type=P
[C1588] COMPLETE server=1
[C1589] ASSIGN server=1 time=2 type=S
[C1589] COMPLETE server=3
[C1590] NEW REQUEST queued time=6 type=S
[C1590] ASSIGN server=3 time=11 type=P
[C1590] COMPLETE server=1
[C1591] NEW REQUEST queued time=7 type=P
[C1591] ASSIGN server=1 time=8 type=P
[C1593] NEW REQUEST queued time=6 type=S
[C1593] COMPLETE server=5
[C1594] NEW REQUEST queued time=7 type=S
[C1594] ASSIGN server=5 time=7 type=P
[C1598] NEW REQUEST queued time=5 type=P
[C1598] COMPLETE server=1
[C1599] ASSIGN server=1 time=2 type=S
[C1600] NEW REQUEST queued time=4 type=S
[C1600] COMPLETE server=1
[C1600] COMPLETE server=3
[C1600] COMPLETE server=5
[C1600] SNAPSHOT queue=184 servers=3 busy=0 cooldownLeft=0 completed=1274 rejected=7
[C1601] NEW REQUEST queued time=10 type=S
[C1601] ASSIGN server=1 time=15 type=S
[C1601] ASSIGN server=3 time=10 type=P
[C1601] ASSIGN server=5 time=6 type=S
[C1606] COMPLETE server=5
[C1607] ASSIGN server=5 time=3 type=S
[C1609] COMPLETE server=5
[C1610] NEW REQUEST queued time=8 type=S
[C1610] ASSIGN server=5 time=10 type=S
[C1610] COMPLETE server=3
[C1611] ASSIGN server=3 time=10 type=S
[C1614] NEW REQUEST queued time=13 type=P
[C1615] COMPLETE server=1
[C1616] NEW REQUEST queued time=11 type=P
[C1616] ASSIGN server=1 time=9 type=S
[C1617] NEW REQUEST queued time=6 type=P
[C1619] COMPLETE server=5
[C1620] ASSIGN server=5 time=5 type=P
[C1620] COMPLETE server=3
[C1621] ASSIGN server=3 time=6 type=S
[C1624] COMPLETE server=1
[C1624] COMPLETE server=5
[C1625] NEW REQUEST queued time=5 type=P
[C1625] ASSIGN server=1 time=9 type=S
[C1625] ASSIGN server=5 time=8 type=P
[C1626] COMPLETE server=3
[C1627] ASSIGN server=3 time=7 type=S
[C1629] NEW REQUEST queued time=11 type=S
[C1630] NEW REQUEST queued time=7 type=P
[C1632] NEW REQUEST queued time=5 type=S
[C1632] COMPLETE server=5
[C1633] ASSIGN server=5 time=2 type=P
[C1633] COMPLETE server=1
[C1633] COMPLETE server=3
[C1634] ASSIGN server=1 time=14 type=P
[C1634] ASSIGN server=3 time=4 type=S
[C1634] COMPLETE server=5
[C1635] ASSIGN server=5 time=10 type=S
[C1637] NEW REQUEST queued time=2 type=S
[C1637] COMPLETE server=3
[C1638] ASSIGN server=3 time=3 type=S
[C1640] NEW REQUEST queued time=9 type=P
[C1640] COMPLETE server=3
[C1641] ASSIGN server=3 time=8 type=P
[C1644] COMPLETE server=5
[C1645] ASSIGN server=5 time=13 type=S
[C1647] COMPLETE server=1
[C1648] NEW REQUEST queued time=4 type=S
[C1648] ASSIGN server=1 time=5 type=P
[C1648] COMPLETE server=3
[C1649] ASSIGN server=3 time=11 type=P
[C1650] SNAPSHOT queue=175 servers=3 busy=3 cooldownLeft=0 completed=1292 rejected=7
[C1651] NEW REQUEST queued time=14 type=S
[C1652] NEW REQUEST queued time=6 type=S
[C1652] COMPLETE server=1
[C1653] ASSIGN server=1 time=11 type=S
[C1656] NEW REQUEST queued time=5 type=P
[C1657] COMPLETE server=5
[C1658] NEW REQUEST queued time=4 type=P
[C1658] ASSIGN server=5 time=6 type=P
[C1659] NEW REQUEST queued time=11 type=P
[C1659] COMPLETE server=3
[C1660] NEW REQUEST queued time=13 type=S
[C1660] ASSIGN server=3 time=3 type=P
[C1662] COMPLETE server=3
[C1663] ASSIGN server=3 time=10 type=P
[C1663] COMPLETE server=1
[C1663] COMPLETE server=5
[C1664] ASSIGN server=1 time=7 type=S
[C1664] ASSIGN server=5 time=5 type=P
[C1665] NEW REQUEST queued time=4 type=P
[C1668] NEW REQUEST queued time=11 type=S
[C1668] COMPLETE server=5
[C1669] NEW REQUEST queued time=2 type=S
[C1669] ASSIGN server=5 time=14 type=P
[C1670] COMPLETE server=1
[C1671] NEW REQUEST queued time=5 type=P
[C1671] ASSIGN server=1 time=5 type=S
[C1672] COMPLETE server=3
[C1673] ASSIGN server=3 time=13 type=S
[C1675] COMPLETE server=1
[C1676] ASSIGN server=1 time=8 type=S
[C1679] NEW REQUEST queued time=15 type=P
[C1682] COMPLETE server=5
[C1683] ASSIGN server=5 time=9 type=P
[C1683] COMPLETE server=1
[C1684] NEW REQUEST queued time=5 type=S
[C1684] ASSIGN server=1 time=8 type=P
[C1685] NEW REQUEST queued time=13 type=S
[C1685] COMPLETE server=3
[C1686] NEW REQUEST queued time=6 type=P
[C1686] ASSIGN server=3 time=14 type=S
[C1687] NEW REQUEST queued time=2 type=S
[C1691] NEW REQUEST queued time=11 type=S
[C1691] COMPLETE server=1
[C1691] COMPLETE server=5
[C1692] ASSIGN server=1 time=14 type=S
[C1692] ASSIGN server=5 time=6 type=S
[C1695] NEW REQUEST queued time=5 type=P
[C1697] NEW REQUEST queued time=3 type=P
[C1697] COMPLETE server=5
[C1698] ASSIGN server=5 time=13 type=S
[C1699] COMPLETE server=3
[C1700] ASSIGN server=3 time=9 type=P
[C1700] SNAPSHOT queue=176 servers=3 busy=3 cooldownLeft=0 completed=1309 rejected=7
[C1703] NEW REQUEST queued time=6 type=S
[C1705] NEW REQUEST queued time=6 type=S
[C1705] COMPLETE server=1
[C1706] NEW REQUEST queued time=11 type=P
[C1706] ASSIGN server=1 time=10 type=P
[C1708] NEW REQUEST queued time=14 type=S
[C1708] COMPLETE server=3
[C1709] NEW REQUEST queued time=12 type=S
[C1709] ASSIGN server=3 time=14 type=S
[C1710] NEW REQUEST queued time=13 type=P
[C1710] COMPLETE server=5
[C1711] NEW REQUEST queued time=13 type=S
[C1711] ASSIGN server=5 time=9 type=P
[C1713] NEW REQUEST queued time=5 type=P
[C1714] NEW REQUEST queued time=5 type=P
[C1715] COMPLETE server=1
[C1716] NEW REQUEST queued time=9 type=S
[C1716] ASSIGN server=1 time=6 type=P
[C1719] NEW REQUEST queued time=6 type=S
[C1719] COMPLETE server=5
[C1720] ASSIGN server=5 time=10 type=S
[C1721] COMPLETE server=1
[C1722] ASSIGN server=1 time=5 type=P
[C1722] COMPLETE server=3
[C1723] ASSIGN server=3 time=8 type=S
[C1725] NEW REQUEST queued time=14 type=P
[C1726] COMPLETE server=1
[C1727] NEW REQUEST queued time=2 type=P
[C1727] ASSIGN server=1 time=11 type=P
[C1729] COMPLETE server=5
[C1730] NEW REQUEST queued time=11 type=S
[C1730] ASSIGN server=5 time=11 type=P
[C1730] COMPLETE server=3
[C1731] ASSIGN server=3 time=8 type=P
[C1732] NEW REQUEST queued time=14 type=S
[C1734] NEW REQUEST queued time=10 type=P
[C1737] COMPLETE server=1
[C1738] ASSIGN server=1 time=13 type=S
[C1738] COMPLETE server=3
[C1739] NEW REQUEST queued time=10 type=S
[C1739] ASSIGN server=3 time=10 type=P
[C1740] COMPLETE server=5
[C1741] ASSIGN server=5 time=11 type=S
[C1745] NEW REQUEST queued time=6 type=S
[C1746] NEW REQUEST queued time=6 type=S
[C1748] COMPLETE server=3
[C1749] NEW REQUEST queued time=10 type=P
[C1749] ASSIGN server=3 time=8 type=S
[C1750] NEW REQUEST queued time=3 type=S
[C1750] COMPLETE server=1
[C1750] SNAPSHOT queue=183 servers=3 busy=2 cooldownLeft=0 completed=1324 rejected=7
[C1751] ASSIGN server=1 time=9 type=P
[C1751] COMPLETE server=5
[C1752] ASSIGN server=5 time=5 type=S
[C1753] NEW REQUEST queued time=15 type=P
[C1754] NEW REQUEST queued time=15 type=P
[C1756] COMPLETE server=3
[C1756] COMPLETE server=5
[C1757] ASSIGN server=3 time=6 type=P
[C1757] ASSIGN server=5 time=14 type=P
[C1759] COMPLETE server=1
[C1760] NEW REQUEST queued time=15 type=P
[C1760] ASSIGN server=1 time=7 type=P
[C1762] NEW REQUEST queued time=15 type=P
[C1762] COMPLETE server=3
[C1763] NEW REQUEST queued time=10 type=P
[C1763] ASSIGN server=3 time=3 type=P
[C1765] COMPLETE server=3
[C1766] ASSIGN server=3 time=11 type=S
[C1766] COMPLETE server=1
[C1767] NEW REQUEST queued time=10 type=S
[C1767] ASSIGN server=1 time=9 type=S
[C1769] NEW REQUEST queued time=11 type=S
[C1770] NEW REQUEST queued time=12 type=P
[C1770] COMPLETE server=5
[C1771] ASSIGN server=5 time=15 type=P
[C1773] NEW REQUEST queued time=8 type=P
[C1775] COMPLETE server=1
[C1776] ASSIGN server=1 time=5 type=P
[C1776] COMPLETE server=3
[C1777] ASSIGN server=3 time=7 type=P
[C1778] NEW REQUEST queued time=11 type=P
[C1780] NEW REQUEST queued time=10 type=S
[C1780] COMPLETE server=1
[C1781] ASSIGN server=1 time=12 type=P
[C1782] NEW REQUEST queued time=11 type=P
[C1783] NEW REQUEST queued time=2 type=S
[C1783] COMPLETE server=3
[C1784] ASSIGN server=3 time=15 type=S
[C1785] COMPLETE server=5
[C1786] NEW REQUEST queued time=15 type=S
[C1786] ASSIGN server=5 time=9 type=S
[C1787] NEW REQUEST queued time=6 type=P
[C1791] NEW REQUEST queued time=2 type=S
[C1792] COMPLETE server=1
[C1793] ASSIGN server=1 time=10 type=S
[C1794] COMPLETE server=5
[C1795] ASSIGN server=5 time=9 type=P
[C1798] NEW REQUEST queued time=12 type=S
[C1798] COMPLETE server=3
[C1799] NEW REQUEST queued time=11 type=S
[C1799] ASSIGN server=3 time=2 type=P
[C1800] COMPLETE server=3
[C1800] SNAPSHOT queue=184 servers=3 busy=2 cooldownLeft=0 completed=1341 rejected=7
[C1801] NEW REQUEST queued time=13 type=P
[C1801] ASSIGN server=3 time=4 type=S
[C1802] COMPLETE server=1
[C1803] NEW REQUEST queued time=5 type=P
[C1803] ASSIGN server=1 time=11 type=S
[C1803] COMPLETE server=5
[C1804] ASSIGN server=5 time=8 type=P
[C1804] COMPLETE server=3
[C1805] ASSIGN server=3 time=13 type=S
[C1807] NEW REQUEST queued time=13 type=P
[C1811] NEW REQUEST queued time=3 type=P
[C1811] COMPLETE server=5
[C1812] NEW REQUEST queued time=13 type=P
[C1812] ASSIGN server=5 time=4 type=S
[C1813] COMPLETE server=1
[C1814] ASSIGN server=1 time=15 type=P
[C1815] NEW REQUEST queued time=13 type=S
[C1815] COMPLETE server=5
[C1816] NEW REQUEST queued time=15 type=S
[C1816] ASSIGN server=5 time=6 type=S
[C1817] COMPLETE server=3
[C1818] NEW REQUEST queued time=9 type=S
[C1818] ASSIGN server=3 time=13 type=S
[C1821] COMPLETE server=5
[C1822] ASSIGN server=5 time=15 type=P
[C1823] NEW REQUEST queued time=6 type=P
[C1827] NEW REQUEST queued time=13 type=S
[C1828] COMPLETE server=1
[C1829] NEW REQUEST queued time=4 type=P
[C1829] ASSIGN server=1 time=3 type=S
[C1830] COMPLETE server=3
[C1831] ASSIGN server=3 time=13 type=P
[C1831] COMPLETE server=1
[C1832] NEW REQUEST queued time=4 type=S
[C1832] ASSIGN server=1 time=2 type=P
[C1833] COMPLETE server=1
[C1834] ASSIGN server=1 time=14 type=S
[C1836] COMPLETE server=5
[C1837] NEW REQUEST queued time=4 type=S
[C1837] ASSIGN server=5 time=11 type=S
[C1838] NEW REQUEST queued time=11 type=S
[C1843] COMPLETE server=3
[C1844] ASSIGN server=3 time=3 type=P
[C1845] NEW REQUEST queued time=5 type=S
[C1846] COMPLETE server=3
[C1847] ASSIGN server=3 time=13 type=P
[C1847] COMPLETE server=1
[C1847] COMPLETE server=5
[C1848] ASSIGN server=1 time=8 type=P
[C1848] ASSIGN server=5 time=7 type=P
[C1849] NEW REQUEST queued time=2 type=S
[C1850] SNAPSHOT queue=182 servers=3 busy=3 cooldownLeft=0 completed=1358 rejected=7
[C1852] NEW REQUEST queued time=12 type=S
[C1854] COMPLETE server=5
[C1855] ASSIGN server=5 time=7 type=S
[C1855] COMPLETE server=1
[C1856] ASSIGN server=1 time=10 type=S
[C1859] NEW REQUEST queued time=2 type=S
[C1859] COMPLETE server=3
[C1860] NEW REQUEST queued time=6 type=P
[C1860] ASSIGN server=3 time=3 type=P
[C1861] COMPLETE server=5
[C1862] ASSIGN server=5 time=6 type=P
[C1862] COMPLETE server=3
[C1863] ASSIGN server=3 time=3 type=S
[C1865] NEW REQUEST queued time=6 type=S
[C1865] COMPLETE server=1
[C1865] COMPLETE server=3
[C1866] ASSIGN server=1 time=5 type=S
[C1866] ASSIGN server=3 time=14 type=S
[C1867] COMPLETE server=5
[C1868] ASSIGN server=5 time=6 type=S
[C1870] COMPLETE server=1
[C1871] ASSIGN server=1 time=11 type=P
[C1873] COMPLETE server=5
[C1874] NEW REQUEST queued time=14 type=P
[C1874] ASSIGN server=5 time=15 type=S
[C1876] NEW REQUEST queued time=10 type=P
[C1879] NEW REQUEST queued time=14 type=S
[C1879] COMPLETE server=3
[C1880] ASSIGN server=3 time=10 type=P
[C1881] NEW REQUEST queued time=4 type=P
[C1881] COMPLETE server=1
[C1882] ASSIGN server=1 time=5 type=P
[C1886] COMPLETE server=1
[C1887] NEW REQUEST queued time=3 type=S
[C1887] ASSIGN server=1 time=5 type=S
[C1888] NEW REQUEST queued time=6 type=P
[C1888] COMPLETE server=5
[C1889] ASSIGN server=5 time=4 type=S
[C1889] COMPLETE server=3
[C1890] NEW REQUEST queued time=7 type=P
[C1890] ASSIGN server=3 time=9 type=S
[C1891] COMPLETE server=1
[C1892] ASSIGN server=1 time=15 type=P
[C1892] COMPLETE server=5
[C1893] ASSIGN server=5 time=5 type=S
[C1897] NEW REQUEST queued time=2 type=P
[C1897] COMPLETE server=5
[C1898] ASSIGN server=5 time=4 type=S
[C1898] COMPLETE server=3
[C1899] ASSIGN server=3 time=5 type=S
[C1900] SNAPSHOT queue=175 servers=3 busy=3 cooldownLeft=0 completed=1377 rejected=7
[C1901] NEW REQUEST queued time=2 type=S
[C1901] COMPLETE server=5
[C1902] NEW REQUEST queued time=6 type=P
[C1902] ASSIGN server=5 time=2 type=P
[C1903] COMPLETE server=3
[C1903] COMPLETE server=5
[C1904] ASSIGN server=3 time=4 type=S
[C1904] ASSIGN server=5 time=7 type=P
[C1905] NEW REQUEST queued time=15 type=P
[C1906] COMPLETE server=1
[C1907] NEW REQUEST queued time=13 type=P
[C1907] ASSIGN server=1 time=14 type=S
[C1907] COMPLETE server=3
[C1908] ASSIGN server=3 time=6 type=S
[C1910] NEW REQUEST queued time=15 type=S
[C1910] COMPLETE server=5
[C1911] NEW REQUEST queued time=5 type=S
[C1911] ASSIGN server=5 time=5 type=P
[C1912] NEW REQUEST queued time=9 type=P
[C1913] NEW REQUEST queued time=12 type=S
[C1913] COMPLETE server=3
[C1914] ASSIGN server=3 time=10 type=S
[C1915] NEW REQUEST queued time=2 type=S
[C1915] COMPLETE server=5
[C1916] ASSIGN server=5 time=5 type=S
[C1920] NEW REQUEST queued time=4 type=S
[C1920] COMPLETE server=1
[C1920] COMPLETE server=5
[C1921] ASSIGN server=1 time=13 type=P
[C1921] ASSIGN server=5 time=15 type=S
[C1922] NEW REQUEST queued time=11 type=S
[C1923] COMPLETE server=3
[C1924] ASSIGN server=3 time=15 type=S
[C1927] NEW REQUEST queued time=10 type=P
[C1933] NEW REQUEST queued time=4 type=S
[C1933] COMPLETE server=1
[C1934] NEW REQUEST queued time=11 type=S
[C1934] ASSIGN server=1 time=8 type=P
[C1935] COMPLETE server=5
[C1936] NEW REQUEST queued time=13 type=P
[C1936] ASSIGN server=5 time=9 type=S
[C1937] NEW REQUEST queued time=4 type=S
[C1938] COMPLETE server=3
[C1939] NEW REQUEST queued time=13 type=S
[C1939] ASSIGN server=3 time=5 type=P
[C1941] COMPLETE server=1
[C1942] NEW REQUEST queued time=9 type=P
[C1942] ASSIGN server=1 time=3 type=S
[C1943] NEW REQUEST queued time=6 type=P
[C1943] COMPLETE server=3
[C1944] ASSIGN server=3 time=10 type=S
[C1944] COMPLETE server=1
[C1944] COMPLETE server=5
[C1945] NEW REQUEST queued time=14 type=S
[C1945] ASSIGN server=1 time=2 type=S
[C1945] ASSIGN server=5 time=9 type=P
[C1946] COMPLETE server=1
[C1947] ASSIGN server=1 time=6 type=S
[C1948] NEW REQUEST queued time=15 type=P
[C1950] NEW REQUEST queued time=14 type=P
[C1950] SNAPSHOT queue=178 servers=3 busy=3 cooldownLeft=0 completed=1396 rejected=7
[C1952] NEW REQUEST queued time=10 type=S
[C1952] COMPLETE server=1
[C1953] ASSIGN server=1 time=11 type=S
[C1953] COMPLETE server=3
[C1953] COMPLETE server=5
[C1954] NEW REQUEST queued time=10 type=S
[C1954] ASSIGN server=3 time=3 type=P
[C1954] ASSIGN server=5 time=12 type=P
[C1955] NEW REQUEST queued time=14 type=S
[C1956] COMPLETE server=3
[C1957] ASSIGN server=3 time=12 type=P
[C1958] NEW REQUEST queued time=11 type=P
[C1959] NEW REQUEST queued time=5 type=P
[C1963] NEW REQUEST queued time=2 type=P
[C1963] COMPLETE server=1
[C1964] ASSIGN server=1 time=15 type=P
[C1965] COMPLETE server=5
[C1966] ASSIGN server=5 time=12 type=P
[C1968] COMPLETE server=3
[C1969] NEW REQUEST queued time=14 type=S
[C1969] ASSIGN server=3 time=9 type=S
[C1970] NEW REQUEST queued time=4 type=S
[C1977] COMPLETE server=3
[C1977] COMPLETE server=5
[C1978] ASSIGN server=3 time=5 type=S
[C1978] ASSIGN server=5 time=8 type=S
[C1978] COMPLETE server=1
[C1979] ASSIGN server=1 time=7 type=S
[C1980] NEW REQUEST queued time=10 type=S
[C1981] NEW REQUEST queued time=6 type=P
[C1982] COMPLETE server=3
[C1983] ASSIGN server=3 time=15 type=S
[C1984] NEW REQUEST queued time=9 type=S
[C1985] COMPLETE server=1
[C1985] COMPLETE server=5
[C1986] ASSIGN server=1 time=5 type=P
[C1986] ASSIGN server=5 time=3 type=P
[C1988] COMPLETE server=5
[C1989] ASSIGN server=5 time=12 type=S
[C1990] COMPLETE server=1
[C1991] ASSIGN server=1 time=4 type=S
[C1992] NEW REQUEST queued time=6 type=S
[C1994] COMPLETE server=1
[C1995] ASSIGN server=1 time=12 type=S
[C1996] NEW REQUEST queued time=5 type=P
[C1997] COMPLETE server=3
[C1998] ASSIGN server=3 time=15 type=S
[C2000] NEW REQUEST queued time=6 type=S
[C2000] COMPLETE server=5
[C2000] SNAPSHOT queue=175 servers=3 busy=2 cooldownLeft=0 completed=1414 rejected=7
[C2001] NEW REQUEST queued time=3 type=S
[C2001] ASSIGN server=5 time=4 type=P
[C2002] NEW REQUEST queued time=15 type=S
[C2004] COMPLETE server=5
[C2005] ASSIGN server=5 time=7 type=P
[C2006] COMPLETE server=1
[C2007] ASSIGN server=1 time=6 type=S
[C2011] COMPLETE server=5
[C2012] ASSIGN server=5 time=7 type=S
[C2012] COMPLETE server=1
[C2012] COMPLETE server=3
[C2013] NEW REQUEST queued time=6 type=S
[C2013] ASSIGN server=1 time=2 type=P
[C2013] ASSIGN server=3 time=10 type=P
[C2014] NEW REQUEST queued time=9 type=S
[C2014] COMPLETE server=1
[C2015] NEW REQUEST queued time=12 type=S
[C2015] ASSIGN server=1 time=11 type=P
[C2018] COMPLETE server=5
[C2019] ASSIGN server=5 time=2 type=S
[C2020] COMPLETE server=5
[C2021] ASSIGN server=5 time=12 type=P
[C2022] COMPLETE server=3
[C2023] ASSIGN server=3 time=10 type=S
[C2025] COMPLETE server=1
[C2026] ASSIGN server=1 time=8 type=P
[C2031] NEW REQUEST queued time=7 type=S
[C2032] COMPLETE server=3
[C2032] COMPLETE server=5
[C2033] NEW REQUEST queued time=3 type=P
[C2033] ASSIGN server=3 time=2 type=S
[C2033] ASSIGN server=5 time=5 type=P
[C2033] COMPLETE server=1
[C2034] ASSIGN server=1 time=11 type=P
[C2034] COMPLETE server=3
[C2035] ASSIGN server=3 time=13 type=S
[C2037] COMPLETE server=5
[C2038] NEW REQUEST queued time=10 type=S
[C2038] ASSIGN server=5 time=11 type=S
[C2043] NEW REQUEST queued time=4 type=S
[C2044] COMPLETE server=1
[C2045] ASSIGN server=1 time=7 type=P
[C2047] COMPLETE server=3
[C2048] ASSIGN server=3 time=3 type=S
[C2048] COMPLETE server=5
[C2049] ASSIGN server=5 time=8 type=P
[C2050] NEW REQUEST queued time=11 type=S
[C2050] COMPLETE server=3
[C2050] SNAPSHOT queue=166 servers=3 busy=2 cooldownLeft=0 completed=1433 rejected=7
[C2051] ASSIGN server=3 time=10 type=S
[C2051] COMPLETE server=1
[C2052] ASSIGN server=1 time=15 type=P
[C2054] NEW REQUEST queued time=8 type=S
[C2056] NEW REQUEST queued time=2 type=S
[C2056] COMPLETE server=5
[C2057] ASSIGN server=5 time=11 type=S
[C2058] NEW REQUEST queued time=6 type=P
[C2059] NEW REQUEST queued time=8 type=S
[C2060] COMPLETE server=3
[C2061] NEW REQUEST queued time=14 type=S
[C2061] ASSIGN server=3 time=10 type=P
[C2064] NEW REQUEST queued time=12 type=P
[C2066] COMPLETE server=1
[C2067] ASSIGN server=1 time=11 type=P
[C2067] COMPLETE server=5
[C2068] ASSIGN server=5 time=15 type=S
[C2070] NEW REQUEST queued time=6 type=P
[C2070] COMPLETE server=3
[C2071] NEW REQUEST queued time=14 type=P
[C2071] ASSIGN server=3 time=9 type=P
[C2077] COMPLETE server=1
[C2078] NEW REQUEST queued time=3 type=S
[C2078] ASSIGN server=1 time=11 type=S
[C2079] COMPLETE server=3
[C2080] ASSIGN server=3 time=4 type=P
[C2081] NEW REQUEST queued time=3 type=P
[C2082] COMPLETE server=5
[C2083] NEW REQUEST queued time=10 type=P
[C2083] ASSIGN server=5 time=4 type=S
[C2083] COMPLETE server=3
[C2084] ASSIGN server=3 time=7 type=P
[C2086] COMPLETE server=5
[C2087] ASSIGN server=5 time=13 type=P
[C2088] NEW REQUEST queued time=15 type=S
[C2088] COMPLETE server=1
[C2089] ASSIGN server=1 time=10 type=P
[C2090] COMPLETE server=3
[C2091] ASSIGN server=3 time=14 type=P
[C2092] NEW REQUEST queued time=9 type=S
[C2098] COMPLETE server=1
[C2099] ASSIGN server=1 time=12 type=P
[C2099] COMPLETE server=5
[C2100] NEW REQUEST queued time=5 type=P
[C2100] ASSIGN server=5 time=11 type=S
[C2100] SNAPSHOT queue=164 servers=3 busy=3 cooldownLeft=0 completed=1448 rejected=7
[C2102] NEW REQUEST queued time=8 type=P
[C2104] NEW REQUEST queued time=4 type=S
[C2104] COMPLETE server=3
[C2105] ASSIGN server=3 time=5 type=S
[C2109] COMPLETE server=3
[C2110] NEW REQUEST queued time=15 type=P
[C2110] ASSIGN server=3 time=6 type=S
[C2110] COMPLETE server=1
[C2110] COMPLETE server=5
[C2111] ASSIGN server=1 time=7 type=P
[C2111] ASSIGN server=5 time=6 type=S
[C2113] NEW REQUEST queued time=15 type=S
[C2115] COMPLETE server=3
[C2116] ASSIGN server=3 time=7 type=S
[C2116] COMPLETE server=5
[C2117] ASSIGN server=5 time=5 type=P
[C2117] COMPLETE server=1
[C2118] ASSIGN server=1 time=4 type=S
[C2120] NEW REQUEST queued time=7 type=P
[C2121] COMPLETE server=1
[C2121] COMPLETE server=5
[C2122] NEW REQUEST queued time=15 type=P
[C2122] ASSIGN server=1 time=10 type=S
[C2122] ASSIGN server=5 time=8 type=S
[C2122] COMPLETE server=3
[C2123] NEW REQUEST queued time=10 type=S
[C2123] ASSIGN server=3 time=13 type=P
[C2129] COMPLETE server=5
[C2130] ASSIGN server=5 time=11 type=P
[C2131] COMPLETE server=1
[C2132] ASSIGN server=1 time=6 type=P
[C2133] NEW REQUEST queued time=11 type=S
[C2134] NEW REQUEST queued time=11 type=S
[C2135] COMPLETE server=3
[C2136] NEW REQUEST queued time=8 type=S
[C2136] ASSIGN server=3 time=5 type=P
[C2137] NEW REQUEST queued time=7 type=P
[C2137] COMPLETE server=1
[C2138] NEW REQUEST queued time=11 type=P
[C2138] ASSIGN server=1 time=11 type=S
[C2140] COMPLETE server=3
[C2140] COMPLETE server=5
[C2141] ASSIGN server=3 time=7 type=P
[C2141] ASSIGN server=5 time=5 type=S
[C2143] NEW REQUEST queued time=2 type=S
[C2145] COMPLETE server=5
[C2146] NEW REQUEST queued time=13 type=P
[C2146] ASSIGN server=5 time=2 type=S
[C2147] COMPLETE server=3
[C2147] COMPLETE server=5
[C2148] ASSIGN server=3 time=9 type=P
[C2148] ASSIGN server=5 time=4 type=S
[C2148] COMPLETE server=1
[C2149] ASSIGN server=1 time=14 type=S
[C2150] SNAPSHOT queue=158 servers=3 busy=3 cooldownLeft=0 completed=1468 rejected=7
[C2151] COMPLETE server=5
[C2152] ASSIGN server=5 time=6 type=S
[C2156] COMPLETE server=3
[C2157] ASSIGN server=3 time=5 type=P
[C2157] COMPLETE server=5
[C2158] ASSIGN server=5 time=4 type=P
[C2159] NEW REQUEST queued time=3 type=S
[C2160] NEW REQUEST queued time=3 type=S
[C2161] COMPLETE server=3
[C2161] COMPLETE server=5
[C2162] NEW REQUEST queued time=3 type=S
[C2162] ASSIGN server=3 time=11 type=P
[C2162] ASSIGN server=5 time=13 type=S
[C2162] COMPLETE server=1
[C2163] ASSIGN server=1 time=4 type=P
[C2166] COMPLETE server=1
[C2167] NEW REQUEST queued time=5 type=S
[C2167] ASSIGN server=1 time=11 type=S
[C2168] NEW REQUEST queued time=2 type=P
[C2172] NEW REQUEST queued time=10 type=P
[C2172] COMPLETE server=3
[C2173] ASSIGN server=3 time=2 type=S
[C2174] NEW REQUEST queued time=4 type=P
[C2174] COMPLETE server=3
[C2174] COMPLETE server=5
[C2175] ASSIGN server=3 time=5 type=P
[C2175] ASSIGN server=5 time=15 type=P
[C2177] COMPLETE server=1
[C2178] ASSIGN server=1 time=5 type=S
[C2179] COMPLETE server=3
[C2180] ASSIGN server=3 time=13 type=S
[C2182] NEW REQUEST queued time=15 type=S
[C2182] COMPLETE server=1
[C2183] ASSIGN server=1 time=6 type=P
[C2187] NEW REQUEST queued time=8 type=S
[C2188] NEW REQUEST queued time=10 type=P
[C2188] COMPLETE server=1
[C2189] ASSIGN server=1 time=2 type=S
[C2189] COMPLETE server=5
[C2190] ASSIGN server=5 time=11 type=S
[C2190] COMPLETE server=1
[C2191] ASSIGN server=1 time=5 type=P
[C2192] NEW REQUEST queued time=8 type=S
[C2192] COMPLETE server=3
[C2193] NEW REQUEST queued time=9 type=S
[C2193] ASSIGN server=3 time=3 type=P
[C2194] NEW REQUEST queued time=4 type=P
[C2195] COMPLETE server=1
[C2195] COMPLETE server=3
[C2196] ASSIGN server=1 time=6 type=S
[C2196] ASSIGN server=3 time=6 type=S
[C2200] COMPLETE server=5
[C2200] SNAPSHOT queue=152 servers=3 busy=2 cooldownLeft=0 completed=1488 rejected=7
[C2201] ASSIGN server=5 time=11 type=P
[C2201] COMPLETE server=1
[C2201] COMPLETE server=3
[C2202] ASSIGN server=1 time=14 type=S
[C2202] ASSIGN server=3 time=12 type=S
[C2202] SCALE DOWN removed=5 -> servers=2 cooldown=25
[C2208] NEW REQUEST queued time=13 type=P
[C2213] NEW REQUEST queued time=8 type=P
[C2213] COMPLETE server=3
[C2214] ASSIGN server=3 time=13 type=P
[C2215] COMPLETE server=1
[C2216] ASSIGN server=1 time=13 type=S
[C2218] NEW REQUEST queued time=6 type=P
[C2219] NEW REQUEST queued time=11 type=P
[C2222] NEW REQUEST queued time=8 type=P
[C2224] NEW REQUEST queued time=4 type=S
[C2225] NEW REQUEST queued time=5 type=S
[C2226] COMPLETE server=3
[C2227] ASSIGN server=3 time=5 type=P
[C2228] NEW REQUEST queued time=4 type=S
[C2228] COMPLETE server=1
[C2229] ASSIGN server=1 time=5 type=P
[C2231] COMPLETE server=3
[C2232] NEW REQUEST queued time=9 type=P
[C2232] ASSIGN server=3 time=9 type=S
[C2233] NEW REQUEST queued time=3 type=S
[C2233] COMPLETE server=1
[C2234] ASSIGN server=1 time=6 type=S
[C2235] NEW REQUEST queued time=14 type=P
[C2238] NEW REQUEST queued time=8 type=S
[C2239] NEW REQUEST queued time=11 type=S
[C2239] COMPLETE server=1
[C2240] ASSIGN server=1 time=14 type=P
[C2240] COMPLETE server=3
[C2241] ASSIGN server=3 time=2 type=P
[C2242] COMPLETE server=3
[C2243] NEW REQUEST queued time=12 type=P
[C2243] ASSIGN server=3 time=11 type=S
[C2245] NEW REQUEST queued time=8 type=P
[C2246] NEW REQUEST queued time=15 type=P
[C2248] NEW REQUEST queued time=6 type=P
[C2250] SNAPSHOT queue=157 servers=2 busy=2 cooldownLeft=0 completed=1499 rejected=7
[C2253] NEW REQUEST queued time=2 type=S
[C2253] COMPLETE server=1
[C2253] COMPLETE server=3
[C2254] NEW REQUEST queued time=15 type=S
[C2254] ASSIGN server=1 time=14 type=S
[C2254] ASSIGN server=3 time=10 type=P
[C2255] NEW REQUEST queued time=12 type=S
[C2256] NEW REQUEST queued time=4 type=S
[C2257] NEW REQUEST queued time=10 type=S
[C2262] NEW REQUEST queued time=6 type=S
[C2262] SCALE UP -> servers=3 cooldown=25
[C2263] ASSIGN server=13 time=10 type=S
[C2263] COMPLETE server=3
[C2264] NEW REQUEST queued time=5 type=S
[C2264] ASSIGN server=3 time=6 type=S
[C2266] NEW REQUEST queued time=3 type=S
[C2267] COMPLETE server=1
[C2268] ASSIGN server=1 time=6 type=S
[C2269] NEW REQUEST queued time=12 type=S
[C2269] COMPLETE server=3
[C2270] ASSIGN server=3 time=10 type=P
[C2272] NEW REQUEST queued time=8 type=S
[C2272] COMPLETE server=13
[C2273] ASSIGN server=13 time=3 type=S
[C2273] COMPLETE server=1
[C2274] ASSIGN server=1 time=15 type=P
[C2275] COMPLETE server=13
[C2276] NEW REQUEST queued time=9 type=P
[C2276] ASSIGN server=13 time=15 type=P
[C2277] NEW REQUEST queued time=11 type=S
[C2279] COMPLETE server=3
[C2280] ASSIGN server=3 time=15 type=P
[C2287] NEW REQUEST queued time=14 type=S
[C2288] COMPLETE server=1
[C2289] ASSIGN server=1 time=15 type=P
[C2290] COMPLETE server=13
[C2291] NEW REQUEST queued time=3 type=P
[C2291] ASSIGN server=13 time=10 type=P
[C2292] NEW REQUEST queued time=13 type=S
[C2294] COMPLETE server=3
[C2295] NEW REQUEST queued time=13 type=P
[C2295] ASSIGN server=3 time=10 type=S
[C2298] NEW REQUEST queued time=6 type=P
[C2299] NEW REQUEST queued time=7 type=P
[C2300] NEW REQUEST queued time=4 type=S
[C2300] COMPLETE server=13
[C2300] SNAPSHOT queue=163 servers=3 busy=2 cooldownLeft=0 completed=1512 rejected=7
[C2301] ASSIGN server=13 time=11 type=S
[C2302] NEW REQUEST queued time=6 type=P
[C2303] COMPLETE server=1
[C2304] NEW REQUEST queued time=13 type=S
[C2304] ASSIGN server=1 time=12 type=P
[C2304] COMPLETE server=3
[C2305] NEW REQUEST queued time=15 type=S
[C2305] ASSIGN server=3 time=8 type=P
[C2307] NEW REQUEST queued time=9 type=P
[C2311] NEW REQUEST queued time=5 type=S
[C2311] COMPLETE server=13
[C2312] ASSIGN server=13 time=11 type=P
[C2312] COMPLETE server=3
[C2313] ASSIGN server=3 time=10 type=S
[C2315] COMPLETE server=1
[C2316] ASSIGN server=1 time=11 type=P
[C2319] NEW REQUEST queued time=15 type=P
[C2321] NEW REQUEST queued time=13 type=P
[C2322] COMPLETE server=3
[C2322] COMPLETE server=13
[C2323] NEW REQUEST queued time=10 type=P
[C2323] ASSIGN server=3 time=2 type=S
[C2323] ASSIGN server=13 time=15 type=S
[C2324] COMPLETE server=3
[C2325] ASSIGN server=3 time=6 type=P
[C2326] COMPLETE server=1
[C2327] ASSIGN server=1 time=2 type=S
[C2328] COMPLETE server=1
[C2329] ASSIGN server=1 time=12 type=S
[C2330] NEW REQUEST queued time=6 type=S
[C2330] COMPLETE server=3
[C2331] NEW REQUEST queued time=11 type=S
[C2331] ASSIGN server=3 time=11 type=S
[C2332] NEW REQUEST queued time=6 type=P
[C2335] NEW REQUEST queued time=13 type=P
[C2337] COMPLETE server=13
[C2338] NEW REQUEST queued time=8 type=S
[C2338] ASSIGN server=13 time=13 type=P
[C2340] COMPLETE server=1
[C2341] NEW REQUEST queued time=6 type=P
[C2341] ASSIGN server=1 time=5 type=P
[C2341] COMPLETE server=3
[C2342] ASSIGN server=3 time=13 type=P
[C2345] COMPLETE server=1
[C2346] ASSIGN server=1 time=3 type=P
[C2348] NEW REQUEST queued time=7 type=P
[C2348] COMPLETE server=1
[C2349] NEW REQUEST queued time=3 type=S
[C2349] ASSIGN server=1 time=13 type=P
[C2350] NEW REQUEST queued time=7 type=S
[C2350] COMPLETE server=13
[C2350] SNAPSHOT queue=163 servers=3 busy=2 cooldownLeft=0 completed=1529 rejected=7
[C2351] NEW REQUEST queued time=10 type=S
[C2351] ASSIGN server=13 time=13 type=S
[C2354] COMPLETE server=3
[C2355] ASSIGN server=3 time=15 type=S
[C2357] NEW REQUEST queued time=10 type=P
[C2358] NEW REQUEST queued time=14 type=P
[C2359] NEW REQUEST queued time=10 type=P
[C2361] NEW REQUEST queued time=10 type=P
[C2361] COMPLETE server=1
[C2362] ASSIGN server=1 time=9 type=S
[C2363] COMPLETE server=13
[C2364] ASSIGN server=13 time=6 type=P
[C2365] NEW REQUEST queued time=14 type=S
[C2367] NEW REQUEST queued time=7 type=S
[C2369] COMPLETE server=3
[C2369] COMPLETE server=13
[C2370] ASSIGN server=3 time=13 type=S
[C2370] ASSIGN server=13 time=4 type=P
[C2370] COMPLETE server=1
[C2371] NEW REQUEST queued time=9 type=S
[C2371] ASSIGN server=1 time=4 type=S
[C2372] NEW REQUEST queued time=12 type=S
[C2373] COMPLETE server=13
[C2374] ASSIGN server=13 time=4 type=S
[C2374] COMPLETE server=1
[C2375] ASSIGN server=1 time=11 type=S
[C2377] NEW REQUEST queued time=14 type=S
[C2377] COMPLETE server=13
[C2378] ASSIGN server=13 time=5 type=S
[C2382] COMPLETE server=3
[C2382] COMPLETE server=13
[C2383] ASSIGN server=3 time=2 type=S
[C2383] ASSIGN server=13 time=12 type=S
[C2384] COMPLETE server=3
[C2385] ASSIGN server=3 time=2 type=S
[C2385] COMPLETE server=1
[C2386] ASSIGN server=1 time=6 type=P
[C2386] COMPLETE server=3
[C2387] ASSIGN server=3 time=6 type=S
[C2388] NEW REQUEST queued time=13 type=S
[C2390] NEW REQUEST queued time=4 type=P
[C2391] COMPLETE server=1
[C2392] ASSIGN server=1 time=14 type=P
[C2392] COMPLETE server=3
[C2393] NEW REQUEST queued time=10 type=S
[C2393] ASSIGN server=3 time=10 type=P
[C2394] COMPLETE server=13
[C2395] ASSIGN server=13 time=14 type=S
[C2400] SNAPSHOT queue=158 servers=3 busy=3 cooldownLeft=0 completed=1546 rejected=7
[C2402] COMPLETE server=3
[C2403] NEW REQUEST queued time=11 type=P
[C2403] ASSIGN server=3 time=4 type=P
[C2405] NEW REQUEST queued time=10 type=S
[C2405] COMPLETE server=1
[C2406] NEW REQUEST queued time=8 type=P
[C2406] ASSIGN server=1 time=3 type=S
[C2406] COMPLETE server=3
[C2407] NEW REQUEST queued time=7 type=P
[C2407] ASSIGN server=3 time=6 type=P
[C2408] COMPLETE server=1
[C2408] COMPLETE server=13
[C2409] ASSIGN server=1 time=7 type=P
[C2409] ASSIGN server=13 time=2 type=P
[C2410] COMPLETE server=13
[C2411] ASSIGN server=13 time=2 type=S
[C2412] COMPLETE server=3
[C2412] COMPLETE server=13
[C2413] NEW REQUEST queued time=5 type=P
[C2413] ASSIGN server=3 time=6 type=P
[C2413] ASSIGN server=13 time=15 type=P
[C2415] NEW REQUEST queued time=12 type=S
[C2415] COMPLETE server=1
[C2416] NEW REQUEST queued time=9 type=S
[C2416] ASSIGN server=1 time=13 type=P
[C2418] COMPLETE server=3
[C2419] ASSIGN server=3 time=15 type=S
[C2422] NEW REQUEST queued time=9 type=P
[C2423] NEW REQUEST queued time=11 type=S
[C2427] NEW REQUEST queued time=5 type=S
[C2427] COMPLETE server=13
[C2428] ASSIGN server=13 time=5 type=S
[C2428] COMPLETE server=1
[C2429] NEW REQUEST queued time=14 type=S
[C2429] ASSIGN server=1 time=9 type=P
[C2430] NEW REQUEST queued time=12 type=P
[C2432] COMPLETE server=13
[C2433] ASSIGN server=13 time=12 type=S
[C2433] COMPLETE server=3
[C2434] ASSIGN server=3 time=2 type=S
[C2435] COMPLETE server=3
[C2436] ASSIGN server=3 time=4 type=S
[C2437] NEW REQUEST queued time=13 type=P
[C2437] COMPLETE server=1
[C2438] ASSIGN server=1 time=11 type=S
[C2439] COMPLETE server=3
[C2440] ASSIGN server=3 time=10 type=P
[C2442] NEW REQUEST queued time=6 type=P
[C2444] COMPLETE server=13
[C2445] NEW REQUEST queued time=14 type=S
[C2445] ASSIGN server=13 time=4 type=S
[C2448] COMPLETE server=1
[C2448] COMPLETE server=13
[C2449] ASSIGN server=1 time=11 type=S
[C2449] ASSIGN server=13 time=13 type=P
[C2449] COMPLETE server=3
[C2450] ASSIGN server=3 time=4 type=S
[C2450] SNAPSHOT queue=152 servers=3 busy=3 cooldownLeft=0 completed=1567 rejected=7
[C2453] COMPLETE server=3
[C2454] ASSIGN server=3 time=13 type=S
[C2457] NEW REQUEST queued time=2 type=P
[C2459] NEW REQUEST queued time=12 type=S
[C2459] COMPLETE server=1
[C2460] ASSIGN server=1 time=9 type=P
[C2461] COMPLETE server=13
[C2462] NEW REQUEST queued time=7 type=S
[C2462] ASSIGN server=13 time=6 type=P
[C2466] COMPLETE server=3
[C2467] ASSIGN server=3 time=14 type=S
[C2467] COMPLETE server=13
[C2468] ASSIGN server=13 time=15 type=P
[C2468] COMPLETE server=1
[C2469] NEW REQUEST queued time=12 type=S
[C2469] ASSIGN server=1 time=14 type=P
[C2476] NEW REQUEST queued time=15 type=P
[C2480] COMPLETE server=3
[C2481] NEW REQUEST queued time=8 type=P
[C2481] ASSIGN server=3 time=10 type=S
[C2482] NEW REQUEST queued time=6 type=P
[C2482] COMPLETE server=1
[C2482] COMPLETE server=13
[C2483] ASSIGN server=1 time=10 type=S
[C2483] ASSIGN server=13 time=14 type=S
[C2484] NEW REQUEST queued time=5 type=S
[C2485] NEW REQUEST queued time=3 type=S
[C2490] COMPLETE server=3
[C2491] ASSIGN server=3 time=11 type=P
[C2492] COMPLETE server=1
[C2493] ASSIGN server=1 time=5 type=P
[C2495] NEW REQUEST queued time=7 type=P
[C2496] COMPLETE server=13
[C2497] ASSIGN server=13 time=2 type=P
[C2497] COMPLETE server=1
[C2498] ASSIGN server=1 time=14 type=S
[C2498] COMPLETE server=13
[C2498] SCALE DOWN removed=13 -> servers=2 cooldown=25
[C2500] SNAPSHOT queue=149 servers=2 busy=2 cooldownLeft=23 completed=1581 rejected=7
[C2501] COMPLETE server=3
[C2502] ASSIGN server=3 time=4 type=S
[C2505] NEW REQUEST queued time=7 type=S
[C2505] COMPLETE server=3
[C2506] ASSIGN server=3 time=10 type=S
[C2511] COMPLETE server=1
[C2512] ASSIGN server=1 time=6 type=P
[C2515] COMPLETE server=3
[C2516] ASSIGN server=3 time=9 type=S
[C2517] NEW REQUEST queued time=11 type=P
[C2517] COMPLETE server=1
[C2518] ASSIGN server=1 time=6 type=S
[C2520] NEW REQUEST queued time=12 type=P
[C2522] NEW REQUEST queued time=8 type=P
[C2523] COMPLETE server=1
[C2524] ASSIGN server=1 time=5 type=P
[C2524] COMPLETE server=3
[C2525] ASSIGN server=3 time=6 type=S
[C2527] NEW REQUEST queued time=13 type=S
[C2528] COMPLETE server=1
[C2529] ASSIGN server=1 time=3 type=S
[C2530] NEW REQUEST queued time=15 type=P
[C2530] COMPLETE server=3
[C2531] ASSIGN server=3 time=15 type=S
[C2531] COMPLETE server=1
[C2532] NEW REQUEST queued time=14 type=P
[C2532] ASSIGN server=1 time=6 type=S
[C2533] NEW REQUEST queued time=6 type=S
[C2534] NEW REQUEST queued time=7 type=P
[C2537] COMPLETE server=1
[C2538] ASSIGN server=1 time=9 type=S
[C2545] COMPLETE server=3
[C2546] ASSIGN server=3 time=12 type=S
[C2546] COMPLETE server=1
[C2547] ASSIGN server=1 time=7 type=S
[C2548] NEW REQUEST queued time=6 type=P
[C2550] SNAPSHOT queue=146 servers=2 busy=2 cooldownLeft=0 completed=1594 rejected=7
[C2551] NEW REQUEST queued time=7 type=S
[C2553] COMPLETE server=1
[C2554] ASSIGN server=1 time=3 type=P
[C2555] NEW REQUEST queued time=13 type=P
[C2556] COMPLETE server=1
[C2557] ASSIGN server=1 time=10 type=S
[C2557] COMPLETE server=3
[C2558] NEW REQUEST queued time=12 type=P
[C2558] ASSIGN server=3 time=4 type=S
[C2559] NEW REQUEST queued time=13 type=P
[C2560] NEW REQUEST queued time=12 type=P
[C2561] NEW REQUEST queued time=3 type=P
[C2561] COMPLETE server=3
[C2562] NEW REQUEST queued time=10 type=S
[C2562] ASSIGN server=3 time=11 type=S
[C2564] NEW REQUEST queued time=2 type=S
[C2565] NEW REQUEST queued time=13 type=S
[C2566] COMPLETE server=1
[C2567] NEW REQUEST queued time=14 type=S
[C2567] ASSIGN server=1 time=8 type=S
[C2568] NEW REQUEST queued time=4 type=S
[C2569] NEW REQUEST queued time=12 type=P
[C2572] COMPLETE server=3
[C2573] NEW REQUEST queued time=3 type=S
[C2573] ASSIGN server=3 time=2 type=S
[C2574] COMPLETE server=1
[C2574] COMPLETE server=3
[C2575] ASSIGN server=1 time=6 type=P
[C2575] ASSIGN server=3 time=8 type=S
[C2577] NEW REQUEST queued time=15 type=P
[C2580] NEW REQUEST queued time=7 type=S
[C2580] COMPLETE server=1
[C2581] NEW REQUEST queued time=10 type=S
[C2581] ASSIGN server=1 time=14 type=S
[C2582] NEW REQUEST queued time=15 type=S
[C2582] COMPLETE server=3
[C2583] NEW REQUEST queued time=5 type=P
[C2583] ASSIGN server=3 time=12 type=P
[C2585] NEW REQUEST queued time=14 type=S
[C2591] NEW REQUEST queued time=5 type=S
[C2592] NEW REQUEST queued time=15 type=S
[C2593] NEW REQUEST queued time=11 type=S
[C2594] COMPLETE server=1
[C2594] COMPLETE server=3
[C2595] ASSIGN server=1 time=6 type=P
[C2595] ASSIGN server=3 time=14 type=P
[C2600] NEW REQUEST queued time=13 type=S
[C2600] COMPLETE server=1
[C2600] SNAPSHOT queue=157 servers=2 busy=1 cooldownLeft=0 completed=1607 rejected=7
[C2601] NEW REQUEST queued time=7 type=S
[C2601] ASSIGN server=1 time=3 type=S
[C2603] NEW REQUEST queued time=7 type=S
[C2603] COMPLETE server=1
[C2604] ASSIGN server=1 time=3 type=P
[C2606] COMPLETE server=1
[C2607] ASSIGN server=1 time=10 type=P
[C2608] NEW REQUEST queued time=14 type=S
[C2608] COMPLETE server=3
[C2609] ASSIGN server=3 time=15 type=S
[C2610] NEW REQUEST queued time=10 type=S
[C2611] NEW REQUEST queued time=14 type=S
[C2612] NEW REQUEST queued time=7 type=P
[C2616] COMPLETE server=1
[C2617] ASSIGN server=1 time=9 type=S
[C2620] NEW REQUEST queued time=15 type=P
[C2623] COMPLETE server=3
[C2624] ASSIGN server=3 time=5 type=P
[C2625] COMPLETE server=1
[C2626] ASSIGN server=1 time=8 type=P
[C2628] NEW REQUEST queued time=3 type=P
[C2628] COMPLETE server=3
[C2629] NEW REQUEST queued time=12 type=P
[C2629] ASSIGN server=3 time=4 type=S
[C2632] NEW REQUEST queued time=11 type=P
[C2632] COMPLETE server=3
[C2633] NEW REQUEST queued time=6 type=S
[C2633] ASSIGN server=3 time=15 type=P
[C2633] COMPLETE server=1
[C2634] NEW REQUEST queued time=11 type=P
[C2634] ASSIGN server=1 time=15 type=S
[C2637] NEW REQUEST queued time=6 type=P
[C2639] NEW REQUEST queued time=5 type=P
[C2639] SCALE UP -> servers=3 cooldown=25
[C2640] ASSIGN server=14 time=7 type=P
[C2641] NEW REQUEST queued time=7 type=P
[C2644] NEW REQUEST queued time=13 type=S
[C2646] COMPLETE server=14
[C2647] ASSIGN server=14 time=15 type=P
[C2647] COMPLETE server=3
[C2648] ASSIGN server=3 time=10 type=S
[C2648] COMPLETE server=1
[C2649] ASSIGN server=1 time=11 type=S
[C2650] SNAPSHOT queue=159 servers=3 busy=3 cooldownLeft=14 completed=1619 rejected=7
[C2651] NEW REQUEST queued time=3 type=S
[C2654] NEW REQUEST queued time=6 type=P
[C2657] COMPLETE server=3
[C2658] ASSIGN server=3 time=11 type=S
[C2659] COMPLETE server=1
[C2660] ASSIGN server=1 time=8 type=S
[C2661] NEW REQUEST queued time=15 type=P
[C2661] COMPLETE server=14
[C2662] NEW REQUEST queued time=14 type=S
[C2662] ASSIGN server=14 time=7 type=P
[C2667] COMPLETE server=1
[C2668] NEW REQUEST queued time=3 type=P
[C2668] ASSIGN server=1 time=11 type=P
[C2668] COMPLETE server=3
[C2668] COMPLETE server=14
[C2669] ASSIGN server=3 time=2 type=S
[C2669] ASSIGN server=14 time=13 type=P
[C2670] NEW REQUEST queued time=3 type=S
[C2670] COMPLETE server=3
[C2671] ASSIGN server=3 time=3 type=S
[C2673] COMPLETE server=3
[C2674] ASSIGN server=3 time=3 type=S
[C2676] COMPLETE server=3
[C2677] ASSIGN server=3 time=3 type=S
[C2678] COMPLETE server=1
[C2679] ASSIGN server=1 time=5 type=S
[C2679] COMPLETE server=3
[C2680] ASSIGN server=3 time=2 type=P
[C2681] NEW REQUEST queued time=11 type=P
[C2681] COMPLETE server=3
[C2681] COMPLETE server=14
[C2682] ASSIGN server=3 time=10 type=P
[C2682] ASSIGN server=14 time=4 type=P
[C2683] FIREWALL REJECT sourceIp=10.248.14.230
[C2683] COMPLETE server=1
[C2684] ASSIGN server=1 time=15 type=S
[C2685] COMPLETE server=14
[C2686] NEW REQUEST queued time=10 type=P
[C2686] ASSIGN server=14 time=8 type=S
[C2691] COMPLETE server=3
[C2692] NEW REQUEST queued time=12 type=S
[C2692] ASSIGN server=3 time=10 type=P
[C2693] COMPLETE server=14
[C2694] ASSIGN server=14 time=8 type=S
[C2695] NEW REQUEST queued time=11 type=S
[C2698] COMPLETE server=1
[C2699] ASSIGN server=1 time=9 type=S
[C2700] SNAPSHOT queue=151 servers=3 busy=3 cooldownLeft=0 completed=1637 rejected=8
[C2701] COMPLETE server=3
[C2701] COMPLETE server=14
[C2702] ASSIGN server=3 time=4 type=P
[C2702] ASSIGN server=14 time=13 type=P
[C2702] SCALE DOWN removed=14 -> servers=2 cooldown=25
[C2705] COMPLETE server=3
[C2706] ASSIGN server=3 time=8 type=P
[C2707] COMPLETE server=1
[C2708] NEW REQUEST queued time=7 type=P
[C2708] ASSIGN server=1 time=6 type=P
[C2711] NEW REQUEST queued time=10 type=P
[C2712] NEW REQUEST queued time=10 type=P
[C2713] COMPLETE server=1
[C2713] COMPLETE server=3
[C2714] NEW REQUEST queued time=5 type=P
[C2714] ASSIGN server=1 time=11 type=P
[C2714] ASSIGN server=3 time=8 type=P
[C2716] NEW REQUEST queued time=11 type=P
[C2719] NEW REQUEST queued time=8 type=S
[C2720] NEW REQUEST queued time=13 type=P
[C2721] NEW REQUEST queued time=14 type=P
[C2721] COMPLETE server=3
[C2722] ASSIGN server=3 time=4 type=S
[C2724] COMPLETE server=1
[C2725] ASSIGN server=1 time=5 type=S
[C2725] COMPLETE server=3
[C2726] ASSIGN server=3 time=4 type=S
[C2729] COMPLETE server=1
[C2729] COMPLETE server=3
[C2730] ASSIGN server=1 time=9 type=P
[C2730] ASSIGN server=3 time=3 type=S
[C2731] NEW REQUEST queued time=9 type=P
[C2732] COMPLETE server=3
[C2733] NEW REQUEST queued time=13 type=S
[C2733] ASSIGN server=3 time=14 type=P
[C2735] NEW REQUEST queued time=3 type=P
[C2738] COMPLETE server=1
[C2739] ASSIGN server=1 time=8 type=S
[C2744] NEW REQUEST queued time=8 type=S
[C2746] NEW REQUEST queued time=5 type=P
[C2746] COMPLETE server=1
[C2746] COMPLETE server=3
[C2747] ASSIGN server=1 time=11 type=S
[C2747] ASSIGN server=3 time=12 type=P
[C2748] NEW REQUEST queued time=8 type=S
[C2750] SNAPSHOT queue=150 servers=2 busy=2 cooldownLeft=0 completed=1652 rejected=8
[C2751] NEW REQUEST queued time=7 type=S
[C2757] NEW REQUEST queued time=12 type=P
[C2757] COMPLETE server=1
[C2758] ASSIGN server=1 time=8 type=P
[C2758] COMPLETE server=3
[C2759] NEW REQUEST queued time=9 type=P
[C2759] ASSIGN server=3 time=15 type=P
[C2765] NEW REQUEST queued time=13 type=S
[C2765] COMPLETE server=1
[C2766] ASSIGN server=1 time=6 type=P
[C2767] NEW REQUEST queued time=7 type=P
[C2771] COMPLETE server=1
[C2772] NEW REQUEST queued time=4 type=P
[C2772] ASSIGN server=1 time=2 type=S
[C2773] COMPLETE server=1
[C2773] COMPLETE server=3
[C2774] ASSIGN server=1 time=15 type=S
[C2774] ASSIGN server=3 time=12 type=S
[C2775] NEW REQUEST queued time=14 type=P
[C2780] NEW REQUEST queued time=10 type=P
[C2782] NEW REQUEST queued time=11 type=S
[C2784] NEW REQUEST queued time=11 type=P
[C2785] COMPLETE server=3
[C2786] ASSIGN server=3 time=4 type=S
[C2787] NEW REQUEST queued time=11 type=P
[C2788] COMPLETE server=1
[C2789] NEW REQUEST queued time=8 type=P
[C2789] ASSIGN server=1 time=10 type=S
[C2789] COMPLETE server=3
[C2790] NEW REQUEST queued time=14 type=P
[C2790] ASSIGN server=3 time=6 type=S
[C2792] NEW REQUEST queued time=15 type=S
[C2793] NEW REQUEST queued time=14 type=P
[C2795] COMPLETE server=3
[C2796] ASSIGN server=3 time=5 type=S
[C2798] COMPLETE server=1
[C2799] ASSIGN server=1 time=3 type=S
[C2800] NEW REQUEST queued time=4 type=P
[C2800] COMPLETE server=3
[C2800] SNAPSHOT queue=155 servers=2 busy=1 cooldownLeft=0 completed=1664 rejected=8
[C2801] NEW REQUEST queued time=8 type=P
[C2801] ASSIGN server=3 time=12 type=S
[C2801] COMPLETE server=1
[C2802] ASSIGN server=1 time=8 type=S
[C2803] NEW REQUEST queued time=12 type=P
[C2805] NEW REQUEST queued time=2 type=P
[C2809] NEW REQUEST queued time=15 type=P
[C2809] COMPLETE server=1
[C2810] ASSIGN server=1 time=9 type=P
[C2812] COMPLETE server=3
[C2813] NEW REQUEST queued time=9 type=P
[C2813] ASSIGN server=3 time=11 type=S
[C2818] NEW REQUEST queued time=12 type=P
[C2818] COMPLETE server=1
[C2819] ASSIGN server=1 time=14 type=S
[C2823] COMPLETE server=3
[C2824] NEW REQUEST queued time=5 type=S
[C2824] ASSIGN server=3 time=3 type=P
[C2826] COMPLETE server=3
[C2827] NEW REQUEST queued time=11 type=P
[C2827] ASSIGN server=3 time=13 type=S
[C2828] NEW REQUEST queued time=3 type=P
[C2831] NEW REQUEST queued time=3 type=S
[C2832] NEW REQUEST queued time=3 type=P
[C2832] COMPLETE server=1
[C2833] ASSIGN server=1 time=13 type=P
[C2834] NEW REQUEST queued time=2 type=P
[C2836] NEW REQUEST queued time=2 type=P
[C2837] NEW REQUEST queued time=13 type=S
[C2837] SCALE UP -> servers=3 cooldown=25
[C2838] ASSIGN server=15 time=6 type=P
[C2839] COMPLETE server=3
[C2840] ASSIGN server=3 time=7 type=P
[C2841] NEW REQUEST queued time=14 type=P
[C2843] COMPLETE server=15
[C2844] ASSIGN server=15 time=4 type=S
[C2845] NEW REQUEST queued time=3 type=P
[C2845] COMPLETE server=1
[C2846] NEW REQUEST queued time=10 type=S
[C2846] ASSIGN server=1 time=6 type=P
[C2846] COMPLETE server=3
[C2847] ASSIGN server=3 time=13 type=S
[C2847] COMPLETE server=15
[C2848] ASSIGN server=15 time=15 type=S
[C2850] SNAPSHOT queue=158 servers=3 busy=3 cooldownLeft=12 completed=1676 rejected=8
[C2851] COMPLETE server=1
[C2852] ASSIGN server=1 time=9 type=P
[C2855] NEW REQUEST queued time=10 type=S
[C2857] NEW REQUEST queued time=14 type=S
[C2859] NEW REQUEST queued time=5 type=S
[C2859] COMPLETE server=3
[C2860] ASSIGN server=3 time=5 type=S
[C2860] COMPLETE server=1
[C2861] ASSIGN server=1 time=15 type=P
[C2862] COMPLETE server=15
[C2863] ASSIGN server=15 time=13 type=P
[C2864] COMPLETE server=3
[C2865] ASSIGN server=3 time=10 type=P
[C2873] NEW REQUEST queued time=15 type=P
[C2874] COMPLETE server=3
[C2875] ASSIGN server=3 time=6 type=S
[C2875] COMPLETE server=1
[C2875] COMPLETE server=15
[C2876] ASSIGN server=1 time=11 type=S
[C2876] ASSIGN server=15 time=6 type=P
[C2877] NEW REQUEST queued time=3 type=S
[C2880] COMPLETE server=3
[C2881] ASSIGN server=3 time=13 type=P
[C2881] COMPLETE server=15
[C2882] ASSIGN server=15 time=8 type=S
[C2883] NEW REQUEST queued time=12 type=P
[C2886] COMPLETE server=1
[C2887] ASSIGN server=1 time=6 type=P
[C2888] NEW REQUEST queued time=6 type=S
[C2889] COMPLETE server=15
[C2890] ASSIGN server=15 time=7 type=P
[C2891] NEW REQUEST queued time=10 type=P
[C2892] NEW REQUEST queued time=8 type=P
[C2892] COMPLETE server=1
[C2893] NEW REQUEST queued time=4 type=P
[C2893] ASSIGN server=1 time=3 type=S
[C2893] COMPLETE server=3
[C2894] ASSIGN server=3 time=7 type=S
[C2895] COMPLETE server=1
[C2896] ASSIGN server=1 time=10 type=S
[C2896] COMPLETE server=15
[C2897] NEW REQUEST queued time=14 type=P
[C2897] ASSIGN server=15 time=10 type=P
[C2900] NEW REQUEST queued time=13 type=S
[C2900] COMPLETE server=3
[C2900] SNAPSHOT queue=154 servers=3 busy=2 cooldownLeft=0 completed=1693 rejected=8
[C2901] ASSIGN server=3 time=14 type=P
[C2902] NEW REQUEST queued time=13 type=S
[C2903] NEW REQUEST queued time=13 type=S
[C2905] COMPLETE server=1
[C2906] ASSIGN server=1 time=10 type=P
[C2906] COMPLETE server=15
[C2907] ASSIGN server=15 time=10 type=P
[C2910] NEW REQUEST queued time=4 type=S
[C2911] NEW REQUEST queued time=7 type=P
[C2914] COMPLETE server=3
[C2915] ASSIGN server=3 time=14 type=S
[C2915] COMPLETE server=1
[C2916] NEW REQUEST queued time=12 type=S
[C2916] ASSIGN server=1 time=7 type=S
[C2916] COMPLETE server=15
[C2917] NEW REQUEST queued time=4 type=S
[C2917] ASSIGN server=15 time=9 type=S
[C2920] NEW REQUEST queued time=6 type=S
[C2922] COMPLETE server=1
[C2923] ASSIGN server=1 time=12 type=S
[C2924] NEW REQUEST queued time=6 type=P
[C2925] COMPLETE server=15
[C2926] ASSIGN server=15 time=14 type=S
[C2927] NEW REQUEST queued time=10 type=S
[C2928] COMPLETE server=3
[C2929] NEW REQUEST queued time=10 type=P
[C2929] ASSIGN server=3 time=13 type=S
[C2931] NEW REQUEST queued time=4 type=S
[C2934] COMPLETE server=1
[C2935] ASSIGN server=1 time=4 type=P
[C2938] NEW REQUEST queued time=13 type=S
[C2938] COMPLETE server=1
[C2939] ASSIGN server=1 time=10 type=S
[C2939] COMPLETE server=15
[C2940] NEW REQUEST queued time=10 type=S
[C2940] ASSIGN server=15 time=11 type=P
[C2941] COMPLETE server=3
[C2942] ASSIGN server=3 time=10 type=S
[C2944] NEW REQUEST queued time=6 type=S
[C2945] NEW REQUEST queued time=9 type=P
[C2948] NEW REQUEST queued time=12 type=S
[C2948] COMPLETE server=1
[C2949] NEW REQUEST queued time=12 type=P
[C2949] ASSIGN server=1 time=8 type=P
[C2950] COMPLETE server=15
[C2950] SNAPSHOT queue=157 servers=3 busy=2 cooldownLeft=0 completed=1707 rejected=8
[C2951] ASSIGN server=15 time=7 type=P
[C2951] COMPLETE server=3
[C2952] ASSIGN server=3 time=5 type=P
[C2956] NEW REQUEST queued time=11 type=S
[C2956] COMPLETE server=1
[C2956] COMPLETE server=3
[C2957] NEW REQUEST queued time=11 type=P
[C2957] ASSIGN server=1 time=12 type=S
[C2957] ASSIGN server=3 time=9 type=S
[C2957] COMPLETE server=15
[C2958] ASSIGN server=15 time=9 type=P
[C2959] NEW REQUEST queued time=6 type=P
[C2965] COMPLETE server=3
[C2966] ASSIGN server=3 time=11 type=S
[C2966] COMPLETE server=15
[C2967] NEW REQUEST queued time=4 type=P
[C2967] ASSIGN server=15 time=5 type=S
[C2968] NEW REQUEST queued time=14 type=S
[C2968] COMPLETE server=1
[C2969] ASSIGN server=1 time=14 type=S
[C2971] COMPLETE server=15
[C2972] ASSIGN server=15 time=12 type=P
[C2975] NEW REQUEST queued time=15 type=S
[C2976] NEW REQUEST queued time=12 type=S
[C2976] COMPLETE server=3
[C2977] ASSIGN server=3 time=13 type=P
[C2979] NEW REQUEST queued time=7 type=S
[C2982] COMPLETE server=1
[C2983] ASSIGN server=1 time=6 type=P
[C2983] COMPLETE server=15
[C2984] ASSIGN server=15 time=14 type=S
[C2987] NEW REQUEST queued time=8 type=P
[C2988] COMPLETE server=1
[C2989] ASSIGN server=1 time=2 type=P
[C2989] COMPLETE server=3
[C2990] ASSIGN server=3 time=12 type=S
[C2990] COMPLETE server=1
[C2991] NEW REQUEST queued time=9 type=P
[C2991] ASSIGN server=1 time=7 type=S
[C2993] NEW REQUEST queued time=5 type=S
[C2994] NEW REQUEST queued time=6 type=S
[C2997] COMPLETE server=1
[C2997] COMPLETE server=15
[C2998] NEW REQUEST queued time=3 type=P
[C2998] ASSIGN server=1 time=12 type=S
[C2998] ASSIGN server=15 time=15 type=P
[C3000] SNAPSHOT queue=153 servers=3 busy=3 cooldownLeft=0 completed=1723 rejected=8
[C3001] COMPLETE server=3
[C3002] ASSIGN server=3 time=8 type=P
[C3005] NEW REQUEST queued time=11 type=S
[C3009] COMPLETE server=1
[C3009] COMPLETE server=3
[C3010] ASSIGN server=1 time=6 type=P
[C3010] ASSIGN server=3 time=5 type=S
[C3012] COMPLETE server=15
[C3013] NEW REQUEST queued time=6 type=S
[C3013] ASSIGN server=15 time=3 type=S
[C3014] NEW REQUEST queued time=5 type=P
[C3014] COMPLETE server=3
[C3015] ASSIGN server=3 time=7 type=P
[C3015] COMPLETE server=1
[C3015] COMPLETE server=15
[C3016] ASSIGN server=1 time=7 type=S
[C3016] ASSIGN server=15 time=11 type=P
[C3016] SCALE DOWN removed=15 -> servers=2 cooldown=25
[C3017] NEW REQUEST queued time=12 type=S
[C3021] NEW REQUEST queued time=9 type=S
[C3021] COMPLETE server=3
[C3022] ASSIGN server=3 time=12 type=P
[C3022] COMPLETE server=1
[C3023] NEW REQUEST queued time=4 type=P
[C3023] ASSIGN server=1 time=8 type=P
[C3027] NEW REQUEST queued time=2 type=S
[C3029] NEW REQUEST queued time=12 type=P
[C3030] COMPLETE server=1
[C3031] ASSIGN server=1 time=13 type=S
[C3032] NEW REQUEST queued time=3 type=S
[C3033] NEW REQUEST queued time=14 type=S
[C3033] COMPLETE server=3
[C3034] NEW REQUEST queued time=5 type=P
[C3034] ASSIGN server=3 time=15 type=P
[C3035] NEW REQUEST queued time=6 type=S
[C3036] NEW REQUEST queued time=13 type=S
[C3040] NEW REQUEST queued time=2 type=P
[C3042] NEW REQUEST queued time=13 type=S
[C3043] COMPLETE server=1
[C3044] ASSIGN server=1 time=14 type=P
[C3045] NEW REQUEST queued time=4 type=S
[C3046] NEW REQUEST queued time=10 type=S
[C3048] COMPLETE server=3
[C3049] ASSIGN server=3 time=6 type=S
[C3050] SNAPSHOT queue=157 servers=2 busy=2 cooldownLeft=0 completed=1736 rejected=8
[C3051] NEW REQUEST queued time=8 type=P
[C3054] NEW REQUEST queued time=2 type=P
[C3054] COMPLETE server=3
[C3055] ASSIGN server=3 time=7 type=P
[C3057] COMPLETE server=1
[C3058] ASSIGN server=1 time=6 type=P
[C3059] NEW REQUEST queued time=9 type=S
[C3061] NEW REQUEST queued time=14 type=S
[C3061] COMPLETE server=3
[C3062] NEW REQUEST queued time=12 type=S
[C3062] ASSIGN server=3 time=7 type=S
[C3063] NEW REQUEST queued time=15 type=P
[C3063] COMPLETE server=1
[C3064] ASSIGN server=1 time=13 type=P
[C3065] NEW REQUEST queued time=4 type=P
[C3068] COMPLETE server=3
[C3069] ASSIGN server=3 time=12 type=P
[C3073] NEW REQUEST queued time=5 type=S
[C3076] NEW REQUEST queued time=11 type=P
[C3076] COMPLETE server=1
[C3076] SCALE UP -> servers=3 cooldown=25
[C3077] ASSIGN server=1 time=13 type=P
[C3077] ASSIGN server=16 time=12 type=P
[C3079] NEW REQUEST queued time=7 type=P
[C3080] NEW REQUEST queued time=6 type=P
[C3080] COMPLETE server=3
[C3081] ASSIGN server=3 time=3 type=P
[C3083] COMPLETE server=3
[C3084] ASSIGN server=3 time=10 type=S
[C3088] COMPLETE server=16
[C3089] NEW REQUEST queued time=10 type=P
[C3089] ASSIGN server=16 time=2 type=S
[C3089] COMPLETE server=1
[C3090] NEW REQUEST queued time=10 type=S
[C3090] ASSIGN server=1 time=13 type=S
[C3090] COMPLETE server=16
[C3091] ASSIGN server=16 time=14 type=S
[C3092] NEW REQUEST queued time=8 type=S
[C3093] COMPLETE server=3
[C3094] NEW REQUEST queued time=9 type=P
[C3094] ASSIGN server=3 time=4 type=S
[C3097] NEW REQUEST queued time=8 type=S
[C3097] COMPLETE server=3
[C3098] NEW REQUEST queued time=2 type=S
[C3098] ASSIGN server=3 time=12 type=P
[C3099] NEW REQUEST queued time=6 type=S
[C3100] SNAPSHOT queue=161 servers=3 busy=3 cooldownLeft=1 completed=1749 rejected=8
[C3102] COMPLETE server=1
[C3103] ASSIGN server=1 time=3 type=S
[C3104] NEW REQUEST queued time=10 type=P
[C3104] COMPLETE server=16
[C3105] ASSIGN server=16 time=15 type=P
[C3105] COMPLETE server=1
[C3106] NEW REQUEST queued time=2 type=P
[C3106] ASSIGN server=1 time=7 type=S
[C3108] NEW REQUEST queued time=14 type=P
[C3109] COMPLETE server=3
[C3110] ASSIGN server=3 time=10 type=S
[C3111] NEW REQUEST queued time=13 type=P
[C3112] COMPLETE server=1
[C3113] ASSIGN server=1 time=15 type=S
[C3114] NEW REQUEST queued time=14 type=S
[C3119] COMPLETE server=3
[C3119] COMPLETE server=16
[C3120] NEW REQUEST queued time=12 type=P
[C3120] ASSIGN server=3 time=5 type=P
[C3120] ASSIGN server=16 time=14 type=S
[C3124] COMPLETE server=3
[C3125] ASSIGN server=3 time=5 type=S
[C3126] NEW REQUEST queued time=14 type=P
[C3127] COMPLETE server=1
[C3128] NEW REQUEST queued time=3 type=S
[C3128] ASSIGN server=1 time=15 type=S
[C3129] COMPLETE server=3
[C3130] ASSIGN server=3 time=11 type=S
[C3131] NEW REQUEST queued time=2 type=P
[C3133] COMPLETE server=16
[C3134] ASSIGN server=16 time=13 type=S
[C3140] COMPLETE server=3
[C3141] ASSIGN server=3 time=7 type=S
[C3142] COMPLETE server=1
[C3143] ASSIGN server=1 time=7 type=S
[C3144] NEW REQUEST queued time=6 type=P
[C3146] NEW REQUEST queued time=4 type=P
[C3146] COMPLETE server=16
[C3147] ASSIGN server=16 time=14 type=S
[C3147] COMPLETE server=3
[C3148] ASSIGN server=3 time=10 type=S
[C3149] COMPLETE server=1
[C3150] ASSIGN server=1 time=14 type=S
[C3150] SNAPSHOT queue=156 servers=3 busy=3 cooldownLeft=0 completed=1765 rejected=8
[C3151] NEW REQUEST queued time=2 type=S
[C3155] NEW REQUEST queued time=6 type=P
[C3157] COMPLETE server=3
[C3158] ASSIGN server=3 time=7 type=P
[C3160] COMPLETE server=16
[C3161] ASSIGN server=16 time=15 type=P
[C3163] COMPLETE server=1
[C3164] NEW REQUEST queued time=2 type=P
[C3164] ASSIGN server=1 time=3 type=P
[C3164] COMPLETE server=3
[C3165] ASSIGN server=3 time=12 type=P
[C3166] COMPLETE server=1
[C3167] FIREWALL REJECT sourceIp=10.11.19.82
[C3167] ASSIGN server=1 time=11 type=P
[C3171] NEW REQUEST queued time=7 type=S
[C3172] NEW REQUEST queued time=8 type=S
[C3173] NEW REQUEST queued time=9 type=S
[C3175] COMPLETE server=16
[C3176] ASSIGN server=16 time=6 type=S
[C3176] COMPLETE server=3
[C3177] ASSIGN server=3 time=11 type=P
[C3177] COMPLETE server=1
[C3178] NEW REQUEST queued time=12 type=P
[C3178] ASSIGN server=1 time=6 type=P
[C3181] NEW REQUEST queued time=11 type=P
[C3181] COMPLETE server=16
[C3182] NEW REQUEST queued time=12 type=S
[C3182] ASSIGN server=16 time=5 type=P
[C3183] NEW REQUEST queued time=9 type=S
[C3183] COMPLETE server=1
[C3184] NEW REQUEST queued time=8 type=P
[C3184] ASSIGN server=1 time=7 type=P
[C3186] COMPLETE server=16
[C3187] ASSIGN server=16 time=13 type=S
[C3187] COMPLETE server=3
[C3188] ASSIGN server=3 time=3 type=S
[C3189] NEW REQUEST queued time=11 type=P
[C3190] COMPLETE server=1
[C3190] COMPLETE server=3
[C3191] NEW REQUEST queued time=9 type=P
[C3191] ASSIGN server=1 time=6 type=P
[C3191] ASSIGN server=3 time=15 type=P
[C3194] NEW REQUEST queued time=8 type=P
[C3196] NEW REQUEST queued time=15 type=S
[C3196] COMPLETE server=1
[C3197] NEW REQUEST queued time=9 type=S
[C3197] ASSIGN server=1 time=14 type=S
[C3198] NEW REQUEST queued time=14 type=S
[C3199] COMPLETE server=16
[C3200] ASSIGN server=16 time=3 type=P
[C3200] SNAPSHOT queue=157 servers=3 busy=3 cooldownLeft=0 completed=1781 rejected=9
[C3202] NEW REQUEST queued time=15 type=S
[C3202] COMPLETE server=16
[C3203] ASSIGN server=16 time=3 type=S
[C3205] COMPLETE server=3
[C3205] COMPLETE server=16
[C3206] ASSIGN server=3 time=11 type=P
[C3206] ASSIGN server=16 time=10 type=P
[C3210] COMPLETE server=1
[C3211] ASSIGN server=1 time=12 type=S
[C3212] NEW REQUEST queued time=13 type=S
[C3215] COMPLETE server=16
[C3216] NEW REQUEST queued time=15 type=P
[C3216] ASSIGN server=16 time=11 type=S
[C3216] COMPLETE server=3
[C3217] NEW REQUEST queued time=14 type=S
[C3217] ASSIGN server=3 time=7 type=P
[C3219] NEW REQUEST queued time=4 type=S
[C3220] NEW REQUEST queued time=4 type=S
[C3222] COMPLETE server=1
[C3223] ASSIGN server=1 time=10 type=P
[C3223] COMPLETE server=3
[C3224] ASSIGN server=3 time=10 type=P
[C3225] NEW REQUEST queued time=15 type=S
[C3226] COMPLETE server=16
[C3227] ASSIGN server=16 time=5 type=P
[C3231] COMPLETE server=16
[C3232] ASSIGN server=16 time=11 type=P
[C3232] COMPLETE server=1
[C3233] ASSIGN server=1 time=8 type=S
[C3233] COMPLETE server=3
[C3234] ASSIGN server=3 time=13 type=P
[C3235] NEW REQUEST queued time=2 type=S
[C3236] NEW REQUEST queued time=5 type=P
[C3240] COMPLETE server=1
[C3241] NEW REQUEST queued time=14 type=P
[C3241] ASSIGN server=1 time=14 type=P
[C3242] COMPLETE server=16
[C3243] ASSIGN server=16 time=9 type=P
[C3246] NEW REQUEST queued time=14 type=S
[C3246] COMPLETE server=3
[C3247] ASSIGN server=3 time=13 type=S
[C3248] NEW REQUEST queued time=11 type=S
[C3250] SNAPSHOT queue=154 servers=3 busy=3 cooldownLeft=0 completed=1796 rejected=9
[C3251] COMPLETE server=16
[C3252] ASSIGN server=16 time=3 type=P
[C3254] COMPLETE server=1
[C3254] COMPLETE server=16
[C3255] NEW REQUEST queued time=15 type=S
[C3255] ASSIGN server=1 time=8 type=S
[C3255] ASSIGN server=16 time=5 type=P
[C3259] COMPLETE server=3
[C3259] COMPLETE server=16
[C3260] NEW REQUEST queued time=3 type=P
[C3260] ASSIGN server=3 time=8 type=S
[C3260] ASSIGN server=16 time=7 type=S
[C3262] COMPLETE server=1
[C3263] ASSIGN server=1 time=12 type=P
[C3265] NEW REQUEST queued time=14 type=S
[C3266] COMPLETE server=16
[C3267] NEW REQUEST queued time=6 type=S
[C3267] ASSIGN server=16 time=9 type=P
[C3267] COMPLETE server=3
[C3268] ASSIGN server=3 time=13 type=S
[C3270] NEW REQUEST queued time=12 type=S
[C3274] COMPLETE server=1
[C3275] ASSIGN server=1 time=7 type=P
[C3275] COMPLETE server=16
[C3276] ASSIGN server=16 time=4 type=P
[C3276] SCALE DOWN removed=16 -> servers=2 cooldown=25
[C3280] NEW REQUEST queued time=15 type=S
[C3280] COMPLETE server=3
[C3281] ASSIGN server=3 time=14 type=P
[C3281] COMPLETE server=1
[C3282] ASSIGN server=1 time=10 type=P
[C3283] NEW REQUEST queued time=11 type=S
[C3284] NEW REQUEST queued time=5 type=P
[C3288] NEW REQUEST queued time=5 type=P
[C3291] COMPLETE server=1
[C3292] ASSIGN server=1 time=11 type=S
[C3294] COMPLETE server=3
[C3295] ASSIGN server=3 time=11 type=P
[C3297] NEW REQUEST queued time=10 type=S
[C3300] NEW REQUEST queued time=10 type=P
[C3300] SNAPSHOT queue=151 servers=2 busy=2 cooldownLeft=1 completed=1810 rejected=9
[C3302] COMPLETE server=1
[C3303] ASSIGN server=1 time=11 type=P
[C3305] COMPLETE server=3
[C3306] ASSIGN server=3 time=8 type=P
[C3307] NEW REQUEST queued time=12 type=S
[C3310] NEW REQUEST queued time=14 type=P
[C3313] NEW REQUEST queued time=13 type=P
[C3313] COMPLETE server=1
[C3313] COMPLETE server=3
[C3314] ASSIGN server=1 time=14 type=P
[C3314] ASSIGN server=3 time=15 type=S
[C3318] NEW REQUEST queued time=15 type=S
[C3320] NEW REQUEST queued time=12 type=P
[C3321] NEW REQUEST queued time=13 type=S
[C3327] COMPLETE server=1
[C3328] ASSIGN server=1 time=14 type=P
[C3328] COMPLETE server=3
[C3329] ASSIGN server=3 time=4 type=P
[C3332] COMPLETE server=3
[C3333] ASSIGN server=3 time=8 type=P
[C3335] NEW REQUEST queued time=11 type=P
[C3337] NEW REQUEST queued time=8 type=S
[C3340] COMPLETE server=3
[C3341] ASSIGN server=3 time=12 type=P
[C3341] COMPLETE server=1
[C3342] ASSIGN server=1 time=2 type=P
[C3343] COMPLETE server=1
[C3344] ASSIGN server=1 time=15 type=P
[C3350] NEW REQUEST queued time=12 type=P
[C3350] SNAPSHOT queue=150 servers=2 busy=2 cooldownLeft=0 completed=1820 rejected=9
[C3352] COMPLETE server=3
[C3353] ASSIGN server=3 time=9 type=P
[C3358] NEW REQUEST queued time=5 type=P
[C3358] COMPLETE server=1
[C3359] NEW REQUEST queued time=2 type=S
[C3359] ASSIGN server=1 time=12 type=P
[C3361] COMPLETE server=3
[C3362] NEW REQUEST queued time=8 type=P
[C3362] ASSIGN server=3 time=5 type=S
[C3364] NEW REQUEST queued time=8 type=S
[C3366] COMPLETE server=3
[C3367] ASSIGN server=3 time=11 type=P
[C3370] COMPLETE server=1
[C3371] ASSIGN server=1 time=3 type=P
[C3373] NEW REQUEST queued time=11 type=S
[C3373] COMPLETE server=1
[C3374] NEW REQUEST queued time=8 type=P
[C3374] ASSIGN server=1 time=3 type=S
[C3376] NEW REQUEST queued time=12 type=P
[C3376] COMPLETE server=1
[C3377] NEW REQUEST queued time=6 type=P
[C3377] ASSIGN server=1 time=3 type=P
[C3377] COMPLETE server=3
[C3378] ASSIGN server=3 time=2 type=P
[C3379] COMPLETE server=1
[C3379] COMPLETE server=3
[C3380] ASSIGN server=1 time=2 type=P
[C3380] ASSIGN server=3 time=13 type=S
[C3381] COMPLETE server=1
[C3382] ASSIGN server=1 time=14 type=P
[C3383] NEW REQUEST queued time=10 type=P
[C3386] NEW REQUEST queued time=9 type=S
[C3389] NEW REQUEST queued time=5 type=S
[C3392] NEW REQUEST queued time=5 type=P
[C3392] COMPLETE server=3
[C3393] ASSIGN server=3 time=3 type=P
[C3395] COMPLETE server=1
[C3395] COMPLETE server=3
[C3396] NEW REQUEST queued time=9 type=P
[C3396] ASSIGN server=1 time=10 type=S
[C3396] ASSIGN server=3 time=10 type=S
[C3397] NEW REQUEST queued time=2 type=S
[C3399] NEW REQUEST queued time=3 type=P
[C3400] NEW REQUEST queued time=14 type=S
[C3400] SNAPSHOT queue=152 servers=2 busy=2 cooldownLeft=0 completed=1834 rejected=9
[C3404] NEW REQUEST queued time=10 type=S
[C3405] COMPLETE server=1
[C3405] COMPLETE server=3
[C3406] ASSIGN server=1 time=14 type=S
[C3406] ASSIGN server=3 time=5 type=S
[C3408] NEW REQUEST queued time=7 type=S
[C3409] NEW REQUEST queued time=11 type=P
[C3410] COMPLETE server=3
[C3411] ASSIGN server=3 time=15 type=P
[C3415] NEW REQUEST queued time=11 type=P
[C3416] NEW REQUEST queued time=15 type=P
[C3419] COMPLETE server=1
[C3420] ASSIGN server=1 time=3 type=S
[C3421] NEW REQUEST queued time=8 type=S
[C3422] NEW REQUEST queued time=2 type=S
[C3422] COMPLETE server=1
[C3423] ASSIGN server=1 time=12 type=P
[C3424] NEW REQUEST queued time=3 type=S
[C3425] NEW REQUEST queued time=14 type=P
[C3425] COMPLETE server=3
[C3426] NEW REQUEST queued time=3 type=S
[C3426] ASSIGN server=3 time=6 type=S
[C3428] NEW REQUEST queued time=7 type=S
[C3430] NEW REQUEST queued time=12 type=P
[C3431] NEW REQUEST queued time=9 type=P
[C3431] COMPLETE server=3
[C3432] NEW REQUEST queued time=14 type=S
[C3432] ASSIGN server=3 time=10 type=P
[C3434] NEW REQUEST queued time=6 type=P
[C3434] COMPLETE server=1
[C3435] NEW REQUEST queued time=4 type=P
[C3435] ASSIGN server=1 time=8 type=P
[C3436] NEW REQUEST queued time=7 type=P
[C3436] SCALE UP -> servers=3 cooldown=25
[C3437] ASSIGN server=17 time=4 type=P
[C3440] COMPLETE server=17
[C3441] ASSIGN server=17 time=14 type=P
[C3441] COMPLETE server=3
[C3442] ASSIGN server=3 time=13 type=S
[C3442] COMPLETE server=1
[C3443] ASSIGN server=1 time=13 type=S
[C3446] NEW REQUEST queued time=5 type=P
[C3450] NEW REQUEST queued time=2 type=S
[C3450] SNAPSHOT queue=159 servers=3 busy=3 cooldownLeft=11 completed=1845 rejected=9
[C3454] COMPLETE server=3
[C3454] COMPLETE server=17
[C3455] NEW REQUEST queued time=13 type=S
[C3455] ASSIGN server=3 time=13 type=S
[C3455] ASSIGN server=17 time=4 type=S
[C3455] COMPLETE server=1
[C3456] ASSIGN server=1 time=7 type=P
[C3458] NEW REQUEST queued time=12 type=P
[C3458] COMPLETE server=17
[C3459] NEW REQUEST queued time=13 type=S
[C3459] ASSIGN server=17 time=12 type=S
[C3461] NEW REQUEST queued time=15 type=S
[C3462] COMPLETE server=1
[C3463] ASSIGN server=1 time=4 type=S
[C3466] COMPLETE server=1
[C3467] ASSIGN server=1 time=6 type=S
[C3467] COMPLETE server=3
[C3468] ASSIGN server=3 time=6 type=P
[C3470] COMPLETE server=17
[C3471] NEW REQUEST queued time=4 type=P
[C3471] ASSIGN server=17 time=10 type=S
[C3472] NEW REQUEST queued time=3 type=P
[C3472] COMPLETE server=1
[C3473] ASSIGN server=1 time=10 type=P
[C3473] COMPLETE server=3
[C3474] NEW REQUEST queued time=6 type=P
[C3474] ASSIGN server=3 time=4 type=S
[C3476] NEW REQUEST queued time=9 type=P
[C3477] COMPLETE server=3
[C3478] ASSIGN server=3 time=13 type=S
[C3480] NEW REQUEST queued time=4 type=P
[C3480] COMPLETE server=17
[C3481] ASSIGN server=17 time=10 type=S
[C3482] COMPLETE server=1
[C3483] ASSIGN server=1 time=6 type=S
[C3484] NEW REQUEST queued time=14 type=S
[C3487] NEW REQUEST queued time=10 type=P
[C3488] COMPLETE server=1
[C3489] NEW REQUEST queued time=9 type=P
[C3489] ASSIGN server=1 time=9 type=P
[C3490] COMPLETE server=3
[C3490] COMPLETE server=17
[C3491] ASSIGN server=3 time=12 type=S
[C3491] ASSIGN server=17 time=12 type=P
[C3493] NEW REQUEST queued time=13 type=P
[C3494] NEW REQUEST queued time=6 type=S
[C3497] COMPLETE server=1
[C3498] ASSIGN server=1 time=11 type=S
[C3500] NEW REQUEST queued time=6 type=P
[C3500] SNAPSHOT queue=157 servers=3 busy=3 cooldownLeft=0 completed=1862 rejected=9
[C3501] NEW REQUEST queued time=5 type=S
[C3502] NEW REQUEST queued time=12 type=P
[C3502] COMPLETE server=3
[C3502] COMPLETE server=17
[C3503] NEW REQUEST queued time=9 type=S
[C3503] ASSIGN server=3 time=11 type=P
[C3503] ASSIGN server=17 time=6 type=P
[C3508] COMPLETE server=1
[C3508] COMPLETE server=17
[C3509] ASSIGN server=1 time=4 type=P
[C3509] ASSIGN server=17 time=14 type=S
[C3512] COMPLETE server=1
[C3513] ASSIGN server=1 time=15 type=S
[C3513] COMPLETE server=3
[C3514] NEW REQUEST queued time=4 type=S
[C3514] ASSIGN server=3 time=12 type=S
[C3517] NEW REQUEST queued time=11 type=S
[C3518] NEW REQUEST queued time=12 type=S
[C3519] NEW REQUEST queued time=5 type=P
[C3520] NEW REQUEST queued time=13 type=S
[C3521] NEW REQUEST queued time=2 type=S
[C3522] COMPLETE server=17
[C3523] NEW REQUEST queued time=6 type=P
[C3523] ASSIGN server=17 time=7 type=S
[C3525] NEW REQUEST queued time=4 type=S
[C3525] COMPLETE server=3
[C3526] NEW REQUEST queued time=4 type=P
[C3526] ASSIGN server=3 time=8 type=P
[C3527] COMPLETE server=1
[C3528] ASSIGN server=1 time=9 type=P
[C3529] COMPLETE server=17
[C3530] ASSIGN server=17 time=5 type=S
[C3533] NEW REQUEST queued time=15 type=P
[C3533] COMPLETE server=3
[C3534] ASSIGN server=3 time=6 type=S
[C3534] COMPLETE server=17
[C3535] ASSIGN server=17 time=3 type=P
[C3536] COMPLETE server=1
[C3537] ASSIGN server=1 time=11 type=S
[C3537] COMPLETE server=17
[C3538] ASSIGN server=17 time=6 type=S
[C3539] COMPLETE server=3
[C3540] ASSIGN server=3 time=5 type=P
[C3543] COMPLETE server=17
[C3544] NEW REQUEST queued time=2 type=P
[C3544] ASSIGN server=17 time=12 type=S
[C3544] COMPLETE server=3
[C3545] NEW REQUEST queued time=9 type=S
[C3545] ASSIGN server=3 time=9 type=S
[C3547] NEW REQUEST queued time=4 type=S
[C3547] COMPLETE server=1
[C3548] ASSIGN server=1 time=4 type=P
[C3550] SNAPSHOT queue=155 servers=3 busy=3 cooldownLeft=0 completed=1880 rejected=9
[C3551] COMPLETE server=1
[C3552] ASSIGN server=1 time=2 type=S
[C3553] NEW REQUEST queued time=15 type=S
[C3553] COMPLETE server=1
[C3553] COMPLETE server=3
[C3554] NEW REQUEST queued time=6 type=S
[C3554] ASSIGN server=1 time=12 type=P
[C3554] ASSIGN server=3 time=3 type=S
[C3555] COMPLETE server=17
[C3556] ASSIGN server=17 time=14 type=S
[C3556] COMPLETE server=3
[C3557] NEW REQUEST queued time=13 type=S
[C3557] ASSIGN server=3 time=5 type=P
[C3558] NEW REQUEST queued time=3 type=P
[C3559] NEW REQUEST queued time=15 type=P
[C3561] COMPLETE server=3
[C3562] ASSIGN server=3 time=6 type=S
[C3563] NEW REQUEST queued time=8 type=S
[C3565] NEW REQUEST queued time=10 type=S
[C3565] COMPLETE server=1
[C3566] ASSIGN server=1 time=13 type=S
[C3567] COMPLETE server=3
[C3568] ASSIGN server=3 time=2 type=P
[C3569] COMPLETE server=3
[C3569] COMPLETE server=17
[C3570] NEW REQUEST queued time=4 type=P
[C3570] ASSIGN server=3 time=13 type=S
[C3570] ASSIGN server=17 time=4 type=S
[C3573] COMPLETE server=17
[C3574] NEW REQUEST queued time=9 type=S
[C3574] ASSIGN server=17 time=10 type=S
[C3575] NEW REQUEST queued time=11 type=P
[C3578] COMPLETE server=1
[C3579] ASSIGN server=1 time=8 type=P
[C3580] NEW REQUEST queued time=6 type=S
[C3582] NEW REQUEST queued time=7 type=P
[C3582] COMPLETE server=3
[C3583] ASSIGN server=3 time=2 type=P
[C3583] COMPLETE server=17
[C3584] NEW REQUEST queued time=2 type=S
[C3584] ASSIGN server=17 time=9 type=S
[C3584] COMPLETE server=3
[C3585] ASSIGN server=3 time=14 type=S
[C3586] COMPLETE server=1
[C3587] ASSIGN server=1 time=12 type=S
[C3590] NEW REQUEST queued time=7 type=P
[C3592] COMPLETE server=17
[C3593] NEW REQUEST queued time=15 type=P
[C3593] ASSIGN server=17 time=15 type=P
[C3594] NEW REQUEST queued time=12 type=P
[C3595] NEW REQUEST queued time=4 type=S
[C3598] COMPLETE server=1
[C3598] COMPLETE server=3
[C3599] ASSIGN server=1 time=4 type=P
[C3599] ASSIGN server=3 time=5 type=S
[C3600] NEW REQUEST queued time=4 type=P
[C3600] SNAPSHOT queue=154 servers=3 busy=3 cooldownLeft=0 completed=1899 rejected=9
[C3601] NEW REQUEST queued time=4 type=S
[C3602] NEW REQUEST queued time=3 type=S
[C3602] COMPLETE server=1
[C3603] ASSIGN server=1 time=11 type=P
[C3603] COMPLETE server=3
[C3604] ASSIGN server=3 time=7 type=P
[C3605] NEW REQUEST queued time=9 type=P
[C3607] NEW REQUEST queued time=7 type=S
[C3607] COMPLETE server=17
[C3608] ASSIGN server=17 time=6 type=P
[C3609] NEW REQUEST queued time=8 type=S
[C3610] COMPLETE server=3
[C3611] ASSIGN server=3 time=10 type=P
[C3613] COMPLETE server=1
[C3613] COMPLETE server=17
[C3614] ASSIGN server=1 time=10 type=S
[C3614] ASSIGN server=17 time=8 type=S
[C3617] NEW REQUEST queued time=4 type=P
[C3620] COMPLETE server=3
[C3621] ASSIGN server=3 time=9 type=P
[C3621] COMPLETE server=17
[C3622] ASSIGN server=17 time=8 type=S
[C3623] COMPLETE server=1
[C3624] ASSIGN server=1 time=2 type=S
[C3625] COMPLETE server=1
[C3626] NEW REQUEST queued time=13 type=S
[C3626] ASSIGN server=1 time=6 type=S
[C3627] NEW REQUEST queued time=10 type=P
[C3629] COMPLETE server=3
[C3629] COMPLETE server=17
[C3630] ASSIGN server=3 time=10 type=P
[C3630] ASSIGN server=17 time=2 type=P
[C3631] COMPLETE server=1
[C3631] COMPLETE server=17
[C3632] ASSIGN server=1 time=14 type=P
[C3632] ASSIGN server=17 time=13 type=P
[C3632] SCALE DOWN removed=17 -> servers=2 cooldown=25
[C3634] NEW REQUEST queued time=3 type=P
[C3639] COMPLETE server=3
[C3640] ASSIGN server=3 time=14 type=S
[C3642] NEW REQUEST queued time=15 type=P
[C3645] COMPLETE server=1
[C3646] ASSIGN server=1 time=12 type=P
[C3648] NEW REQUEST queued time=6 type=P
[C3650] SNAPSHOT queue=149 servers=2 busy=2 cooldownLeft=7 completed=1915 rejected=9
[C3653] COMPLETE server=3
[C3654] NEW REQUEST queued time=9 type=P
[C3654] ASSIGN server=3 time=14 type=P
[C3657] COMPLETE server=1
[C3658] NEW REQUEST queued time=7 type=P
[C3658] ASSIGN server=1 time=3 type=S
[C3659] NEW REQUEST queued time=10 type=P
[C3660] COMPLETE server=1
[C3661] ASSIGN server=1 time=2 type=P
[C3662] COMPLETE server=1
[C3663] ASSIGN server=1 time=6 type=P
[C3664] NEW REQUEST queued time=2 type=P
[C3665] NEW REQUEST queued time=8 type=S
[C3667] COMPLETE server=3
[C3668] ASSIGN server=3 time=4 type=P
[C3668] COMPLETE server=1
[C3669] ASSIGN server=1 time=2 type=S
[C3670] NEW REQUEST queued time=13 type=S
[C3670] COMPLETE server=1
[C3671] ASSIGN server=1 time=6 type=P
[C3671] COMPLETE server=3
[C3672] ASSIGN server=3 time=2 type=P
[C3673] COMPLETE server=3
[C3674] NEW REQUEST queued time=6 type=S
[C3674] ASSIGN server=3 time=7 type=S
[C3676] NEW REQUEST queued time=6 type=P
[C3676] COMPLETE server=1
[C3677] ASSIGN server=1 time=8 type=S
[C3680] COMPLETE server=3
[C3681] NEW REQUEST queued time=13 type=P
[C3681] ASSIGN server=3 time=9 type=S
[C3683] NEW REQUEST queued time=7 type=P
[C3684] NEW REQUEST queued time=3 type=P
[C3684] COMPLETE server=1
[C3685] ASSIGN server=1 time=12 type=P
[C3689] COMPLETE server=3
[C3690] NEW REQUEST queued time=4 type=P
[C3690] ASSIGN server=3 time=11 type=P
[C3691] NEW REQUEST queued time=7 type=P
[C3692] NEW REQUEST queued time=3 type=P
[C3694] NEW REQUEST queued time=10 type=S
[C3696] NEW REQUEST queued time=13 type=S
[C3696] COMPLETE server=1
[C3697] NEW REQUEST queued time=5 type=S
[C3697] ASSIGN server=1 time=12 type=S
[C3700] COMPLETE server=3
[C3700] SNAPSHOT queue=152 servers=2 busy=1 cooldownLeft=0 completed=1930 rejected=9
[C3701] ASSIGN server=3 time=9 type=S
[C3702] NEW REQUEST queued time=9 type=P
[C3703] NEW REQUEST queued time=7 type=S
[C3708] COMPLETE server=1
[C3709] ASSIGN server=1 time=8 type=P
[C3709] COMPLETE server=3
[C3710] NEW REQUEST queued time=11 type=P
[C3710] ASSIGN server=3 time=11 type=P
[C3711] NEW REQUEST queued time=12 type=P
[C3716] NEW REQUEST queued time=5 type=P
[C3716] COMPLETE server=1
[C3717] ASSIGN server=1 time=9 type=P
[C3720] NEW REQUEST queued time=13 type=S
[C3720] COMPLETE server=3
[C3721] ASSIGN server=3 time=8 type=P
[C3724] NEW REQUEST queued time=6 type=S
[C3725] COMPLETE server=1
[C3726] ASSIGN server=1 time=15 type=S
[C3727] NEW REQUEST queued time=14 type=S
[C3728] NEW REQUEST queued time=5 type=S
[C3728] COMPLETE server=3
[C3729] NEW REQUEST queued time=14 type=S
[C3729] ASSIGN server=3 time=9 type=S
[C3733] NEW REQUEST queued time=4 type=S
[C3734] NEW REQUEST queued time=8 type=P
[C3736] NEW REQUEST queued time=9 type=S
[C3737] NEW REQUEST queued time=11 type=P
[C3737] COMPLETE server=3
[C3738] ASSIGN server=3 time=14 type=S
[C3740] COMPLETE server=1
[C3741] ASSIGN server=1 time=15 type=S
[C3745] NEW REQUEST queued time=4 type=P
[C3746] NEW REQUEST queued time=2 type=S
[C3750] NEW REQUEST queued time=15 type=P
[C3750] SNAPSHOT queue=160 servers=2 busy=2 cooldownLeft=0 completed=1938 rejected=9
[C3751] COMPLETE server=3
[C3752] ASSIGN server=3 time=13 type=S
[C3755] COMPLETE server=1
[C3756] ASSIGN server=1 time=15 type=P
[C3758] NEW REQUEST queued time=4 type=P
[C3759] NEW REQUEST queued time=15 type=S
[C3760] NEW REQUEST queued time=8 type=S
[C3760] SCALE UP -> servers=3 cooldown=25
[C3761] ASSIGN server=18 time=14 type=S
[C3762] NEW REQUEST queued time=13 type=P
[C3763] NEW REQUEST queued time=10 type=S
[C3764] COMPLETE server=3
[C3765] NEW REQUEST queued time=15 type=S
[C3765] ASSIGN server=3 time=4 type=S
[C3766] NEW REQUEST queued time=4 type=P
[C3767] NEW REQUEST queued time=4 type=P
[C3768] COMPLETE server=3
[C3769] NEW REQUEST queued time=8 type=P
[C3769] ASSIGN server=3 time=4 type=S
[C3770] COMPLETE server=1
[C3771] ASSIGN server=1 time=15 type=S
[C3772] COMPLETE server=3
[C3773] NEW REQUEST queued time=12 type=S
[C3773] ASSIGN server=3 time=2 type=S
[C3774] COMPLETE server=3
[C3774] COMPLETE server=18
[C3775] ASSIGN server=3 time=5 type=P
[C3775] ASSIGN server=18 time=14 type=P
[C3779] COMPLETE server=3
[C3780] ASSIGN server=3 time=14 type=S
[C3783] NEW REQUEST queued time=4 type=S
[C3785] COMPLETE server=1
[C3786] ASSIGN server=1 time=11 type=S
[C3787] NEW REQUEST queued time=8 type=S
[C3788] COMPLETE server=18
[C3789] NEW REQUEST queued time=6 type=P
[C3789] ASSIGN server=18 time=15 type=S
[C3791] NEW REQUEST queued time=12 type=S
[C3793] COMPLETE server=3
[C3794] ASSIGN server=3 time=3 type=P
[C3796] COMPLETE server=1
[C3796] COMPLETE server=3
[C3797] ASSIGN server=1 time=14 type=S
[C3797] ASSIGN server=3 time=6 type=S
[C3800] NEW REQUEST queued time=3 type=S
[C3800] SNAPSHOT queue=160 servers=3 busy=3 cooldownLeft=0 completed=1952 rejected=9
[C3801] NEW REQUEST queued time=10 type=P
[C3802] COMPLETE server=3
[C3803] NEW REQUEST queued time=2 type=S
[C3803] ASSIGN server=3 time=12 type=S
[C3803] COMPLETE server=18
[C3804] ASSIGN server=18 time=15 type=S
[C3807] NEW REQUEST queued time=11 type=P
[C3809] NEW REQUEST queued time=9 type=S
[C3810] COMPLETE server=1
[C3811] ASSIGN server=1 time=11 type=S
[C3814] COMPLETE server=3
[C3815] NEW REQUEST queued time=5 type=P
[C3815] ASSIGN server=3 time=5 type=P
[C3818] COMPLETE server=18
[C3819] ASSIGN server=18 time=5 type=P
[C3819] COMPLETE server=3
[C3820] ASSIGN server=3 time=10 type=S
[C3821] COMPLETE server=1
[C3822] ASSIGN server=1 time=10 type=P
[C3823] COMPLETE server=18
[C3824] ASSIGN server=18 time=12 type=S
[C3825] NEW REQUEST queued time=12 type=S
[C3829] COMPLETE server=3
[C3830] ASSIGN server=3 time=14 type=P
[C3831] NEW REQUEST queued time=9 type=S
[C3831] COMPLETE server=1
[C3832] NEW REQUEST queued time=5 type=S
[C3832] ASSIGN server=1 time=13 type=P
[C3834] NEW REQUEST queued time=7 type=P
[C3835] NEW REQUEST queued time=12 type=S
[C3835] COMPLETE server=18
[C3836] ASSIGN server=18 time=15 type=S
[C3840] NEW REQUEST queued time=5 type=P
[C3841] NEW REQUEST queued time=15 type=S
[C3842] NEW REQUEST queued time=3 type=S
[C3843] NEW REQUEST queued time=2 type=P
[C3843] COMPLETE server=3
[C3844] ASSIGN server=3 time=12 type=P
[C3844] COMPLETE server=1
[C3845] ASSIGN server=1 time=13 type=S
[C3850] COMPLETE server=18
[C3850] SNAPSHOT queue=161 servers=3 busy=2 cooldownLeft=0 completed=1966 rejected=9
[C3851] ASSIGN server=18 time=11 type=P
[C3853] NEW REQUEST queued time=3 type=P
[C3854] NEW REQUEST queued time=15 type=P
[C3855] COMPLETE server=3
[C3856] NEW REQUEST queued time=7 type=P
[C3856] ASSIGN server=3 time=8 type=S
[C3857] COMPLETE server=1
[C3858] NEW REQUEST queued time=3 type=S
[C3858] ASSIGN server=1 time=12 type=P
[C3859] NEW REQUEST queued time=11 type=S
[C3861] COMPLETE server=18
[C3862] ASSIGN server=18 time=5 type=P
[C3863] NEW REQUEST queued time=8 type=P
[C3863] COMPLETE server=3
[C3864] NEW REQUEST queued time=10 type=P
[C3864] ASSIGN server=3 time=2 type=S
[C3865] NEW REQUEST queued time=7 type=P
[C3865] COMPLETE server=3
[C3866] NEW REQUEST queued time=11 type=P
[C3866] ASSIGN server=3 time=8 type=P
[C3866] COMPLETE server=18
[C3867] ASSIGN server=18 time=8 type=S
[C3868] NEW REQUEST queued time=8 type=P
[C3869] NEW REQUEST queued time=2 type=S
[C3869] COMPLETE server=1
[C3870] ASSIGN server=1 time=11 type=S
[C3871] NEW REQUEST queued time=5 type=S
[C3872] NEW REQUEST queued time=6 type=S
[C3873] COMPLETE server=3
[C3874] NEW REQUEST queued time=14 type=S
[C3874] ASSIGN server=3 time=8 type=P
[C3874] COMPLETE server=18
[C3875] NEW REQUEST queued time=2 type=S
[C3875] ASSIGN server=18 time=12 type=P
[C3877] NEW REQUEST queued time=2 type=P
[C3878] NEW REQUEST queued time=3 type=P
[C3879] NEW REQUEST queued time=4 type=P
[C3880] COMPLETE server=1
[C3881] ASSIGN server=1 time=6 type=P
[C3881] COMPLETE server=3
[C3882] ASSIGN server=3 time=10 type=P
[C3884] NEW REQUEST queued time=3 type=S
[C3886] NEW REQUEST queued time=15 type=P
[C3886] COMPLETE server=1
[C3886] COMPLETE server=18
[C3887] ASSIGN server=1 time=9 type=S
[C3887] ASSIGN server=18 time=5 type=S
[C3888] NEW REQUEST queued time=15 type=S
[C3889] NEW REQUEST queued time=12 type=P
[C3891] COMPLETE server=3
[C3891] COMPLETE server=18
[C3892] ASSIGN server=3 time=5 type=P
[C3892] ASSIGN server=18 time=9 type=P
[C3895] NEW REQUEST queued time=11 type=S
[C3895] COMPLETE server=1
[C3896] ASSIGN server=1 time=2 type=S
[C3896] COMPLETE server=3
[C3897] ASSIGN server=3 time=3 type=P
[C3897] COMPLETE server=1
[C3898] ASSIGN server=1 time=14 type=S
[C3899] COMPLETE server=3
[C3900] ASSIGN server=3 time=10 type=S
[C3900] COMPLETE server=18
[C3900] SNAPSHOT queue=164 servers=3 busy=2 cooldownLeft=0 completed=1986 rejected=9
[C3901] NEW REQUEST queued time=6 type=S
[C3901] ASSIGN server=18 time=7 type=S
[C3903] NEW REQUEST queued time=13 type=S
[C3905] NEW REQUEST queued time=4 type=P
[C3907] COMPLETE server=18
[C3908] ASSIGN server=18 time=11 type=P
[C3909] COMPLETE server=3
[C3910] NEW REQUEST queued time=3 type=S
[C3910] ASSIGN server=3 time=11 type=P
[C3911] COMPLETE server=1
[C3912] NEW REQUEST queued time=15 type=P
[C3912] ASSIGN server=1 time=15 type=P
[C3916] NEW REQUEST queued time=2 type=S
[C3918] NEW REQUEST queued time=6 type=S
[C3918] COMPLETE server=18
[C3919] NEW REQUEST queued time=4 type=S
[C3919] ASSIGN server=18 time=8 type=S
[C3920] COMPLETE server=3
[C3921] ASSIGN server=3 time=2 type=S
[C3922] COMPLETE server=3
[C3923] ASSIGN server=3 time=3 type=S
[C3925] NEW REQUEST queued time=7 type=S
[C3925] COMPLETE server=3
[C3926] ASSIGN server=3 time=14 type=P
[C3926] COMPLETE server=1
[C3926] COMPLETE server=18
[C3927] ASSIGN server=1 time=3 type=S
[C3927] ASSIGN server=18 time=7 type=S
[C3929] COMPLETE server=1
[C3930] ASSIGN server=1 time=12 type=P
[C3933] NEW REQUEST queued time=15 type=P
[C3933] COMPLETE server=18
[C3934] ASSIGN server=18 time=9 type=P
[C3939] COMPLETE server=3
[C3940] ASSIGN server=3 time=14 type=S
[C3941] NEW REQUEST queued time=7 type=P
[C3941] COMPLETE server=1
[C3942] ASSIGN server=1 time=6 type=P
[C3942] COMPLETE server=18
[C3943] ASSIGN server=18 time=4 type=P
[C3944] NEW REQUEST queued time=6 type=P
[C3946] COMPLETE server=18
[C3947] ASSIGN server=18 time=7 type=P
[C3947] COMPLETE server=1
[C3948] ASSIGN server=1 time=5 type=P
[C3949] NEW REQUEST queued time=4 type=S
[C3950] SNAPSHOT queue=160 servers=3 busy=3 cooldownLeft=0 completed=2002 rejected=9
[C3951] NEW REQUEST queued time=7 type=S
[C3952] NEW REQUEST queued time=15 type=P
[C3952] COMPLETE server=1
[C3953] ASSIGN server=1 time=2 type=S
[C3953] COMPLETE server=3
[C3953] COMPLETE server=18
[C3954] ASSIGN server=3 time=13 type=S
[C3954] ASSIGN server=18 time=12 type=P
[C3954] COMPLETE server=1
[C3955] ASSIGN server=1 time=13 type=S
[C3957] NEW REQUEST queued time=7 type=P
[C3958] NEW REQUEST queued time=12 type=P
[C3962] NEW REQUEST queued time=11 type=P
[C3965] COMPLETE server=18
[C3966] NEW REQUEST queued time=10 type=P
[C3966] ASSIGN server=18 time=15 type=S
[C3966] COMPLETE server=3
[C3967] ASSIGN server=3 time=4 type=P
[C3967] COMPLETE server=1
[C3968] ASSIGN server=1 time=3 type=P
[C3969] NEW REQUEST queued time=15 type=P
[C3970] COMPLETE server=1
[C3970] COMPLETE server=3
[C3971] ASSIGN server=1 time=6 type=P
[C3971] ASSIGN server=3 time=9 type=P
[C3974] NEW REQUEST queued time=7 type=S
[C3976] COMPLETE server=1
[C3977] ASSIGN server=1 time=4 type=P
[C3978] NEW REQUEST queued time=3 type=S
[C3979] COMPLETE server=3
[C3980] ASSIGN server=3 time=14 type=S
[C3980] COMPLETE server=1
[C3980] COMPLETE server=18
[C3981] ASSIGN server=1 time=10 type=P
[C3981] ASSIGN server=18 time=9 type=P
[C3982] NEW REQUEST queued time=6 type=S
[C3983] NEW REQUEST queued time=6 type=S
[C3986] NEW REQUEST queued time=14 type=S
[C3988] NEW REQUEST queued time=9 type=S
[C3989] COMPLETE server=18
[C3990] ASSIGN server=18 time=13 type=P
[C3990] COMPLETE server=1
[C3991] ASSIGN server=1 time=6 type=S
[C3993] COMPLETE server=3
[C3994] ASSIGN server=3 time=6 type=P
[C3995] NEW REQUEST queued time=4 type=S
[C3996] COMPLETE server=1
[C3997] ASSIGN server=1 time=5 type=S
[C3999] NEW REQUEST queued time=10 type=S
[C3999] COMPLETE server=3
[C4000] ASSIGN server=3 time=12 type=P
[C4000] SNAPSHOT queue=157 servers=3 busy=3 cooldownLeft=0 completed=2020 rejected=9
[C4001] COMPLETE server=1
[C4002] ASSIGN server=1 time=9 type=S
[C4002] COMPLETE server=18
[C4003] ASSIGN server=18 time=4 type=S
[C4006] NEW REQUEST queued time=15 type=S
[C4006] COMPLETE server=18
[C4007] ASSIGN server=18 time=11 type=S
[C4009] NEW REQUEST queued time=6 type=P
[C4010] COMPLETE server=1
[C4011] ASSIGN server=1 time=12 type=S
[C4011] COMPLETE server=3
[C4012] ASSIGN server=3 time=5 type=P
[C4016] COMPLETE server=3
[C4017] ASSIGN server=3 time=13 type=S
[C4017] COMPLETE server=18
[C4018] ASSIGN server=18 time=2 type=S
[C4019] COMPLETE server=18
[C4020] ASSIGN server=18 time=6 type=P
[C4022] COMPLETE server=1
[C4023] ASSIGN server=1 time=4 type=S
[C4024] NEW REQUEST queued time=5 type=P
[C4025] COMPLETE server=18
[C4026] ASSIGN server=18 time=4 type=P
[C4026] COMPLETE server=1
[C4027] NEW REQUEST queued time=14 type=P
[C4027] ASSIGN server=1 time=15 type=P
[C4029] NEW REQUEST queued time=7 type=P
[C4029] COMPLETE server=3
[C4029] COMPLETE server=18
[C4030] NEW REQUEST queued time=5 type=P
[C4030] ASSIGN server=3 time=2 type=P
[C4030] ASSIGN server=18 time=9 type=S
[C4031] COMPLETE server=3
[C4032] ASSIGN server=3 time=4 type=S
[C4032] SCALE DOWN removed=18 -> servers=2 cooldown=25
[C4035] COMPLETE server=3
[C4036] ASSIGN server=3 time=15 type=S
[C4039] NEW REQUEST queued time=7 type=S
[C4041] NEW REQUEST queued time=8 type=P
[C4041] COMPLETE server=1
[C4042] ASSIGN server=1 time=6 type=S
[C4046] FIREWALL REJECT sourceIp=10.2.171.115
[C4047] NEW REQUEST queued time=14 type=P
[C4047] COMPLETE server=1
[C4048] ASSIGN server=1 time=13 type=S
[C4050] COMPLETE server=3
[C4050] SNAPSHOT queue=149 servers=2 busy=1 cooldownLeft=7 completed=2038 rejected=10
[C4051] NEW REQUEST queued time=5 type=P
[C4051] ASSIGN server=3 time=3 type=P
[C4052] NEW REQUEST queued time=4 type=P
[C4053] NEW REQUEST queued time=2 type=P
[C4053] COMPLETE server=3
[C4054] ASSIGN server=3 time=15 type=P
[C4055] NEW REQUEST queued time=12 type=S
[C4056] NEW REQUEST queued time=3 type=P
[C4059] NEW REQUEST queued time=9 type=S
[C4060] NEW REQUEST queued time=5 type=S
[C4060] COMPLETE server=1
[C4061] ASSIGN server=1 time=8 type=S
[C4066] NEW REQUEST queued time=5 type=P
[C4067] NEW REQUEST queued time=14 type=S
[C4068] COMPLETE server=1
[C4068] COMPLETE server=3
[C4069] NEW REQUEST queued time=15 type=S
[C4069] ASSIGN server=1 time=10 type=S
[C4069] ASSIGN server=3 time=4 type=P
[C4072] COMPLETE server=3
[C4073] ASSIGN server=3 time=9 type=S
[C4074] NEW REQUEST queued time=7 type=P
[C4078] NEW REQUEST queued time=6 type=S
[C4078] COMPLETE server=1
[C4079] NEW REQUEST queued time=15 type=P
[C4079] ASSIGN server=1 time=11 type=P
[C4081] COMPLETE server=3
[C4082] NEW REQUEST queued time=14 type=P
[C4082] ASSIGN server=3 time=6 type=S
[C4084] NEW REQUEST queued time=12 type=S
[C4086] NEW REQUEST queued time=4 type=S
[C4087] COMPLETE server=3
[C4088] ASSIGN server=3 time=7 type=P
[C4089] NEW REQUEST queued time=6 type=S
[C4089] COMPLETE server=1
[C4090] ASSIGN server=1 time=2 type=S
[C4091] COMPLETE server=1
[C4092] ASSIGN server=1 time=7 type=P
[C4094] COMPLETE server=3
[C4095] NEW REQUEST queued time=9 type=S
[C4095] ASSIGN server=3 time=15 type=P
[C4098] COMPLETE server=1
[C4099] NEW REQUEST queued time=8 type=P
[C4099] ASSIGN server=1 time=12 type=P
[C4100] NEW REQUEST queued time=10 type=P
[C4100] SNAPSHOT queue=156 servers=2 busy=2 cooldownLeft=0 completed=2050 rejected=10
[C4108] NEW REQUEST queued time=6 type=S
[C4109] COMPLETE server=3
[C4110] NEW REQUEST queued time=7 type=P
[C4110] ASSIGN server=3 time=4 type=S
[C4110] COMPLETE server=1
[C4111] ASSIGN server=1 time=4 type=P
[C4113] NEW REQUEST queued time=11 type=S
[C4113] COMPLETE server=3
[C4114] ASSIGN server=3 time=4 type=S
[C4114] COMPLETE server=1
[C4115] ASSIGN server=1 time=3 type=S
[C4117] NEW REQUEST queued time=11 type=S
[C4117] COMPLETE server=1
[C4117] COMPLETE server=3
[C4118] ASSIGN server=1 time=9 type=P
[C4118] ASSIGN server=3 time=7 type=S
[C4119] NEW REQUEST queued time=7 type=P
[C4121] NEW REQUEST queued time=15 type=P
[C4124] COMPLETE server=3
[C4125] NEW REQUEST queued time=4 type=S
[C4125] ASSIGN server=3 time=8 type=S
[C4126] COMPLETE server=1
[C4127] NEW REQUEST queued time=13 type=P
[C4127] ASSIGN server=1 time=4 type=P
[C4128] NEW REQUEST queued time=15 type=S
[C4130] COMPLETE server=1
[C4131] ASSIGN server=1 time=13 type=S
[C4132] NEW REQUEST queued time=3 type=P
[C4132] COMPLETE server=3
[C4133] ASSIGN server=3 time=10 type=P
[C4138] NEW REQUEST queued time=12 type=S
[C4141] NEW REQUEST queued time=14 type=P
[C4142] COMPLETE server=3
[C4143] ASSIGN server=3 time=3 type=P
[C4143] COMPLETE server=1
[C4144] ASSIGN server=1 time=15 type=P
[C4145] COMPLETE server=3
[C4146] ASSIGN server=3 time=6 type=P
[C4149] NEW REQUEST queued time=2 type=P
[C4150] SNAPSHOT queue=156 servers=2 busy=2 cooldownLeft=0 completed=2063 rejected=10
[C4151] COMPLETE server=3
[C4152] ASSIGN server=3 time=9 type=P
[C4155] NEW REQUEST queued time=14 type=P
[C4157] NEW REQUEST queued time=7 type=P
[C4158] COMPLETE server=1
[C4159] ASSIGN server=1 time=7 type=P
[C4160] NEW REQUEST queued time=3 type=S
[C4160] COMPLETE server=3
[C4161] ASSIGN server=3 time=10 type=P
[C4165] COMPLETE server=1
[C4166] NEW REQUEST queued time=14 type=S
[C4166] ASSIGN server=1 time=2 type=P
[C4167] NEW REQUEST queued time=10 type=P
[C4167] COMPLETE server=1
[C4168] NEW REQUEST queued time=5 type=S
[C4168] ASSIGN server=1 time=8 type=S
[C4169] NEW REQUEST queued time=11 type=S
[C4170] NEW REQUEST queued time=2 type=S
[C4170] COMPLETE server=3
[C4171] ASSIGN server=3 time=13 type=S
[C4175] COMPLETE server=1
[C4176] ASSIGN server=1 time=6 type=S
[C4177] NEW REQUEST queued time=7 type=S
[C4178] NEW REQUEST queued time=4 type=P
[C4179] NEW REQUEST queued time=12 type=S
[C4181] NEW REQUEST queued time=8 type=P
[C4181] COMPLETE server=1
[C4181] SCALE UP -> servers=3 cooldown=25
[C4182] ASSIGN server=1 time=6 type=P
[C4182] ASSIGN server=19 time=13 type=P
[C4183] NEW REQUEST queued time=5 type=P
[C4183] COMPLETE server=3
[C4184] NEW REQUEST queued time=8 type=S
[C4184] ASSIGN server=3 time=7 type=P
[C4185] NEW REQUEST queued time=4 type=P
[C4187] COMPLETE server=1
[C4188] NEW REQUEST queued time=5 type=S
[C4188] ASSIGN server=1 time=3 type=P
[C4189] NEW REQUEST queued time=7 type=S
[C4190] COMPLETE server=1
[C4190] COMPLETE server=3
[C4191] ASSIGN server=1 time=4 type=P
[C4191] ASSIGN server=3 time=7 type=P
[C4192] NEW REQUEST queued time=13 type=S
[C4193] NEW REQUEST queued time=9 type=S
[C4194] NEW REQUEST queued time=6 type=S
[C4194] COMPLETE server=1
[C4194] COMPLETE server=19
[C4195] ASSIGN server=1 time=3 type=P
[C4195] ASSIGN server=19 time=10 type=S
[C4196] NEW REQUEST queued time=6 type=P
[C4197] COMPLETE server=1
[C4197] COMPLETE server=3
[C4198] ASSIGN server=1 time=13 type=S
[C4198] ASSIGN server=3 time=5 type=S
[C4200] NEW REQUEST queued time=10 type=P
[C4200] SNAPSHOT queue=161 servers=3 busy=3 cooldownLeft=6 completed=2079 rejected=10
[C4202] NEW REQUEST queued time=12 type=S
[C4202] COMPLETE server=3
[C4203] ASSIGN server=3 time=9 type=P
[C4204] NEW REQUEST queued time=13 type=S
[C4204] COMPLETE server=19
[C4205] ASSIGN server=19 time=7 type=S
[C4209] NEW REQUEST queued time=7 type=S
[C4210] COMPLETE server=1
[C4211] ASSIGN server=1 time=11 type=P
[C4211] COMPLETE server=3
[C4211] COMPLETE server=19
[C4212] ASSIGN server=3 time=12 type=P
[C4212] ASSIGN server=19 time=5 type=P
[C4216] NEW REQUEST queued time=5 type=S
[C4216] COMPLETE server=19
[C4217] NEW REQUEST queued time=12 type=S
[C4217] ASSIGN server=19 time=13 type=S
[C4218] NEW REQUEST queued time=2 type=P
[C4219] NEW REQUEST queued time=11 type=P
[C4221] NEW REQUEST queued time=7 type=P
[C4221] COMPLETE server=1
[C4222] ASSIGN server=1 time=6 type=S
[C4223] COMPLETE server=3
[C4224] ASSIGN server=3 time=14 type=S
[C4227] COMPLETE server=1
[C4228] ASSIGN server=1 time=5 type=S
[C4229] COMPLETE server=19
[C4230] NEW REQUEST queued time=12 type=S
[C4230] ASSIGN server=19 time=14 type=S
[C4231] NEW REQUEST queued time=14 type=P
[C4232] COMPLETE server=1
[C4233] ASSIGN server=1 time=4 type=S
[C4234] NEW REQUEST queued time=7 type=P
[C4236] COMPLETE server=1
[C4237] ASSIGN server=1 time=8 type=P
[C4237] COMPLETE server=3
[C4238] ASSIGN server=3 time=9 type=S
[C4242] NEW REQUEST queued time=13 type=P
[C4243] COMPLETE server=19
[C4244] ASSIGN server=19 time=11 type=P
[C4244] COMPLETE server=1
[C4245] NEW REQUEST queued time=2 type=P
[C4245] ASSIGN server=1 time=4 type=P
[C4246] NEW REQUEST queued time=9 type=S
[C4246] COMPLETE server=3
[C4247] ASSIGN server=3 time=2 type=S
[C4248] COMPLETE server=1
[C4248] COMPLETE server=3
[C4249] ASSIGN server=1 time=15 type=P
[C4249] ASSIGN server=3 time=4 type=P
[C4250] SNAPSHOT queue=157 servers=3 busy=3 cooldownLeft=0 completed=2097 rejected=10
[C4251] NEW REQUEST queued time=11 type=S
[C4252] NEW REQUEST queued time=4 type=S
[C4252] COMPLETE server=3
[C4253] ASSIGN server=3 time=15 type=S
[C4254] NEW REQUEST queued time=3 type=S
[C4254] COMPLETE server=19
[C4255] ASSIGN server=19 time=8 type=S
[C4256] NEW REQUEST queued time=5 type=S
[C4257] NEW REQUEST queued time=14 type=S
[C4259] NEW REQUEST queued time=4 type=P
[C4262] NEW REQUEST queued time=15 type=S
[C4262] COMPLETE server=19
[C4263] ASSIGN server=19 time=13 type=P
[C4263] COMPLETE server=1
[C4264] NEW REQUEST queued time=4 type=S
[C4264] ASSIGN server=1 time=10 type=S
[C4265] NEW REQUEST queued time=11 type=S
[C4267] NEW REQUEST queued time=8 type=S
[C4267] COMPLETE server=3
[C4268] ASSIGN server=3 time=15 type=S
[C4273] COMPLETE server=1
[C4274] ASSIGN server=1 time=4 type=P
[C4275] NEW REQUEST queued time=2 type=S
[C4275] COMPLETE server=19
[C4276] ASSIGN server=19 time=4 type=P
[C4277] COMPLETE server=1
[C4278] NEW REQUEST queued time=6 type=S
[C4278] ASSIGN server=1 time=8 type=P
[C4279] COMPLETE server=19
[C4280] ASSIGN server=19 time=12 type=S
[C4281] NEW REQUEST queued time=12 type=P
[C4282] NEW REQUEST queued time=9 type=S
[C4282] COMPLETE server=3
[C4283] ASSIGN server=3 time=4 type=S
[C4284] NEW REQUEST queued time=9 type=P
[C4285] COMPLETE server=1
[C4286] NEW REQUEST queued time=3 type=S
[C4286] ASSIGN server=1 time=8 type=S
[C4286] COMPLETE server=3
[C4287] ASSIGN server=3 time=6 type=P
[C4291] COMPLETE server=19
[C4292] ASSIGN server=19 time=12 type=S
[C4292] COMPLETE server=3
[C4293] ASSIGN server=3 time=3 type=S
[C4293] COMPLETE server=1
[C4294] NEW REQUEST queued time=3 type=S
[C4294] ASSIGN server=1 time=10 type=P
[C4295] NEW REQUEST queued time=7 type=S
[C4295] COMPLETE server=3
[C4296] ASSIGN server=3 time=2 type=S
[C4297] NEW REQUEST queued time=11 type=P
[C4297] COMPLETE server=3
[C4298] ASSIGN server=3 time=11 type=P
[C4300] SNAPSHOT queue=159 servers=3 busy=3 cooldownLeft=0 completed=2114 rejected=10
[C4303] COMPLETE server=1
[C4303] COMPLETE server=19
[C4304] ASSIGN server=1 time=9 type=S
[C4304] ASSIGN server=19 time=5 type=P
[C4306] NEW REQUEST queued time=2 type=S
[C4308] COMPLETE server=3
[C4308] COMPLETE server=19
[C4309] ASSIGN server=3 time=12 type=S
[C4309] ASSIGN server=19 time=9 type=S
[C4312] COMPLETE server=1
[C4313] NEW REQUEST queued time=7 type=P
[C4313] ASSIGN server=1 time=5 type=S
[C4314] NEW REQUEST queued time=9 type=P
[C4315] NEW REQUEST queued time=10 type=P
[C4316] NEW REQUEST queued time=6 type=S
[C4317] COMPLETE server=1
[C4317] COMPLETE server=19
[C4318] NEW REQUEST queued time=6 type=S
[C4318] ASSIGN server=1 time=7 type=P
[C4318] ASSIGN server=19 time=12 type=S
[C4319] NEW REQUEST queued time=12 type=S
[C4320] COMPLETE server=3
[C4321] ASSIGN server=3 time=5 type=P
[C4324] COMPLETE server=1
[C4325] NEW REQUEST queued time=3 type=S
[C4325] ASSIGN server=1 time=15 type=S
[C4325] COMPLETE server=3
[C4326] ASSIGN server=3 time=3 type=S
[C4328] NEW REQUEST queued time=8 type=P
[C4328] COMPLETE server=3
[C4329] ASSIGN server=3 time=2 type=P
[C4329] COMPLETE server=19
[C4330] NEW REQUEST queued time=11 type=P
[C4330] ASSIGN server=19 time=3 type=P
[C4330] COMPLETE server=3
[C4331] ASSIGN server=3 time=15 type=P
[C4332] COMPLETE server=19
[C4333] ASSIGN server=19 time=7 type=P
[C4334] NEW REQUEST queued time=11 type=S
[C4336] NEW REQUEST queued time=12 type=S
[C4339] NEW REQUEST queued time=7 type=S
[C4339] COMPLETE server=1
[C4339] COMPLETE server=19
[C4340] ASSIGN server=1 time=3 type=S
[C4340] ASSIGN server=19 time=11 type=S
[C4342] COMPLETE server=1
[C4343] NEW REQUEST queued time=8 type=S
[C4343] ASSIGN server=1 time=8 type=P
[C4344] NEW REQUEST queued time=4 type=S
[C4345] COMPLETE server=3
[C4346] NEW REQUEST queued time=3 type=S
[C4346] ASSIGN server=3 time=10 type=P
[C4350] NEW REQUEST queued time=13 type=S
[C4350] COMPLETE server=1
[C4350] COMPLETE server=19
[C4350] SNAPSHOT queue=158 servers=3 busy=1 cooldownLeft=0 completed=2134 rejected=10
[C4351] ASSIGN server=1 time=7 type=P
[C4351] ASSIGN server=19 time=11 type=P
[C4354] NEW REQUEST queued time=14 type=S
[C4355] NEW REQUEST queued time=6 type=P
[C4355] COMPLETE server=3
[C4356] ASSIGN server=3 time=8 type=P
[C4357] COMPLETE server=1
[C4358] NEW REQUEST queued time=7 type=P
[C4358] ASSIGN server=1 time=2 type=S
[C4359] COMPLETE server=1
[C4360] ASSIGN server=1 time=5 type=S
[C4361] COMPLETE server=19
[C4362] NEW REQUEST queued time=11 type=P
[C4362] ASSIGN server=19 time=6 type=S
[C4363] COMPLETE server=3
[C4364] ASSIGN server=3 time=14 type=S
[C4364] COMPLETE server=1
[C4365] ASSIGN server=1 time=2 type=S
[C4366] NEW REQUEST queued time=15 type=P
[C4366] COMPLETE server=1
[C4367] ASSIGN server=1 time=2 type=P
[C4367] COMPLETE server=19
[C4368] NEW REQUEST queued time=13 type=S
[C4368] ASSIGN server=19 time=3 type=P
[C4368] COMPLETE server=1
[C4369] ASSIGN server=1 time=4 type=P
[C4370] COMPLETE server=19
[C4371] ASSIGN server=19 time=3 type=S
[C4372] NEW REQUEST queued time=4 type=S
[C4372] COMPLETE server=1
[C4373] NEW REQUEST queued time=5 type=P
[C4373] ASSIGN server=1 time=15 type=P
[C4373] COMPLETE server=19
[C4374] ASSIGN server=19 time=15 type=S
[C4377] NEW REQUEST queued time=9 type=S
[C4377] COMPLETE server=3
[C4378] ASSIGN server=3 time=12 type=P
[C4382] NEW REQUEST queued time=8 type=P
[C4385] NEW REQUEST queued time=3 type=P
[C4387] COMPLETE server=1
[C4388] ASSIGN server=1 time=11 type=S
[C4388] COMPLETE server=19
[C4389] NEW REQUEST queued time=6 type=S
[C4389] ASSIGN server=19 time=6 type=S
[C4389] COMPLETE server=3
[C4390] ASSIGN server=3 time=13 type=S
[C4392] NEW REQUEST queued time=15 type=P
[C4394] COMPLETE server=19
[C4395] ASSIGN server=19 time=4 type=P
[C4398] COMPLETE server=1
[C4398] COMPLETE server=19
[C4399] ASSIGN server=1 time=3 type=S
[C4399] ASSIGN server=19 time=15 type=P
[C4400] SNAPSHOT queue=150 servers=3 busy=3 cooldownLeft=0 completed=2153 rejected=10
[C4401] COMPLETE server=1
[C4402] NEW REQUEST queued time=2 type=S
[C4402] ASSIGN server=1 time=2 type=S
[C4402] COMPLETE server=3
[C4403] ASSIGN server=3 time=6 type=S
[C4403] COMPLETE server=1
[C4403] SCALE DOWN removed=1 -> servers=2 cooldown=25
[C4406] NEW REQUEST queued time=2 type=S
[C4408] COMPLETE server=3
[C4409] ASSIGN server=3 time=4 type=S
[C4412] COMPLETE server=3
[C4413] ASSIGN server=3 time=7 type=S
[C4413] COMPLETE server=19
[C4414] NEW REQUEST queued time=9 type=S
[C4414] ASSIGN server=19 time=15 type=P
[C4417] NEW REQUEST queued time=14 type=S
[C4419] COMPLETE server=3
[C4420] ASSIGN server=3 time=7 type=P
[C4424] NEW REQUEST queued time=3 type=S
[C4426] COMPLETE server=3
[C4427] ASSIGN server=3 time=6 type=P
[C4428] COMPLETE server=19
[C4429] ASSIGN server=19 time=4 type=S
[C4432] COMPLETE server=3
[C4432] COMPLETE server=19
[C4433] ASSIGN server=3 time=7 type=S
[C4433] ASSIGN server=19 time=15 type=P
[C4434] NEW REQUEST queued time=6 type=P
[C4438] NEW REQUEST queued time=13 type=S
[C4439] COMPLETE server=3
[C4440] ASSIGN server=3 time=7 type=P
[C4441] NEW REQUEST queued time=6 type=P
[C4446] COMPLETE server=3
[C4447] ASSIGN server=3 time=12 type=P
[C4447] COMPLETE server=19
[C4448] NEW REQUEST queued time=14 type=P
[C4448] ASSIGN server=19 time=11 type=P
[C4450] SNAPSHOT queue=146 servers=2 busy=2 cooldownLeft=0 completed=2167 rejected=10
[C4453] NEW REQUEST queued time=9 type=S
[C4454] NEW REQUEST queued time=2 type=S
[C4458] COMPLETE server=3
[C4458] COMPLETE server=19
[C4459] NEW REQUEST queued time=2 type=P
[C4459] ASSIGN server=3 time=10 type=P
[C4459] ASSIGN server=19 time=15 type=P
[C4465] NEW REQUEST queued time=10 type=S
[C4466] NEW REQUEST queued time=8 type=P
[C4467] NEW REQUEST queued time=14 type=S
[C4468] COMPLETE server=3
[C4469] ASSIGN server=3 time=7 type=S
[C4470] NEW REQUEST queued time=8 type=S
[C4473] COMPLETE server=19
[C4474] NEW REQUEST queued time=13 type=S
[C4474] ASSIGN server=19 time=3 type=S
[C4475] COMPLETE server=3
[C4476] NEW REQUEST queued time=6 type=S
[C4476] ASSIGN server=3 time=6 type=S
[C4476] COMPLETE server=19
[C4477] ASSIGN server=19 time=6 type=S
[C4481] NEW REQUEST queued time=9 type=P
[C4481] COMPLETE server=3
[C4482] NEW REQUEST queued time=12 type=P
[C4482] ASSIGN server=3 time=14 type=S
[C4482] COMPLETE server=19
[C4483] ASSIGN server=19 time=9 type=S
[C4484] NEW REQUEST queued time=12 type=S
[C4486] NEW REQUEST queued time=14 type=S
[C4489] NEW REQUEST queued time=2 type=P
[C4490] NEW REQUEST queued time=9 type=P
[C4491] COMPLETE server=19
[C4492] ASSIGN server=19 time=4 type=S
[C4493] NEW REQUEST queued time=4 type=P
[C4494] NEW REQUEST queued time=15 type=P
[C4495] COMPLETE server=3
[C4495] COMPLETE server=19
[C4496] NEW REQUEST queued time=10 type=P
[C4496] ASSIGN server=3 time=10 type=S
[C4496] ASSIGN server=19 time=15 type=S
[C4500] SNAPSHOT queue=153 servers=2 busy=2 cooldownLeft=0 completed=2178 rejected=10
[C4503] NEW REQUEST queued time=7 type=P
[C4504] NEW REQUEST queued time=5 type=P
[C4505] COMPLETE server=3
[C4506] NEW REQUEST queued time=14 type=P
[C4506] ASSIGN server=3 time=6 type=P
[C4509] NEW REQUEST queued time=10 type=S
[C4510] COMPLETE server=19
[C4511] ASSIGN server=19 time=5 type=P
[C4511] COMPLETE server=3
[C4512] ASSIGN server=3 time=14 type=P
[C4513] NEW REQUEST queued time=9 type=S
[C4514] NEW REQUEST queued time=2 type=S
[C4515] COMPLETE server=19
[C4516] ASSIGN server=19 time=7 type=P
[C4519] NEW REQUEST queued time=14 type=S
[C4522] COMPLETE server=19
[C4523] ASSIGN server=19 time=5 type=P
[C4525] COMPLETE server=3
[C4526] ASSIGN server=3 time=7 type=S
[C4527] NEW REQUEST queued time=11 type=S
[C4527] COMPLETE server=19
[C4528] ASSIGN server=19 time=8 type=P
[C4530] NEW REQUEST queued time=11 type=P
[C4531] NEW REQUEST queued time=2 type=P
[C4532] NEW REQUEST queued time=6 type=S
[C4532] COMPLETE server=3
[C4533] NEW REQUEST queued time=10 type=P
[C4533] ASSIGN server=3 time=14 type=P
[C4535] COMPLETE server=19
[C4536] NEW REQUEST queued time=12 type=P
[C4536] ASSIGN server=19 time=5 type=P
[C4538] NEW REQUEST queued time=7 type=P
[C4540] NEW REQUEST queued time=9 type=P
[C4540] COMPLETE server=19
[C4541] NEW REQUEST queued time=3 type=P
[C4541] ASSIGN server=19 time=4 type=P
[C4544] NEW REQUEST queued time=5 type=S
[C4544] COMPLETE server=19
[C4545] ASSIGN server=19 time=2 type=P
[C4546] COMPLETE server=3
[C4546] COMPLETE server=19
[C4547] NEW REQUEST queued time=12 type=S
[C4547] ASSIGN server=3 time=12 type=S
[C4547] ASSIGN server=19 time=3 type=P
[C4548] NEW REQUEST queued time=5 type=S
[C4549] COMPLETE server=19
[C4550] ASSIGN server=19 time=9 type=S
[C4550] SNAPSHOT queue=158 servers=2 busy=2 cooldownLeft=0 completed=2192 rejected=10
[C4552] NEW REQUEST queued time=15 type=P
[C4554] NEW REQUEST queued time=14 type=P
[C4555] NEW REQUEST queued time=2 type=S
[C4555] SCALE UP -> servers=3 cooldown=25
[C4556] NEW REQUEST queued time=15 type=P
[C4556] ASSIGN server=20 time=5 type=S
[C4558] NEW REQUEST queued time=11 type=S
[C4558] COMPLETE server=3
[C4558] COMPLETE server=19
[C4559] ASSIGN server=3 time=5 type=P
[C4559] ASSIGN server=19 time=14 type=S
[C4560] COMPLETE server=20
[C4561] NEW REQUEST queued time=4 type=S
[C4561] ASSIGN server=20 time=15 type=S
[C4563] COMPLETE server=3
[C4564] ASSIGN server=3 time=7 type=P
[C4567] NEW REQUEST queued time=14 type=S
[C4570] COMPLETE server=3
[C4571] NEW REQUEST queued time=2 type=S
[C4571] ASSIGN server=3 time=6 type=S
[C4572] COMPLETE server=19
[C4573] NEW REQUEST queued time=5 type=P
[C4573] ASSIGN server=19 time=15 type=P
[C4575] COMPLETE server=20
[C4576] NEW REQUEST queued time=15 type=S
[C4576] ASSIGN server=20 time=14 type=P
[C4576] COMPLETE server=3
[C4577] NEW REQUEST queued time=5 type=S
[C4577] ASSIGN server=3 time=12 type=S
[C4579] NEW REQUEST queued time=12 type=S
[C4581] NEW REQUEST queued time=12 type=P
[C4587] NEW REQUEST queued time=9 type=S
[C4587] COMPLETE server=19
[C4588] ASSIGN server=19 time=4 type=S
[C4588] COMPLETE server=3
[C4589] ASSIGN server=3 time=6 type=S
[C4589] COMPLETE server=20
[C4590] NEW REQUEST queued time=5 type=P
[C4590] ASSIGN server=20 time=9 type=S
[C4591] COMPLETE server=19
[C4592] ASSIGN server=19 time=8 type=P
[C4593] NEW REQUEST queued time=3 type=S
[C4594] COMPLETE server=3
[C4595] NEW REQUEST queued time=13 type=P
[C4595] ASSIGN server=3 time=10 type=P
[C4597] NEW REQUEST queued time=14 type=S
[C4598] COMPLETE server=20
[C4599] NEW REQUEST queued time=5 type=S
[C4599] ASSIGN server=20 time=6 type=S
[C4599] COMPLETE server=19
[C4600] ASSIGN server=19 time=7 type=P
[C4600] SNAPSHOT queue=161 servers=3 busy=3 cooldownLeft=0 completed=2207 rejected=10
[C4602] NEW REQUEST queued time=2 type=S
[C4604] COMPLETE server=3
[C4604] COMPLETE server=20
[C4605] ASSIGN server=3 time=11 type=S
[C4605] ASSIGN server=20 time=11 type=S
[C4606] COMPLETE server=19
[C4607] NEW REQUEST queued time=9 type=P
[C4607] ASSIGN server=19 time=7 type=P
[C4609] NEW REQUEST queued time=9 type=P
[C4611] NEW REQUEST queued time=13 type=P
[C4613] COMPLETE server=19
[C4614] ASSIGN server=19 time=15 type=P
[C4615] NEW REQUEST queued time=6 type=S
[C4615] COMPLETE server=3
[C4615] COMPLETE server=20
[C4616] ASSIGN server=3 time=4 type=S
[C4616] ASSIGN server=20 time=13 type=P
[C4619] COMPLETE server=3
[C4620] NEW REQUEST queued time=5 type=P
[C4620] ASSIGN server=3 time=15 type=S
[C4624] NEW REQUEST queued time=2 type=P
[C4625] NEW REQUEST queued time=4 type=P
[C4628] COMPLETE server=19
[C4628] COMPLETE server=20
[C4629] NEW REQUEST queued time=2 type=P
[C4629] ASSIGN server=19 time=3 type=P
[C4629] ASSIGN server=20 time=12 type=S
[C4631] COMPLETE server=19
[C4632] ASSIGN server=19 time=14 type=P
[C4634] COMPLETE server=3
[C4635] NEW REQUEST queued time=15 type=S
[C4635] ASSIGN server=3 time=2 type=P
[C4636] NEW REQUEST queued time=5 type=P
[C4636] COMPLETE server=3
[C4637] NEW REQUEST queued time=14 type=S
[C4637] ASSIGN server=3 time=14 type=P
[C4638] NEW REQUEST queued time=10 type=S
[C4640] COMPLETE server=20
[C4641] ASSIGN server=20 time=7 type=P
[C4645] COMPLETE server=19
[C4646] NEW REQUEST queued time=4 type=S
[C4646] ASSIGN server=19 time=3 type=S
[C4647] COMPLETE server=20
[C4648] ASSIGN server=20 time=14 type=S
[C4648] COMPLETE server=19
[C4649] ASSIGN server=19 time=10 type=P
[C4650] NEW REQUEST queued time=12 type=S
[C4650] COMPLETE server=3
[C4650] SNAPSHOT queue=160 servers=3 busy=2 cooldownLeft=0 completed=2224 rejected=10
[C4651] NEW REQUEST queued time=15 type=S
[C4651] ASSIGN server=3 time=5 type=S
[C4652] NEW REQUEST queued time=2 type=S
[C4653] NEW REQUEST queued time=15 type=S
[C4655] COMPLETE server=3
[C4656] ASSIGN server=3 time=11 type=S
[C4658] NEW REQUEST queued time=7 type=S
[C4658] COMPLETE server=19
[C4659] ASSIGN server=19 time=2 type=S
[C4660] COMPLETE server=19
[C4661] ASSIGN server=19 time=7 type=S
[C4661] COMPLETE server=20
[C4662] ASSIGN server=20 time=4 type=P
[C4665] NEW REQUEST queued time=4 type=P
[C4665] COMPLETE server=20
[C4666] ASSIGN server=20 time=12 type=S
[C4666] COMPLETE server=3
[C4667] ASSIGN server=3 time=8 type=P
[C4667] COMPLETE server=19
[C4668] ASSIGN server=19 time=5 type=P
[C4672] COMPLETE server=19
[C4673] ASSIGN server=19 time=8 type=S
[C4674] COMPLETE server=3
[C4675] ASSIGN server=3 time=4 type=P
[C4677] COMPLETE server=20
[C4678] NEW REQUEST queued time=2 type=S
[C4678] ASSIGN server=20 time=5 type=S
[C4678] COMPLETE server=3
[C4679] ASSIGN server=3 time=7 type=S
[C4680] COMPLETE server=19
[C4681] ASSIGN server=19 time=13 type=S
[C4682] NEW REQUEST queued time=14 type=P
[C4682] COMPLETE server=20
[C4683] ASSIGN server=20 time=9 type=S
[C4684] NEW REQUEST queued time=14 type=S
[C4685] NEW REQUEST queued time=7 type=S
[C4685] COMPLETE server=3
[C4686] NEW REQUEST queued time=2 type=S
[C4686] ASSIGN server=3 time=6 type=S
[C4688] NEW REQUEST queued time=13 type=S
[C4690] NEW REQUEST queued time=4 type=S
[C4691] COMPLETE server=3
[C4691] COMPLETE server=20
[C4692] ASSIGN server=3 time=6 type=P
[C4692] ASSIGN server=20 time=10 type=P
[C4693] COMPLETE server=19
[C4694] ASSIGN server=19 time=12 type=S
[C4697] COMPLETE server=3
[C4698] ASSIGN server=3 time=13 type=S
[C4700] SNAPSHOT queue=153 servers=3 busy=3 cooldownLeft=0 completed=2242 rejected=10
[C4701] COMPLETE server=20
[C4702] ASSIGN server=20 time=7 type=S
[C4704] NEW REQUEST queued time=2 type=S
[C4705] NEW REQUEST queued time=4 type=S
[C4705] COMPLETE server=19
[C4706] ASSIGN server=19 time=5 type=S
[C4707] NEW REQUEST queued time=9 type=P
[C4708] COMPLETE server=20
[C4709] NEW REQUEST queued time=4 type=P
[C4709] ASSIGN server=20 time=12 type=S
[C4710] NEW REQUEST queued time=2 type=S
[C4710] COMPLETE server=3
[C4710] COMPLETE server=19
[C4711] ASSIGN server=3 time=2 type=P
[C4711] ASSIGN server=19 time=11 type=P
[C4712] NEW REQUEST queued time=13 type=P
[C4712] COMPLETE server=3
[C4713] ASSIGN server=3 time=7 type=P
[C4714] NEW REQUEST queued time=12 type=P
[C4715] NEW REQUEST queued time=8 type=S
[C4717] NEW REQUEST queued time=6 type=P
[C4719] COMPLETE server=3
[C4720] ASSIGN server=3 time=12 type=S
[C4720] COMPLETE server=20
[C4721] NEW REQUEST queued time=8 type=S
[C4721] ASSIGN server=20 time=14 type=P
[C4721] COMPLETE server=19
[C4722] ASSIGN server=19 time=7 type=P
[C4723] NEW REQUEST queued time=6 type=P
[C4724] NEW REQUEST queued time=10 type=P
[C4726] NEW REQUEST queued time=13 type=P
[C4727] NEW REQUEST queued time=4 type=P
[C4728] COMPLETE server=19
[C4729] ASSIGN server=19 time=13 type=P
[C4730] NEW REQUEST queued time=14 type=S
[C4731] NEW REQUEST queued time=3 type=P
[C4731] COMPLETE server=3
[C4732] ASSIGN server=3 time=2 type=P
[C4733] NEW REQUEST queued time=9 type=P
[C4733] COMPLETE server=3
[C4734] NEW REQUEST queued time=6 type=S
[C4734] ASSIGN server=3 time=9 type=S
[C4734] COMPLETE server=20
[C4735] ASSIGN server=20 time=11 type=S
[C4741] COMPLETE server=19
[C4742] ASSIGN server=19 time=4 type=S
[C4742] COMPLETE server=3
[C4743] ASSIGN server=3 time=3 type=S
[C4745] COMPLETE server=3
[C4745] COMPLETE server=19
[C4745] COMPLETE server=20
[C4746] ASSIGN server=3 time=5 type=S
[C4746] ASSIGN server=19 time=14 type=S
[C4746] ASSIGN server=20 time=4 type=P
[C4749] COMPLETE server=20
[C4750] ASSIGN server=20 time=15 type=S
[C4750] COMPLETE server=3
[C4750] SNAPSHOT queue=152 servers=3 busy=2 cooldownLeft=0 completed=2262 rejected=10
[C4751] ASSIGN server=3 time=4 type=S
[C4753] NEW REQUEST queued time=2 type=P
[C4754] COMPLETE server=3
[C4755] ASSIGN server=3 time=11 type=S
[C4757] NEW REQUEST queued time=12 type=S
[C4759] COMPLETE server=19
[C4760] ASSIGN server=19 time=8 type=S
[C4764] COMPLETE server=20
[C4765] ASSIGN server=20 time=2 type=S
[C4765] COMPLETE server=3
[C4766] ASSIGN server=3 time=6 type=S
[C4766] COMPLETE server=20
[C4766] SCALE DOWN removed=20 -> servers=2 cooldown=25
[C4767] NEW REQUEST queued time=15 type=S
[C4767] COMPLETE server=19
[C4768] ASSIGN server=19 time=12 type=P
[C4770] NEW REQUEST queued time=9 type=S
[C4771] NEW REQUEST queued time=2 type=S
[C4771] COMPLETE server=3
[C4772] ASSIGN server=3 time=9 type=S
[C4773] NEW REQUEST queued time=11 type=S
[C4775] NEW REQUEST queued time=7 type=S
[C4778] NEW REQUEST queued time=5 type=P
[C4779] NEW REQUEST queued time=15 type=S
[C4779] COMPLETE server=19
[C4780] ASSIGN server=19 time=9 type=P
[C4780] COMPLETE server=3
[C4781] ASSIGN server=3 time=3 type=S
[C4782] NEW REQUEST queued time=6 type=S
[C4783] NEW REQUEST queued time=4 type=S
[C4783] COMPLETE server=3
[C4784] NEW REQUEST queued time=14 type=P
[C4784] ASSIGN server=3 time=3 type=S
[C4786] COMPLETE server=3
[C4787] ASSIGN server=3 time=7 type=S
[C4788] COMPLETE server=19
[C4789] ASSIGN server=19 time=11 type=P
[C4793] NEW REQUEST queued time=12 type=P
[C4793] COMPLETE server=3
[C4794] NEW REQUEST queued time=13 type=S
[C4794] ASSIGN server=3 time=2 type=S
[C4795] COMPLETE server=3
[C4796] ASSIGN server=3 time=7 type=P
[C4798] NEW REQUEST queued time=12 type=P
[C4799] COMPLETE server=19
[C4800] ASSIGN server=19 time=9 type=P
[C4800] SNAPSHOT queue=152 servers=2 busy=2 cooldownLeft=0 completed=2277 rejected=10
[C4802] NEW REQUEST queued time=15 type=S
[C4802] COMPLETE server=3
[C4803] ASSIGN server=3 time=10 type=P
[C4805] NEW REQUEST queued time=4 type=S
[C4808] COMPLETE server=19
[C4809] NEW REQUEST queued time=8 type=S
[C4809] ASSIGN server=19 time=6 type=S
[C4812] NEW REQUEST queued time=13 type=P
[C4812] COMPLETE server=3
[C4813] ASSIGN server=3 time=6 type=S
[C4814] COMPLETE server=19
[C4815] NEW REQUEST queued time=14 type=S
[C4815] ASSIGN server=19 time=12 type=S
[C4818] COMPLETE server=3
[C4819] NEW REQUEST queued time=6 type=S
[C4819] ASSIGN server=3 time=3 type=S
[C4821] NEW REQUEST queued time=10 type=S
[C4821] COMPLETE server=3
[C4822] NEW REQUEST queued time=2 type=S
[C4822] ASSIGN server=3 time=8 type=P
[C4826] COMPLETE server=19
[C4827] ASSIGN server=19 time=11 type=P
[C4829] NEW REQUEST queued time=9 type=P
[C4829] COMPLETE server=3
[C4830] ASSIGN server=3 time=11 type=S
[C4832] NEW REQUEST queued time=12 type=P
[C4836] NEW REQUEST queued time=11 type=P
[C4837] COMPLETE server=19
[C4838] ASSIGN server=19 time=12 type=S
[C4840] COMPLETE server=3
[C4841] NEW REQUEST queued time=3 type=S
[C4841] ASSIGN server=3 time=7 type=S
[C4847] COMPLETE server=3
[C4848] NEW REQUEST queued time=14 type=S
[C4848] ASSIGN server=3 time=8 type=S
[C4849] COMPLETE server=19
[C4850] ASSIGN server=19 time=4 type=S
[C4850] SNAPSHOT queue=153 servers=2 busy=2 cooldownLeft=0 completed=2289 rejected=10
[C4853] COMPLETE server=19
[C4854] ASSIGN server=19 time=3 type=S
[C4855] COMPLETE server=3
[C4856] ASSIGN server=3 time=13 type=S
[C4856] COMPLETE server=19
[C4857] ASSIGN server=19 time=14 type=S
[C4864] NEW REQUEST queued time=9 type=P
[C4866] NEW REQUEST queued time=7 type=S
[C4868] NEW REQUEST queued time=8 type=S
[C4868] COMPLETE server=3
[C4869] ASSIGN server=3 time=6 type=P
[C4870] COMPLETE server=19
[C4871] ASSIGN server=19 time=7 type=P
[C4872] NEW REQUEST queued time=15 type=P
[C4873] NEW REQUEST queued time=13 type=P
[C4874] COMPLETE server=3
[C4875] ASSIGN server=3 time=11 type=P
[C4877] NEW REQUEST queued time=3 type=P
[C4877] COMPLETE server=19
[C4878] ASSIGN server=19 time=15 type=P
[C4879] NEW REQUEST queued time=12 type=S
[C4881] NEW REQUEST queued time=11 type=S
[C4885] COMPLETE server=3
[C4886] ASSIGN server=3 time=13 type=S
[C4889] NEW REQUEST queued time=10 type=P
[C4892] COMPLETE server=19
[C4893] ASSIGN server=19 time=4 type=S
[C4896] COMPLETE server=19
[C4897] ASSIGN server=19 time=5 type=P
[C4898] COMPLETE server=3
[C4899] ASSIGN server=3 time=9 type=S
[C4900] NEW REQUEST queued time=11 type=S
[C4900] SNAPSHOT queue=152 servers=2 busy=2 cooldownLeft=0 completed=2300 rejected=10
[C4901] COMPLETE server=19
[C4902] NEW REQUEST queued time=8 type=S
[C4902] ASSIGN server=19 time=8 type=P
[C4905] NEW REQUEST queued time=6 type=S
[C4907] COMPLETE server=3
[C4908] ASSIGN server=3 time=3 type=P
[C4909] COMPLETE server=19
[C4910] ASSIGN server=19 time=6 type=S
[C4910] COMPLETE server=3
[C4911] NEW REQUEST queued time=7 type=P
[C4911] ASSIGN server=3 time=15 type=P
[C4915] COMPLETE server=19
[C4916] NEW REQUEST queued time=9 type=P
[C4916] ASSIGN server=19 time=2 type=S
[C4917] COMPLETE server=19
[C4918] ASSIGN server=19 time=2 type=S
[C4919] COMPLETE server=19
[C4920] ASSIGN server=19 time=9 type=S
[C4925] NEW REQUEST queued time=14 type=P
[C4925] COMPLETE server=3
[C4926] ASSIGN server=3 time=14 type=S
[C4928] COMPLETE server=19
[C4929] ASSIGN server=19 time=3 type=S
[C4931] NEW REQUEST queued time=14 type=P
[C4931] COMPLETE server=19
[C4932] ASSIGN server=19 time=6 type=P
[C4934] NEW REQUEST queued time=2 type=S
[C4937] COMPLETE server=19
[C4938] ASSIGN server=19 time=13 type=S
[C4939] NEW REQUEST queued time=15 type=S
[C4939] COMPLETE server=3
[C4940] NEW REQUEST queued time=13 type=S
[C4940] ASSIGN server=3 time=6 type=P
[C4941] NEW REQUEST queued time=4 type=S
[C4943] NEW REQUEST queued time=4 type=P
[C4945] COMPLETE server=3
[C4946] ASSIGN server=3 time=14 type=P
[C4949] NEW REQUEST queued time=6 type=P
[C4950] COMPLETE server=19
[C4950] SNAPSHOT queue=151 servers=2 busy=1 cooldownLeft=0 completed=2314 rejected=10
[C4951] NEW REQUEST queued time=6 type=P
[C4951] ASSIGN server=19 time=9 type=S
[C4952] NEW REQUEST queued time=10 type=P
[C4959] NEW REQUEST queued time=5 type=S
[C4959] COMPLETE server=3
[C4959] COMPLETE server=19
[C4960] ASSIGN server=3 time=2 type=S
[C4960] ASSIGN server=19 time=2 type=P
[C4961] NEW REQUEST queued time=3 type=S
[C4961] COMPLETE server=3
[C4961] COMPLETE server=19
[C4962] NEW REQUEST queued time=3 type=P
[C4962] ASSIGN server=3 time=10 type=S
[C4962] ASSIGN server=19 time=8 type=P
[C4965] NEW REQUEST queued time=2 type=P
[C4967] NEW REQUEST queued time=3 type=S
[C4969] COMPLETE server=19
[C4970] NEW REQUEST queued time=14 type=P
[C4970] ASSIGN server=19 time=14 type=S
[C4971] COMPLETE server=3
[C4972] ASSIGN server=3 time=8 type=S
[C4975] NEW REQUEST queued time=4 type=S
[C4979] COMPLETE server=3
[C4980] NEW REQUEST queued time=9 type=P
[C4980] ASSIGN server=3 time=13 type=S
[C4983] COMPLETE server=19
[C4984] ASSIGN server=19 time=6 type=S
[C4986] NEW REQUEST queued time=13 type=S
[C4989] COMPLETE server=19
[C4990] NEW REQUEST queued time=11 type=S
[C4990] ASSIGN server=19 time=9 type=P
[C4992] COMPLETE server=3
[C4993] NEW REQUEST queued time=8 type=S
[C4993] ASSIGN server=3 time=12 type=P
[C4996] NEW REQUEST queued time=5 type=P
[C4998] COMPLETE server=19
[C4999] ASSIGN server=19 time=12 type=S
[C5000] SNAPSHOT queue=153 servers=2 busy=2 cooldownLeft=0 completed=2325 rejected=10
[C5004] COMPLETE server=3
[C5005] ASSIGN server=3 time=14 type=S
[C5010] COMPLETE server=19
[C5011] ASSIGN server=19 time=2 type=P
[C5012] COMPLETE server=19
[C5013] ASSIGN server=19 time=9 type=P
[C5018] COMPLETE server=3
[C5019] ASSIGN server=3 time=4 type=P
[C5020] NEW REQUEST queued time=14 type=S
[C5021] COMPLETE server=19
[C5022] NEW REQUEST queued time=10 type=P
[C5022] ASSIGN server=19 time=15 type=P
[C5022] COMPLETE server=3
[C5023] ASSIGN server=3 time=10 type=P
[C5027] NEW REQUEST queued time=10 type=S
[C5028] NEW REQUEST queued time=4 type=S
[C5031] NEW REQUEST queued time=7 type=S
[C5032] COMPLETE server=3
[C5033] ASSIGN server=3 time=7 type=P
[C5036] NEW REQUEST queued time=10 type=S
[C5036] COMPLETE server=19
[C5037] ASSIGN server=19 time=5 type=P
[C5039] COMPLETE server=3
[C5040] ASSIGN server=3 time=14 type=P
[C5041] COMPLETE server=19
[C5042] ASSIGN server=19 time=10 type=S
[C5044] NEW REQUEST queued time=4 type=P
[C5050] SNAPSHOT queue=150 servers=2 busy=2 cooldownLeft=0 completed=2335 rejected=10
[C5051] COMPLETE server=19
[C5052] ASSIGN server=19 time=9 type=S
[C5053] COMPLETE server=3
[C5054] NEW REQUEST queued time=9 type=S
[C5054] ASSIGN server=3 time=2 type=S
[C5055] COMPLETE server=3
[C5056] ASSIGN server=3 time=14 type=S
[C5057] NEW REQUEST queued time=12 type=P
[C5060] COMPLETE server=19
[C5061] ASSIGN server=19 time=11 type=S
[C5062] NEW REQUEST queued time=11 type=S
[C5063] NEW REQUEST queued time=13 type=S
[C5069] NEW REQUEST queued time=8 type=P
[C5069] COMPLETE server=3
[C5070] ASSIGN server=3 time=11 type=P
[C5071] COMPLETE server=19
[C5072] ASSIGN server=19 time=2 type=P
[C5073] COMPLETE server=19
[C5074] NEW REQUEST queued time=14 type=P
[C5074] ASSIGN server=19 time=6 type=S
[C5075] NEW REQUEST queued time=4 type=P
[C5079] COMPLETE server=19
[C5080] NEW REQUEST queued time=14 type=P
[C5080] ASSIGN server=19 time=10 type=P
[C5080] COMPLETE server=3
[C5081] ASSIGN server=3 time=12 type=P
[C5082] NEW REQUEST queued time=4 type=P
[C5084] NEW REQUEST queued time=9 type=P
[C5086] NEW REQUEST queued time=14 type=S
[C5088] NEW REQUEST queued time=4 type=P
[C5089] COMPLETE server=19
[C5090] ASSIGN server=19 time=7 type=P
[C5092] NEW REQUEST queued time=2 type=P
[C5092] COMPLETE server=3
[C5093] ASSIGN server=3 time=9 type=P
[C5096] COMPLETE server=19
[C5097] ASSIGN server=19 time=3 type=P
[C5099] NEW REQUEST queued time=3 type=S
[C5099] COMPLETE server=19
[C5100] NEW REQUEST queued time=11 type=P
[C5100] ASSIGN server=19 time=5 type=S
[C5100] SNAPSHOT queue=152 servers=2 busy=2 cooldownLeft=0 completed=2348 rejected=10
[C5101] COMPLETE server=3
[C5102] ASSIGN server=3 time=12 type=S
[C5104] COMPLETE server=19
[C5105] ASSIGN server=19 time=5 type=S
[C5109] NEW REQUEST queued time=2 type=S
[C5109] COMPLETE server=19
[C5110] ASSIGN server=19 time=15 type=P
[C5113] COMPLETE server=3
[C5114] ASSIGN server=3 time=14 type=P
[C5116] NEW REQUEST queued time=9 type=S
[C5117] NEW REQUEST queued time=5 type=S
[C5121] NEW REQUEST queued time=3 type=P
[C5124] COMPLETE server=19
[C5125] ASSIGN server=19 time=2 type=S
[C5126] COMPLETE server=19
[C5127] NEW REQUEST queued time=4 type=P
[C5127] ASSIGN server=19 time=15 type=P
[C5127] COMPLETE server=3
[C5128] NEW REQUEST queued time=8 type=S
[C5128] ASSIGN server=3 time=11 type=S
[C5134] NEW REQUEST queued time=8 type=S
[C5138] COMPLETE server=3
[C5139] NEW REQUEST queued time=5 type=P
[C5139] ASSIGN server=3 time=4 type=S
[C5141] NEW REQUEST queued time=7 type=S
[C5141] COMPLETE server=19
[C5142] ASSIGN server=19 time=14 type=S
[C5142] COMPLETE server=3
[C5143] ASSIGN server=3 time=2 type=S
[C5144] COMPLETE server=3
[C5145] ASSIGN server=3 time=5 type=P
[C5149] COMPLETE server=3
[C5150] ASSIGN server=3 time=15 type=S
[C5150] SNAPSHOT queue=149 servers=2 busy=2 cooldownLeft=0 completed=2360 rejected=10
[C5154] NEW REQUEST queued time=11 type=P
[C5155] COMPLETE server=19
[C5156] ASSIGN server=19 time=5 type=S
[C5160] COMPLETE server=19
[C5161] NEW REQUEST queued time=5 type=S
[C5161] ASSIGN server=19 time=12 type=S
[C5163] NEW REQUEST queued time=8 type=P
[C5164] COMPLETE server=3
[C5165] ASSIGN server=3 time=12 type=P
[C5172] COMPLETE server=19
[C5173] ASSIGN server=19 time=9 type=S
[C5175] NEW REQUEST queued time=14 type=P
[C5176] COMPLETE server=3
[C5177] ASSIGN server=3 time=5 type=P
[C5179] NEW REQUEST queued time=2 type=S
[C5180] NEW REQUEST queued time=11 type=P
[C5181] COMPLETE server=3
[C5181] COMPLETE server=19
[C5182] ASSIGN server=3 time=3 type=S
[C5182] ASSIGN server=19 time=13 type=P
[C5184] NEW REQUEST queued time=10 type=S
[C5184] COMPLETE server=3
[C5185] NEW REQUEST queued time=5 type=P
[C5185] ASSIGN server=3 time=14 type=S
[C5191] NEW REQUEST queued time=13 type=S
[C5192] NEW REQUEST queued time=6 type=P
[C5194] COMPLETE server=19
[C5195] ASSIGN server=19 time=5 type=S
[C5198] NEW REQUEST queued time=8 type=S
[C5198] COMPLETE server=3
[C5199] NEW REQUEST queued time=4 type=P
[C5199] ASSIGN server=3 time=2 type=S
[C5199] COMPLETE server=19
[C5200] ASSIGN server=19 time=9 type=P
[C5200] COMPLETE server=3
[C5200] SNAPSHOT queue=150 servers=2 busy=1 cooldownLeft=0 completed=2372 rejected=10
[C5201] ASSIGN server=3 time=9 type=P
[C5202] NEW REQUEST queued time=4 type=S
[C5203] NEW REQUEST queued time=15 type=P
[C5205] NEW REQUEST queued time=5 type=P
[C5206] NEW REQUEST queued time=12 type=P
[C5208] COMPLETE server=19
[C5209] ASSIGN server=19 time=13 type=P
[C5209] COMPLETE server=3
[C5210] NEW REQUEST queued time=7 type=P
[C5210] ASSIGN server=3 time=6 type=S
[C5211] NEW REQUEST queued time=12 type=P
[C5213] NEW REQUEST queued time=13 type=P
[C5215] NEW REQUEST queued time=4 type=S
[C5215] COMPLETE server=3
[C5216] ASSIGN server=3 time=5 type=P
[C5220] COMPLETE server=3
[C5221] ASSIGN server=3 time=2 type=P
[C5221] COMPLETE server=19
[C5222] ASSIGN server=19 time=4 type=P
[C5222] COMPLETE server=3
[C5223] NEW REQUEST queued time=4 type=S
[C5223] ASSIGN server=3 time=2 type=P
[C5224] NEW REQUEST queued time=8 type=S
[C5224] COMPLETE server=3
[C5225] NEW REQUEST queued time=2 type=S
[C5225] ASSIGN server=3 time=15 type=S
[C5225] COMPLETE server=19
[C5226] NEW REQUEST queued time=11 type=S
[C5226] ASSIGN server=19 time=5 type=P
[C5229] NEW REQUEST queued time=2 type=S
[C5230] COMPLETE server=19
[C5231] ASSIGN server=19 time=14 type=S
[C5235] NEW REQUEST queued time=8 type=S
[C5239] COMPLETE server=3
[C5240] NEW REQUEST queued time=8 type=P
[C5240] ASSIGN server=3 time=10 type=S
[C5241] NEW REQUEST queued time=8 type=P
[C5242] NEW REQUEST queued time=14 type=P
[C5244] NEW REQUEST queued time=6 type=P
[C5244] COMPLETE server=19
[C5245] ASSIGN server=19 time=4 type=S
[C5248] COMPLETE server=19
[C5249] ASSIGN server=19 time=12 type=S
[C5249] COMPLETE server=3
[C5250] ASSIGN server=3 time=15 type=S
[C5250] SNAPSHOT queue=154 servers=2 busy=2 cooldownLeft=0 completed=2385 rejected=10
[C5252] NEW REQUEST queued time=14 type=P
[C5258] NEW REQUEST queued time=3 type=S
[C5260] COMPLETE server=19
[C5261] ASSIGN server=19 time=2 type=S
[C5262] COMPLETE server=19
[C5263] ASSIGN server=19 time=15 type=S
[C5264] COMPLETE server=3
[C5265] NEW REQUEST queued time=3 type=S
[C5265] ASSIGN server=3 time=7 type=S
[C5268] NEW REQUEST queued time=12 type=S
[C5269] NEW REQUEST queued time=14 type=S
[C5271] NEW REQUEST queued time=8 type=P
[C5271] COMPLETE server=3
[C5272] ASSIGN server=3 time=4 type=P
[C5275] COMPLETE server=3
[C5276] ASSIGN server=3 time=2 type=S
[C5277] COMPLETE server=3
[C5277] COMPLETE server=19
[C5278] ASSIGN server=3 time=14 type=P
[C5278] ASSIGN server=19 time=14 type=S
[C5279] NEW REQUEST queued time=9 type=P
[C5288] NEW REQUEST queued time=8 type=S
[C5291] COMPLETE server=3
[C5291] COMPLETE server=19
[C5292] ASSIGN server=3 time=7 type=S
[C5292] ASSIGN server=19 time=2 type=S
[C5293] NEW REQUEST queued time=5 type=P
[C5293] COMPLETE server=19
[C5294] NEW REQUEST queued time=14 type=S
[C5294] ASSIGN server=19 time=13 type=S
[C5296] NEW REQUEST queued time=6 type=S
[C5297] NEW REQUEST queued time=3 type=S
[C5298] NEW REQUEST queued time=5 type=S
[C5298] COMPLETE server=3
[C5299] NEW REQUEST queued time=2 type=P
[C5299] ASSIGN server=3 time=4 type=S
[C5300] SNAPSHOT queue=157 servers=2 busy=2 cooldownLeft=0 completed=2396 rejected=10
[C5302] COMPLETE server=3
[C5303] ASSIGN server=3 time=2 type=S
[C5304] NEW REQUEST queued time=13 type=S
[C5304] COMPLETE server=3
[C5305] ASSIGN server=3 time=4 type=S
[C5306] COMPLETE server=19
[C5307] ASSIGN server=19 time=9 type=P
[C5308] COMPLETE server=3
[C5309] ASSIGN server=3 time=4 type=P
[C5312] COMPLETE server=3
[C5313] ASSIGN server=3 time=2 type=S
[C5314] COMPLETE server=3
[C5315] NEW REQUEST queued time=2 type=P
[C5315] ASSIGN server=3 time=13 type=P
[C5315] COMPLETE server=19
[C5316] ASSIGN server=19 time=12 type=P
[C5317] NEW REQUEST queued time=15 type=S
[C5319] NEW REQUEST queued time=4 type=P
[C5323] NEW REQUEST queued time=6 type=P
[C5326] NEW REQUEST queued time=12 type=S
[C5327] COMPLETE server=3
[C5327] COMPLETE server=19
[C5328] NEW REQUEST queued time=8 type=S
[C5328] ASSIGN server=3 time=8 type=S
[C5328] ASSIGN server=19 time=6 type=P
[C5330] NEW REQUEST queued time=6 type=S
[C5331] NEW REQUEST queued time=2 type=P
[C5332] NEW REQUEST queued time=8 type=P
[C5333] COMPLETE server=19
[C5334] NEW REQUEST queued time=7 type=P
[C5334] ASSIGN server=19 time=8 type=S
[C5335] NEW REQUEST queued time=11 type=P
[C5335] COMPLETE server=3
[C5336] ASSIGN server=3 time=6 type=P
[C5339] NEW REQUEST queued time=11 type=S
[C5341] COMPLETE server=3
[C5341] COMPLETE server=19
[C5342] ASSIGN server=3 time=10 type=P
[C5342] ASSIGN server=19 time=13 type=P
[C5346] NEW REQUEST queued time=6 type=S
[C5347] NEW REQUEST queued time=3 type=S
[C5348] NEW REQUEST queued time=10 type=P
[C5350] SNAPSHOT queue=160 servers=2 busy=2 cooldownLeft=0 completed=2409 rejected=10
[C5351] COMPLETE server=3
[C5352] FIREWALL REJECT sourceIp=10.37.238.120
[C5352] ASSIGN server=3 time=4 type=P
[C5353] NEW REQUEST queued time=6 type=S
[C5354] NEW REQUEST queued time=8 type=S
[C5354] COMPLETE server=19
[C5354] SCALE UP -> servers=3 cooldown=25
[C5355] NEW REQUEST queued time=14 type=P
[C5355] ASSIGN server=19 time=14 type=S
[C5355] ASSIGN server=21 time=3 type=P
[C5355] COMPLETE server=3
[C5356] ASSIGN server=3 time=9 type=P
[C5357] NEW REQUEST queued time=2 type=S
[C5357] COMPLETE server=21
[C5358] NEW REQUEST queued time=4 type=P
[C5358] ASSIGN server=21 time=6 type=S
[C5362] NEW REQUEST queued time=8 type=P
[C5363] COMPLETE server=21
[C5364] ASSIGN server=21 time=2 type=P
[C5364] COMPLETE server=3
[C5365] ASSIGN server=3 time=12 type=S
[C5365] COMPLETE server=21
[C5366] ASSIGN server=21 time=15 type=S
[C5368] COMPLETE server=19
[C5369] ASSIGN server=19 time=9 type=S
[C5371] NEW REQUEST queued time=6 type=S
[C5372] NEW REQUEST queued time=10 type=S
[C5373] NEW REQUEST queued time=6 type=S
[C5375] NEW REQUEST queued time=3 type=S
[C5376] NEW REQUEST queued time=2 type=S
[C5376] COMPLETE server=3
[C5377] ASSIGN server=3 time=2 type=S
[C5377] COMPLETE server=19
[C5378] NEW REQUEST queued time=3 type=P
[C5378] ASSIGN server=19 time=11 type=S
[C5378] COMPLETE server=3
[C5379] ASSIGN server=3 time=7 type=S
[C5380] COMPLETE server=21
[C5381] ASSIGN server=21 time=5 type=P
[C5385] NEW REQUEST queued time=13 type=S
[C5385] COMPLETE server=3
[C5385] COMPLETE server=21
[C5386] ASSIGN server=3 time=15 type=S
[C5386] ASSIGN server=21 time=6 type=S
[C5387] NEW REQUEST queued time=5 type=S
[C5388] COMPLETE server=19
[C5389] NEW REQUEST queued time=14 type=P
[C5389] ASSIGN server=19 time=4 type=S
[C5390] NEW REQUEST queued time=12 type=S
[C5391] COMPLETE server=21
[C5392] NEW REQUEST queued time=10 type=S
[C5392] ASSIGN server=21 time=14 type=P
[C5392] COMPLETE server=19
[C5393] NEW REQUEST queued time=8 type=P
[C5393] ASSIGN server=19 time=12 type=P
[C5394] NEW REQUEST queued time=15 type=P
[C5395] NEW REQUEST queued time=3 type=S
[C5398] NEW REQUEST queued time=9 type=P
[C5399] NEW REQUEST queued time=10 type=P
[C5400] COMPLETE server=3
[C5400] SNAPSHOT queue=164 servers=3 busy=2 cooldownLeft=0 completed=2427 rejected=11
[C5401] ASSIGN server=3 time=13 type=S
[C5404] COMPLETE server=19
[C5405] ASSIGN server=19 time=12 type=P
[C5405] COMPLETE server=21
[C5406] NEW REQUEST queued time=6 type=S
[C5406] ASSIGN server=21 time=15 type=S
[C5412] NEW REQUEST queued time=13 type=P
[C5413] COMPLETE server=3
[C5414] ASSIGN server=3 time=4 type=S
[C5416] COMPLETE server=19
[C5417] ASSIGN server=19 time=8 type=S
[C5417] COMPLETE server=3
[C5418] NEW REQUEST queued time=11 type=P
[C5418] ASSIGN server=3 time=13 type=P
[C5419] NEW REQUEST queued time=6 type=S
[C5420] COMPLETE server=21
[C5421] ASSIGN server=21 time=14 type=S
[C5424] COMPLETE server=19
[C5425] NEW REQUEST queued time=6 type=S
[C5425] ASSIGN server=19 time=6 type=S
[C5428] NEW REQUEST queued time=15 type=P
[C5430] COMPLETE server=3
[C5430] COMPLETE server=19
[C5431] ASSIGN server=3 time=10 type=S
[C5431] ASSIGN server=19 time=2 type=S
[C5432] COMPLETE server=19
[C5433] ASSIGN server=19 time=9 type=P
[C5434] COMPLETE server=21
[C5435] ASSIGN server=21 time=12 type=P
[C5437] NEW REQUEST queued time=3 type=P
[C5440] COMPLETE server=3
[C5441] ASSIGN server=3 time=11 type=P
[C5441] COMPLETE server=19
[C5442] ASSIGN server=19 time=3 type=S
[C5444] COMPLETE server=19
[C5445] NEW REQUEST queued time=9 type=S
[C5445] ASSIGN server=19 time=14 type=S
[C5446] COMPLETE server=21
[C5447] ASSIGN server=21 time=9 type=P
[C5448] NEW REQUEST queued time=3 type=S
[C5450] NEW REQUEST queued time=2 type=P
[C5450] SNAPSHOT queue=158 servers=3 busy=3 cooldownLeft=0 completed=2442 rejected=11
[C5451] COMPLETE server=3
[C5452] ASSIGN server=3 time=7 type=S
[C5455] COMPLETE server=21
[C5456] NEW REQUEST queued time=4 type=S
[C5456] ASSIGN server=21 time=8 type=S
[C5458] COMPLETE server=3
[C5458] COMPLETE server=19
[C5459] ASSIGN server=3 time=15 type=P
[C5459] ASSIGN server=19 time=13 type=P
[C5460] NEW REQUEST queued time=7 type=S
[C5462] NEW REQUEST queued time=13 type=P
[C5463] COMPLETE server=21
[C5464] ASSIGN server=21 time=3 type=P
[C5466] COMPLETE server=21
[C5467] ASSIGN server=21 time=12 type=S
[C5468] NEW REQUEST queued time=9 type=S
[C5471] COMPLETE server=19
[C5472] ASSIGN server=19 time=11 type=S
[C5473] COMPLETE server=3
[C5474] ASSIGN server=3 time=10 type=P
[C5478] COMPLETE server=21
[C5479] ASSIGN server=21 time=11 type=S
[C5481] NEW REQUEST queued time=5 type=P
[C5482] COMPLETE server=19
[C5483] ASSIGN server=19 time=8 type=S
[C5483] COMPLETE server=3
[C5484] NEW REQUEST queued time=14 type=S
[C5484] ASSIGN server=3 time=6 type=S
[C5485] NEW REQUEST queued time=11 type=P
[C5489] COMPLETE server=3
[C5489] COMPLETE server=21
[C5490] ASSIGN server=3 time=7 type=P
[C5490] ASSIGN server=21 time=9 type=P
[C5490] COMPLETE server=19
[C5491] NEW REQUEST queued time=10 type=P
[C5491] ASSIGN server=19 time=14 type=P
[C5493] NEW REQUEST queued time=13 type=P
[C5496] NEW REQUEST queued time=15 type=S
[C5496] COMPLETE server=3
[C5497] NEW REQUEST queued time=8 type=P
[C5497] ASSIGN server=3 time=14 type=P
[C5498] COMPLETE server=21
[C5499] ASSIGN server=21 time=2 type=S
[C5500] NEW REQUEST queued time=4 type=P
[C5500] COMPLETE server=21
[C5500] SNAPSHOT queue=154 servers=3 busy=2 cooldownLeft=0 completed=2459 rejected=11
[C5501] NEW REQUEST queued time=6 type=S
[C5501] ASSIGN server=21 time=15 type=S
[C5502] NEW REQUEST queued time=13 type=S
[C5503] NEW REQUEST queued time=5 type=S
[C5504] COMPLETE server=19
[C5505] ASSIGN server=19 time=13 type=S
[C5510] COMPLETE server=3
[C5511] ASSIGN server=3 time=4 type=S
[C5512] NEW REQUEST queued time=8 type=S
[C5513] NEW REQUEST queued time=11 type=S
[C5514] NEW REQUEST queued time=14 type=S
[C5514] COMPLETE server=3
[C5515] ASSIGN server=3 time=4 type=P
[C5515] COMPLETE server=21
[C5516] NEW REQUEST queued time=6 type=S
[C5516] ASSIGN server=21 time=6 type=P
[C5517] COMPLETE server=19
[C5518] ASSIGN server=19 time=6 type=P
[C5518] COMPLETE server=3
[C5519] NEW REQUEST queued time=3 type=P
[C5519] ASSIGN server=3 time=10 type=P
[C5521] COMPLETE server=21
[C5522] ASSIGN server=21 time=5 type=S
[C5523] COMPLETE server=19
[C5524] ASSIGN server=19 time=3 type=S
[C5526] COMPLETE server=19
[C5526] COMPLETE server=21
[C5527] NEW REQUEST queued time=12 type=S
[C5527] ASSIGN server=19 time=3 type=P
[C5527] ASSIGN server=21 time=2 type=P
[C5528] COMPLETE server=3
[C5528] COMPLETE server=21
[C5529] ASSIGN server=3 time=3 type=S
[C5529] ASSIGN server=21 time=14 type=P
[C5529] COMPLETE server=19
[C5530] ASSIGN server=19 time=4 type=S
[C5530] SCALE DOWN removed=21 -> servers=2 cooldown=25
[C5531] COMPLETE server=3
[C5532] ASSIGN server=3 time=9 type=P
[C5533] COMPLETE server=19
[C5534] ASSIGN server=19 time=13 type=S
[C5540] NEW REQUEST queued time=6 type=S
[C5540] COMPLETE server=3
[C5541] ASSIGN server=3 time=11 type=S
[C5542] NEW REQUEST queued time=2 type=S
[C5546] COMPLETE server=19
[C5547] ASSIGN server=19 time=8 type=S
[C5550] NEW REQUEST queued time=12 type=S
[C5550] SNAPSHOT queue=148 servers=2 busy=2 cooldownLeft=5 completed=2476 rejected=11
[C5551] COMPLETE server=3
[C5552] NEW REQUEST queued time=13 type=S
[C5552] ASSIGN server=3 time=5 type=P
[C5553] NEW REQUEST queued time=2 type=P
[C5554] NEW REQUEST queued time=9 type=S
[C5554] COMPLETE server=19
[C5555] ASSIGN server=19 time=14 type=S
[C5556] COMPLETE server=3
[C5557] ASSIGN server=3 time=10 type=P
[C5561] NEW REQUEST queued time=4 type=S
[C5565] NEW REQUEST queued time=12 type=P
[C5566] COMPLETE server=3
[C5567] ASSIGN server=3 time=10 type=S
[C5568] COMPLETE server=19
[C5569] NEW REQUEST queued time=6 type=P
[C5569] ASSIGN server=19 time=4 type=S
[C5571] NEW REQUEST queued time=14 type=S
[C5572] COMPLETE server=19
[C5573] ASSIGN server=19 time=7 type=S
[C5574] NEW REQUEST queued time=6 type=S
[C5576] COMPLETE server=3
[C5577] ASSIGN server=3 time=10 type=S
[C5578] NEW REQUEST queued time=12 type=P
[C5579] COMPLETE server=19
[C5580] ASSIGN server=19 time=4 type=P
[C5582] NEW REQUEST queued time=7 type=P
[C5583] COMPLETE server=19
[C5584] NEW REQUEST queued time=14 type=S
[C5584] ASSIGN server=19 time=9 type=S
[C5586] NEW REQUEST queued time=12 type=S
[C5586] COMPLETE server=3
[C5587] ASSIGN server=3 time=12 type=P
[C5591] NEW REQUEST queued time=4 type=S
[C5592] COMPLETE server=19
[C5593] NEW REQUEST queued time=4 type=P
[C5593] ASSIGN server=19 time=11 type=S
[C5594] NEW REQUEST queued time=10 type=P
[C5597] NEW REQUEST queued time=7 type=P
[C5598] COMPLETE server=3
[C5599] ASSIGN server=3 time=13 type=S
[C5600] NEW REQUEST queued time=8 type=S
[C5600] SNAPSHOT queue=153 servers=2 busy=2 cooldownLeft=0 completed=2488 rejected=11
[C5601] NEW REQUEST queued time=14 type=S
[C5603] NEW REQUEST queued time=14 type=S
[C5603] COMPLETE server=19
[C5604] NEW REQUEST queued time=5 type=P
[C5604] ASSIGN server=19 time=8 type=P
[C5609] NEW REQUEST queued time=8 type=P
[C5610] NEW REQUEST queued time=10 type=P
[C5611] NEW REQUEST queued time=12 type=P
[C5611] COMPLETE server=3
[C5611] COMPLETE server=19
[C5612] ASSIGN server=3 time=14 type=P
[C5612] ASSIGN server=19 time=4 type=P
[C5615] NEW REQUEST queued time=3 type=P
[C5615] COMPLETE server=19
[C5616] ASSIGN server=19 time=14 type=P
[C5617] NEW REQUEST queued time=11 type=S
[C5620] NEW REQUEST queued time=10 type=S
[C5623] NEW REQUEST queued time=3 type=P
[C5624] NEW REQUEST queued time=13 type=S
[C5625] COMPLETE server=3
[C5626] ASSIGN server=3 time=4 type=P
[C5628] NEW REQUEST queued time=12 type=S
[C5629] NEW REQUEST queued time=13 type=S
[C5629] COMPLETE server=3
[C5629] COMPLETE server=19
[C5629] SCALE UP -> servers=3 cooldown=25
[C5630] ASSIGN server=3 time=9 type=P
[C5630] ASSIGN server=19 time=14 type=S
[C5630] ASSIGN server=22 time=4 type=P
[C5632] NEW REQUEST queued time=4 type=S
[C5633] NEW REQUEST queued time=15 type=S
[C5633] COMPLETE server=22
[C5634] NEW REQUEST queued time=9 type=S
[C5634] ASSIGN server=22 time=2 type=P
[C5635] COMPLETE server=22
[C5636] NEW REQUEST queued time=3 type=P
[C5636] ASSIGN server=22 time=3 type=S
[C5638] COMPLETE server=3
[C5638] COMPLETE server=22
[C5639] ASSIGN server=3 time=11 type=P
[C5639] ASSIGN server=22 time=2 type=S
[C5640] COMPLETE server=22
[C5641] ASSIGN server=22 time=9 type=S
[C5643] COMPLETE server=19
[C5644] ASSIGN server=19 time=5 type=S
[C5648] COMPLETE server=19
[C5649] NEW REQUEST queued time=6 type=P
[C5649] ASSIGN server=19 time=3 type=P
[C5649] COMPLETE server=3
[C5649] COMPLETE server=22
[C5650] ASSIGN server=3 time=4 type=P
[C5650] ASSIGN server=22 time=8 type=S
[C5650] SNAPSHOT queue=154 servers=3 busy=3 cooldownLeft=4 completed=2504 rejected=11
[C5651] COMPLETE server=19
[C5652] ASSIGN server=19 time=8 type=S
[C5653] NEW REQUEST queued time=12 type=P
[C5653] COMPLETE server=3
[C5654] ASSIGN server=3 time=5 type=P
[C5655] NEW REQUEST queued time=2 type=P
[C5656] NEW REQUEST queued time=6 type=S
[C5657] COMPLETE server=22
[C5658] NEW REQUEST queued time=13 type=P
[C5658] ASSIGN server=22 time=7 type=S
[C5658] COMPLETE server=3
[C5659] ASSIGN server=3 time=11 type=P
[C5659] COMPLETE server=19
[C5660] ASSIGN server=19 time=5 type=S
[C5664] NEW REQUEST queued time=2 type=S
[C5664] COMPLETE server=19
[C5664] COMPLETE server=22
[C5665] ASSIGN server=19 time=8 type=P
[C5665] ASSIGN server=22 time=14 type=P
[C5669] COMPLETE server=3
[C5670] NEW REQUEST queued time=9 type=P
[C5670] ASSIGN server=3 time=2 type=S
[C5671] NEW REQUEST queued time=7 type=S
[C5671] COMPLETE server=3
[C5672] ASSIGN server=3 time=11 type=P
[C5672] COMPLETE server=19
[C5673] ASSIGN server=19 time=10 type=S
[C5674] NEW REQUEST queued time=13 type=P
[C5676] NEW REQUEST queued time=3 type=P
[C5678] COMPLETE server=22
[C5679] ASSIGN server=22 time=5 type=P
[C5681] NEW REQUEST queued time=5 type=S
[C5682] COMPLETE server=3
[C5682] COMPLETE server=19
[C5683] NEW REQUEST queued time=2 type=P
[C5683] ASSIGN server=3 time=13 type=S
[C5683] ASSIGN server=19 time=6 type=P
[C5683] COMPLETE server=22
[C5684] ASSIGN server=22 time=8 type=S
[C5686] NEW REQUEST queued time=9 type=P
[C5688] NEW REQUEST queued time=15 type=S
[C5688] COMPLETE server=19
[C5689] ASSIGN server=19 time=4 type=P
[C5691] COMPLETE server=22
[C5692] ASSIGN server=22 time=4 type=S
[C5692] COMPLETE server=19
[C5693] ASSIGN server=19 time=15 type=P
[C5695] NEW REQUEST queued time=2 type=S
[C5695] COMPLETE server=3
[C5695] COMPLETE server=22
[C5696] ASSIGN server=3 time=5 type=P
[C5696] ASSIGN server=22 time=12 type=P
[C5696] SCALE DOWN removed=22 -> servers=2 cooldown=25
[C5700] COMPLETE server=3
[C5700] SNAPSHOT queue=149 servers=2 busy=1 cooldownLeft=21 completed=2524 rejected=11
[C5701] NEW REQUEST queued time=13 type=P
[C5701] ASSIGN server=3 time=7 type=P
[C5702] NEW REQUEST queued time=2 type=P
[C5707] COMPLETE server=3
[C5707] COMPLETE server=19
[C5708] ASSIGN server=3 time=12 type=P
[C5708] ASSIGN server=19 time=13 type=P
[C5710] NEW REQUEST queued time=2 type=S
[C5711] NEW REQUEST queued time=5 type=P
[C5715] NEW REQUEST queued time=13 type=P
[C5716] NEW REQUEST queued time=13 type=S
[C5719] COMPLETE server=3
[C5720] ASSIGN server=3 time=4 type=S
[C5720] COMPLETE server=19
[C5721] NEW REQUEST queued time=2 type=P
[C5721] ASSIGN server=19 time=4 type=S
[C5723] COMPLETE server=3
[C5724] NEW REQUEST queued time=14 type=P
[C5724] ASSIGN server=3 time=8 type=S
[C5724] COMPLETE server=19
[C5725] ASSIGN server=19 time=2 type=S
[C5726] COMPLETE server=19
[C5727] ASSIGN server=19 time=11 type=S
[C5730] NEW REQUEST queued time=14 type=S
[C5731] COMPLETE server=3
[C5732] ASSIGN server=3 time=2 type=S
[C5733] COMPLETE server=3
[C5734] ASSIGN server=3 time=8 type=S
[C5737] NEW REQUEST queued time=5 type=S
[C5737] COMPLETE server=19
[C5738] NEW REQUEST queued time=8 type=P
[C5738] ASSIGN server=19 time=8 type=P
[C5740] NEW REQUEST queued time=5 type=P
[C5741] COMPLETE server=3
[C5742] ASSIGN server=3 time=8 type=P
[C5745] COMPLETE server=19
[C5746] NEW REQUEST queued time=6 type=P
[C5746] ASSIGN server=19 time=14 type=P
[C5748] NEW REQUEST queued time=9 type=S
[C5749] COMPLETE server=3
[C5750] ASSIGN server=3 time=6 type=P
[C5750] SNAPSHOT queue=149 servers=2 busy=2 cooldownLeft=0 completed=2537 rejected=11
[C5753] NEW REQUEST queued time=3 type=S
[C5755] COMPLETE server=3
[C5756] NEW REQUEST queued time=9 type=S
[C5756] ASSIGN server=3 time=14 type=P
[C5757] NEW REQUEST queued time=7 type=S
[C5758] NEW REQUEST queued time=8 type=P
[C5759] COMPLETE server=19
[C5760] ASSIGN server=19 time=3 type=S
[C5762] COMPLETE server=19
[C5763] ASSIGN server=19 time=3 type=S
[C5764] NEW REQUEST queued time=10 type=P
[C5765] COMPLETE server=19
[C5766] ASSIGN server=19 time=12 type=S
[C5769] COMPLETE server=3
[C5770] ASSIGN server=3 time=14 type=S
[C5775] NEW REQUEST queued time=14 type=P
[C5776] NEW REQUEST queued time=7 type=P
[C5777] COMPLETE server=19
[C5778] ASSIGN server=19 time=8 type=P
[C5780] NEW REQUEST queued time=11 type=P
[C5781] NEW REQUEST queued time=7 type=P
[C5782] NEW REQUEST queued time=13 type=P
[C5783] NEW REQUEST queued time=13 type=S
[C5783] COMPLETE server=3
[C5784] ASSIGN server=3 time=9 type=P
[C5785] NEW REQUEST queued time=13 type=P
[C5785] COMPLETE server=19
[C5786] NEW REQUEST queued time=7 type=S
[C5786] ASSIGN server=19 time=8 type=S
[C5792] COMPLETE server=3
[C5793] NEW REQUEST queued time=6 type=S
[C5793] ASSIGN server=3 time=5 type=P
[C5793] COMPLETE server=19
[C5794] ASSIGN server=19 time=14 type=S
[C5795] NEW REQUEST queued time=10 type=S
[C5797] COMPLETE server=3
[C5798] NEW REQUEST queued time=15 type=P
[C5798] ASSIGN server=3 time=6 type=S
[C5799] NEW REQUEST queued time=14 type=S
[C5800] NEW REQUEST queued time=11 type=S
[C5800] SNAPSHOT queue=156 servers=2 busy=2 cooldownLeft=0 completed=2548 rejected=11
[C5802] NEW REQUEST queued time=3 type=S
[C5803] COMPLETE server=3
[C5804] ASSIGN server=3 time=3 type=S
[C5806] NEW REQUEST queued time=13 type=S
[C5806] COMPLETE server=3
[C5807] ASSIGN server=3 time=5 type=S
[C5807] COMPLETE server=19
[C5808] ASSIGN server=19 time=2 type=P
[C5809] COMPLETE server=19
[C5810] ASSIGN server=19 time=13 type=S
[C5811] COMPLETE server=3
[C5812] ASSIGN server=3 time=2 type=P
[C5813] COMPLETE server=3
[C5814] ASSIGN server=3 time=15 type=S
[C5816] NEW REQUEST queued time=15 type=P
[C5817] NEW REQUEST queued time=10 type=S
[C5819] NEW REQUEST queued time=6 type=S
[C5822] NEW REQUEST queued time=10 type=S
[C5822] COMPLETE server=19
[C5823] NEW REQUEST queued time=2 type=S
[C5823] ASSIGN server=19 time=4 type=P
[C5825] NEW REQUEST queued time=12 type=S
[C5826] COMPLETE server=19
[C5827] ASSIGN server=19 time=6 type=P
[C5828] NEW REQUEST queued time=4 type=P
[C5828] COMPLETE server=3
[C5829] ASSIGN server=3 time=12 type=S
[C5832] COMPLETE server=19
[C5833] ASSIGN server=19 time=8 type=S
[C5837] NEW REQUEST queued time=5 type=S
[C5840] NEW REQUEST queued time=11 type=S
[C5840] COMPLETE server=3
[C5840] COMPLETE server=19
[C5841] ASSIGN server=3 time=6 type=S
[C5841] ASSIGN server=19 time=2 type=P
[C5842] COMPLETE server=19
[C5843] NEW REQUEST queued time=13 type=S
[C5843] ASSIGN server=19 time=8 type=P
[C5845] NEW REQUEST queued time=3 type=P
[C5846] COMPLETE server=3
[C5847] NEW REQUEST queued time=7 type=P
[C5847] ASSIGN server=3 time=7 type=P
[C5850] NEW REQUEST queued time=2 type=S
[C5850] COMPLETE server=19
[C5850] SNAPSHOT queue=157 servers=2 busy=1 cooldownLeft=0 completed=2563 rejected=11
[C5851] NEW REQUEST queued time=15 type=S
[C5851] ASSIGN server=19 time=11 type=P
[C5853] COMPLETE server=3
[C5854] ASSIGN server=3 time=11 type=S
[C5855] NEW REQUEST queued time=7 type=P
[C5857] NEW REQUEST queued time=2 type=P
[C5859] NEW REQUEST queued time=8 type=P
[C5861] NEW REQUEST queued time=2 type=P
[C5861] COMPLETE server=19
[C5862] ASSIGN server=19 time=6 type=S
[C5864] COMPLETE server=3
[C5865] ASSIGN server=3 time=3 type=S
[C5866] NEW REQUEST queued time=12 type=P
[C5867] COMPLETE server=3
[C5867] COMPLETE server=19
[C5868] ASSIGN server=3 time=10 type=P
[C5868] ASSIGN server=19 time=6 type=S
[C5872] NEW REQUEST queued time=7 type=S
[C5873] COMPLETE server=19
[C5874] ASSIGN server=19 time=8 type=S
[C5877] NEW REQUEST queued time=3 type=P
[C5877] COMPLETE server=3
[C5878] ASSIGN server=3 time=14 type=P
[C5881] COMPLETE server=19
[C5882] ASSIGN server=19 time=2 type=S
[C5883] NEW REQUEST queued time=10 type=S
[C5883] COMPLETE server=19
[C5884] ASSIGN server=19 time=4 type=P
[C5887] COMPLETE server=19
[C5888] ASSIGN server=19 time=8 type=P
[C5891] COMPLETE server=3
[C5892] ASSIGN server=3 time=6 type=S
[C5893] NEW REQUEST queued time=7 type=P
[C5894] NEW REQUEST queued time=8 type=S
[C5895] COMPLETE server=19
[C5896] NEW REQUEST queued time=2 type=S
[C5896] ASSIGN server=19 time=10 type=S
[C5897] NEW REQUEST queued time=7 type=S
[C5897] COMPLETE server=3
[C5898] ASSIGN server=3 time=6 type=S
[C5900] SNAPSHOT queue=156 servers=2 busy=2 cooldownLeft=0 completed=2576 rejected=11
[C5901] NEW REQUEST queued time=3 type=P
[C5902] NEW REQUEST queued time=2 type=S
[C5903] COMPLETE server=3
[C5904] NEW REQUEST queued time=8 type=S
[C5904] ASSIGN server=3 time=3 type=S
[C5905] COMPLETE server=19
[C5906] ASSIGN server=19 time=2 type=S
[C5906] COMPLETE server=3
[C5907] ASSIGN server=3 time=3 type=P
[C5907] COMPLETE server=19
[C5908] NEW REQUEST queued time=6 type=P
[C5908] ASSIGN server=19 time=13 type=S
[C5909] NEW REQUEST queued time=5 type=P
[C5909] COMPLETE server=3
[C5910] ASSIGN server=3 time=5 type=S
[C5914] NEW REQUEST queued time=5 type=S
[C5914] COMPLETE server=3
[C5915] ASSIGN server=3 time=14 type=P
[C5918] NEW REQUEST queued time=7 type=P
[C5919] NEW REQUEST queued time=11 type=S
[C5920] COMPLETE server=19
[C5921] NEW REQUEST queued time=5 type=P
[C5921] ASSIGN server=19 time=12 type=S
[C5923] NEW REQUEST queued time=3 type=S
[C5928] COMPLETE server=3
[C5929] ASSIGN server=3 time=10 type=S
[C5932] NEW REQUEST queued time=7 type=P
[C5932] COMPLETE server=19
[C5933] ASSIGN server=19 time=8 type=P
[C5934] NEW REQUEST queued time=12 type=P
[C5936] NEW REQUEST queued time=4 type=P
[C5938] COMPLETE server=3
[C5939] ASSIGN server=3 time=15 type=P
[C5940] COMPLETE server=19
[C5941] ASSIGN server=19 time=3 type=S
[C5943] COMPLETE server=19
[C5944] ASSIGN server=19 time=9 type=P
[C5945] NEW REQUEST queued time=15 type=S
[C5950] NEW REQUEST queued time=14 type=P
[C5950] SNAPSHOT queue=159 servers=2 busy=2 cooldownLeft=0 completed=2588 rejected=11
[C5951] NEW REQUEST queued time=12 type=S
[C5952] COMPLETE server=19
[C5953] ASSIGN server=19 time=10 type=P
[C5953] COMPLETE server=3
[C5954] ASSIGN server=3 time=6 type=S
[C5955] NEW REQUEST queued time=2 type=S
[C5959] COMPLETE server=3
[C5960] ASSIGN server=3 time=13 type=P
[C5962] COMPLETE server=19
[C5963] NEW REQUEST queued time=10 type=P
[C5963] ASSIGN server=19 time=11 type=P
[C5965] NEW REQUEST queued time=6 type=P
[C5972] COMPLETE server=3
[C5973] ASSIGN server=3 time=6 type=S
[C5973] COMPLETE server=19
[C5974] NEW REQUEST queued time=15 type=P
[C5974] ASSIGN server=19 time=6 type=S
[C5976] NEW REQUEST queued time=8 type=S
[C5978] COMPLETE server=3
[C5979] ASSIGN server=3 time=15 type=P
[C5979] COMPLETE server=19
[C5980] NEW REQUEST queued time=13 type=S
[C5980] ASSIGN server=19 time=3 type=P
[C5981] NEW REQUEST queued time=3 type=S
[C5982] COMPLETE server=19
[C5983] ASSIGN server=19 time=9 type=S
[C5985] NEW REQUEST queued time=12 type=S
[C5986] NEW REQUEST queued time=2 type=S
[C5987] NEW REQUEST queued time=12 type=P
[C5987] SCALE UP -> servers=3 cooldown=25
[C5988] NEW REQUEST queued time=13 type=P
[C5988] ASSIGN server=23 time=3 type=S
[C5989] NEW REQUEST queued time=4 type=P
[C5990] COMPLETE server=23
[C5991] ASSIGN server=23 time=2 type=P
[C5991] COMPLETE server=19
[C5992] ASSIGN server=19 time=4 type=S
[C5992] COMPLETE server=23
[C5993] NEW REQUEST queued time=12 type=P
[C5993] ASSIGN server=23 time=7 type=S
[C5993] COMPLETE server=3
[C5994] ASSIGN server=3 time=13 type=P
[C5995] COMPLETE server=19
[C5996] ASSIGN server=19 time=9 type=S
[C5999] COMPLETE server=23
[C6000] ASSIGN server=23 time=5 type=P
[C6000] SNAPSHOT queue=157 servers=3 busy=3 cooldownLeft=12 completed=2603 rejected=11
[C6001] NEW REQUEST queued time=13 type=S
[C6004] COMPLETE server=19
[C6004] COMPLETE server=23
[C6005] ASSIGN server=19 time=14 type=S
[C6005] ASSIGN server=23 time=11 type=P
[C6006] COMPLETE server=3
[C6007] ASSIGN server=3 time=10 type=P
[C6012] NEW REQUEST queued time=12 type=S
[C6015] COMPLETE server=23
[C6016] NEW REQUEST queued time=11 type=S
[C6016] ASSIGN server=23 time=13 type=P
[C6016] COMPLETE server=3
[C6017] NEW REQUEST queued time=13 type=P
[C6017] ASSIGN server=3 time=15 type=S
[C6018] COMPLETE server=19
[C6019] ASSIGN server=19 time=8 type=P
[C6026] COMPLETE server=19
[C6027] ASSIGN server=19 time=4 type=P
[C6028] NEW REQUEST queued time=4 type=S
[C6028] COMPLETE server=23
[C6029] ASSIGN server=23 time=6 type=S
[C6030] COMPLETE server=19
[C6031] ASSIGN server=19 time=13 type=S
[C6031] COMPLETE server=3
[C6032] ASSIGN server=3 time=5 type=S
[C6033] NEW REQUEST queued time=7 type=P
[C6034] COMPLETE server=23
[C6035] NEW REQUEST queued time=2 type=S
[C6035] ASSIGN server=23 time=8 type=S
[C6036] COMPLETE server=3
[C6037] ASSIGN server=3 time=11 type=S
[C6039] NEW REQUEST queued time=14 type=S
[C6042] NEW REQUEST queued time=12 type=S
[C6042] COMPLETE server=23
[C6043] NEW REQUEST queued time=8 type=P
[C6043] ASSIGN server=23 time=14 type=S
[C6043] COMPLETE server=19
[C6044] ASSIGN server=19 time=6 type=S
[C6047] COMPLETE server=3
[C6048] ASSIGN server=3 time=3 type=P
[C6049] COMPLETE server=19
[C6050] ASSIGN server=19 time=12 type=S
[C6050] COMPLETE server=3
[C6050] SNAPSHOT queue=151 servers=3 busy=2 cooldownLeft=0 completed=2620 rejected=11
[C6051] ASSIGN server=3 time=6 type=S
[C6052] NEW REQUEST queued time=9 type=S
[C6053] NEW REQUEST queued time=13 type=P
[C6056] COMPLETE server=3
[C6056] COMPLETE server=23
[C6057] ASSIGN server=3 time=2 type=S
[C6057] ASSIGN server=23 time=12 type=S
[C6058] COMPLETE server=3
[C6059] ASSIGN server=3 time=13 type=S
[C6059] SCALE DOWN removed=23 -> servers=2 cooldown=25
[C6061] COMPLETE server=19
[C6062] ASSIGN server=19 time=2 type=P
[C6063] NEW REQUEST queued time=11 type=P
[C6063] COMPLETE server=19
[C6064] ASSIGN server=19 time=9 type=S
[C6068] NEW REQUEST queued time=4 type=P
[C6070] NEW REQUEST queued time=5 type=P
[C6071] NEW REQUEST queued time=12 type=S
[C6071] COMPLETE server=3
[C6072] ASSIGN server=3 time=4 type=S
[C6072] COMPLETE server=19
[C6073] ASSIGN server=19 time=12 type=P
[C6075] COMPLETE server=3
[C6076] ASSIGN server=3 time=6 type=P
[C6077] NEW REQUEST queued time=6 type=P
[C6081] COMPLETE server=3
[C6082] ASSIGN server=3 time=14 type=S
[C6084] COMPLETE server=19
[C6085] ASSIGN server=19 time=6 type=S
[C6090] NEW REQUEST queued time=8 type=P
[C6090] COMPLETE server=19
[C6091] ASSIGN server=19 time=12 type=P
[C6093] NEW REQUEST queued time=4 type=S
[C6095] NEW REQUEST queued time=11 type=P
[C6095] COMPLETE server=3
[C6096] ASSIGN server=3 time=7 type=P
[C6099] NEW REQUEST queued time=13 type=P
[C6100] NEW REQUEST queued time=10 type=P
[C6100] SNAPSHOT queue=150 servers=2 busy=2 cooldownLeft=0 completed=2632 rejected=11
[C6102] COMPLETE server=3
[C6102] COMPLETE server=19
[C6103] ASSIGN server=3 time=14 type=S
[C6103] ASSIGN server=19 time=12 type=S
[C6104] NEW REQUEST queued time=7 type=P
[C6108] NEW REQUEST queued time=8 type=S
[C6109] NEW REQUEST queued time=12 type=S
[C6111] NEW REQUEST queued time=8 type=S
[C6113] NEW REQUEST queued time=6 type=P
[C6114] COMPLETE server=19
[C6115] ASSIGN server=19 time=4 type=S
[C6116] NEW REQUEST queued time=15 type=S
[C6116] COMPLETE server=3
[C6117] ASSIGN server=3 time=4 type=P
[C6118] COMPLETE server=19
[C6119] ASSIGN server=19 time=10 type=P
[C6120] NEW REQUEST queued time=10 type=S
[C6120] COMPLETE server=3
[C6121] ASSIGN server=3 time=7 type=P
[C6125] NEW REQUEST queued time=11 type=S
[C6127] COMPLETE server=3
[C6128] ASSIGN server=3 time=8 type=S
[C6128] COMPLETE server=19
[C6129] ASSIGN server=19 time=14 type=S
[C6131] NEW REQUEST queued time=4 type=S
[C6132] NEW REQUEST queued time=4 type=S
[C6135] COMPLETE server=3
[C6136] ASSIGN server=3 time=14 type=S
[C6137] NEW REQUEST queued time=12 type=S
[C6142] COMPLETE server=19
[C6143] ASSIGN server=19 time=5 type=P
[C6147] COMPLETE server=19
[C6148] ASSIGN server=19 time=8 type=P
[C6149] COMPLETE server=3
[C6150] NEW REQUEST queued time=2 type=P
[C6150] ASSIGN server=3 time=10 type=P
[C6150] SNAPSHOT queue=150 servers=2 busy=2 cooldownLeft=0 completed=2644 rejected=11
[C6151] NEW REQUEST queued time=5 type=S
[C6153] NEW REQUEST queued time=9 type=P
[C6154] NEW REQUEST queued time=11 type=P
[C6155] NEW REQUEST queued time=15 type=S
[C6155] COMPLETE server=19
[C6156] NEW REQUEST queued time=10 type=S
[C6156] ASSIGN server=19 time=12 type=P
[C6157] NEW REQUEST queued time=11 type=S
[C6159] NEW REQUEST queued time=4 type=P
[C6159] COMPLETE server=3
[C6160] ASSIGN server=3 time=3 type=P
[C6162] COMPLETE server=3
[C6163] ASSIGN server=3 time=11 type=S
[C6166] NEW REQUEST queued time=2 type=P
[C6167] COMPLETE server=19
[C6168] ASSIGN server=19 time=10 type=S
[C6170] NEW REQUEST queued time=10 type=S
[C6173] COMPLETE server=3
[C6174] ASSIGN server=3 time=3 type=P
[C6176] NEW REQUEST queued time=15 type=S
[C6176] COMPLETE server=3
[C6177] ASSIGN server=3 time=13 type=S
[C6177] COMPLETE server=19
[C6178] ASSIGN server=19 time=12 type=S
[C6180] NEW REQUEST queued time=3 type=S
[C6182] NEW REQUEST queued time=3 type=S
[C6189] COMPLETE server=3
[C6189] COMPLETE server=19
[C6190] ASSIGN server=3 time=13 type=S
[C6190] ASSIGN server=19 time=4 type=S
[C6191] NEW REQUEST queued time=2 type=P
[C6193] COMPLETE server=19
[C6194] ASSIGN server=19 time=15 type=S
[C6200] NEW REQUEST queued time=15 type=P
[C6200] SNAPSHOT queue=154 servers=2 busy=2 cooldownLeft=0 completed=2654 rejected=11
[C6201] NEW REQUEST queued time=13 type=S
[C6202] COMPLETE server=3
[C6203] ASSIGN server=3 time=9 type=S
[C6207] NEW REQUEST queued time=6 type=S
[C6208] COMPLETE server=19
[C6209] ASSIGN server=19 time=3 type=P
[C6211] COMPLETE server=3
[C6211] COMPLETE server=19
[C6212] ASSIGN server=3 time=6 type=P
[C6212] ASSIGN server=19 time=12 type=P
[C6217] NEW REQUEST queued time=13 type=S
[C6217] COMPLETE server=3
[C6218] ASSIGN server=3 time=2 type=P
[C6219] COMPLETE server=3
[C6220] ASSIGN server=3 time=6 type=S
[C6223] COMPLETE server=19
[C6224] NEW REQUEST queued time=15 type=P
[C6224] ASSIGN server=19 time=13 type=P
[C6225] NEW REQUEST queued time=4 type=S
[C6225] COMPLETE server=3
[C6226] ASSIGN server=3 time=2 type=S
[C6227] COMPLETE server=3
[C6228] ASSIGN server=3 time=9 type=P
[C6229] NEW REQUEST queued time=4 type=S
[C6232] NEW REQUEST queued time=9 type=S
[C6236] COMPLETE server=3
[C6236] COMPLETE server=19
[C6237] NEW REQUEST queued time=2 type=P
[C6237] ASSIGN server=3 time=7 type=S
[C6237] ASSIGN server=19 time=13 type=P
[C6238] NEW REQUEST queued time=12 type=P
[C6243] COMPLETE server=3
[C6244] ASSIGN server=3 time=3 type=P
[C6246] NEW REQUEST queued time=2 type=S
[C6246] COMPLETE server=3
[C6247] NEW REQUEST queued time=15 type=P
[C6247] ASSIGN server=3 time=5 type=S
[C6249] COMPLETE server=19
[C6250] ASSIGN server=19 time=2 type=P
[C6250] SNAPSHOT queue=151 servers=2 busy=2 cooldownLeft=0 completed=2668 rejected=11
[C6251] NEW REQUEST queued time=4 type=S
[C6251] COMPLETE server=3
[C6251] COMPLETE server=19
[C6252] ASSIGN server=3 time=9 type=P
[C6252] ASSIGN server=19 time=15 type=S
[C6255] NEW REQUEST queued time=14 type=P
[C6257] NEW REQUEST queued time=9 type=P
[C6259] NEW REQUEST queued time=3 type=P
[C6260] COMPLETE server=3
[C6261] NEW REQUEST queued time=10 type=P
[C6261] ASSIGN server=3 time=2 type=S
[C6262] COMPLETE server=3
[C6263] NEW REQUEST queued time=13 type=S
[C6263] ASSIGN server=3 time=13 type=P
[C6264] NEW REQUEST queued time=7 type=P
[C6266] NEW REQUEST queued time=12 type=P
[C6266] COMPLETE server=19
[C6267] ASSIGN server=19 time=2 type=P
[C6268] COMPLETE server=19
[C6269] ASSIGN server=19 time=2 type=S
[C6270] COMPLETE server=19
[C6271] NEW REQUEST queued time=8 type=P
[C6271] ASSIGN server=19 time=5 type=P
[C6272] NEW REQUEST queued time=5 type=P
[C6275] NEW REQUEST queued time=11 type=S
[C6275] COMPLETE server=3
[C6275] COMPLETE server=19
[C6276] ASSIGN server=3 time=13 type=P
[C6276] ASSIGN server=19 time=13 type=S
[C6280] NEW REQUEST queued time=2 type=S
[C6281] NEW REQUEST queued time=3 type=S
[C6283] NEW REQUEST queued time=8 type=S
[C6288] COMPLETE server=3
[C6288] COMPLETE server=19
[C6289] ASSIGN server=3 time=2 type=P
[C6289] ASSIGN server=19 time=14 type=P
[C6290] NEW REQUEST queued time=6 type=P
[C6290] COMPLETE server=3
[C6291] ASSIGN server=3 time=14 type=S
[C6292] NEW REQUEST queued time=12 type=P
[C6293] NEW REQUEST queued time=15 type=P
[C6295] NEW REQUEST queued time=11 type=S
[C6300] NEW REQUEST queued time=11 type=S
[C6300] SNAPSHOT queue=158 servers=2 busy=2 cooldownLeft=0 completed=2680 rejected=11
[C6301] NEW REQUEST queued time=12 type=S
[C6302] COMPLETE server=19
[C6303] ASSIGN server=19 time=5 type=S
[C6304] NEW REQUEST queued time=7 type=S
[C6304] COMPLETE server=3
[C6305] ASSIGN server=3 time=8 type=P
[C6307] COMPLETE server=19
[C6308] NEW REQUEST queued time=13 type=S
[C6308] ASSIGN server=19 time=5 type=P
[C6309] NEW REQUEST queued time=5 type=P
[C6310] NEW REQUEST queued time=10 type=P
[C6312] COMPLETE server=3
[C6312] COMPLETE server=19
[C6313] NEW REQUEST queued time=15 type=P
[C6313] ASSIGN server=3 time=6 type=P
[C6313] ASSIGN server=19 time=9 type=S
[C6317] NEW REQUEST queued time=12 type=P
[C6318] NEW REQUEST queued time=9 type=S
[C6318] COMPLETE server=3
[C6318] SCALE UP -> servers=3 cooldown=25
[C6319] ASSIGN server=3 time=3 type=S
[C6319] ASSIGN server=24 time=9 type=S
[C6321] COMPLETE server=3
[C6321] COMPLETE server=19
[C6322] NEW REQUEST queued time=4 type=S
[C6322] ASSIGN server=3 time=7 type=S
[C6322] ASSIGN server=19 time=8 type=P
[C6324] NEW REQUEST queued time=9 type=S
[C6327] NEW REQUEST queued time=7 type=S
[C6327] COMPLETE server=24
[C6328] ASSIGN server=24 time=10 type=P
[C6328] COMPLETE server=3
[C6329] ASSIGN server=3 time=14 type=P
[C6329] COMPLETE server=19
[C6330] NEW REQUEST queued time=9 type=S
[C6330] ASSIGN server=19 time=7 type=P
[C6331] NEW REQUEST queued time=7 type=S
[C6332] NEW REQUEST queued time=13 type=S
[C6335] NEW REQUEST queued time=7 type=P
[C6336] COMPLETE server=19
[C6337] NEW REQUEST queued time=2 type=S
[C6337] ASSIGN server=19 time=11 type=P
[C6337] COMPLETE server=24
[C6338] ASSIGN server=24 time=7 type=P
[C6339] NEW REQUEST queued time=15 type=P
[C6342] COMPLETE server=3
[C6343] ASSIGN server=3 time=13 type=P
[C6344] NEW REQUEST queued time=7 type=P
[C6344] COMPLETE server=24
[C6345] ASSIGN server=24 time=13 type=S
[C6346] NEW REQUEST queued time=10 type=S
[C6347] COMPLETE server=19
[C6348] ASSIGN server=19 time=13 type=P
[C6350] SNAPSHOT queue=160 servers=3 busy=3 cooldownLeft=0 completed=2696 rejected=11
[C6354] NEW REQUEST queued time=6 type=S
[C6355] COMPLETE server=3
[C6356] ASSIGN server=3 time=7 type=S
[C6357] COMPLETE server=24
[C6358] NEW REQUEST queued time=7 type=S
[C6358] ASSIGN server=24 time=6 type=S
[C6360] COMPLETE server=19
[C6361] ASSIGN server=19 time=10 type=S
[C6362] COMPLETE server=3
[C6363] NEW REQUEST queued time=5 type=S
[C6363] ASSIGN server=3 time=15 type=P
[C6363] COMPLETE server=24
[C6364] ASSIGN server=24 time=14 type=S
[C6367] NEW REQUEST queued time=3 type=S
[C6370] NEW REQUEST queued time=8 type=S
[C6370] COMPLETE server=19
[C6371] ASSIGN server=19 time=11 type=S
[C6376] NEW REQUEST queued time=5 type=P
[C6377] COMPLETE server=3
[C6377] COMPLETE server=24
[C6378] NEW REQUEST queued time=10 type=S
[C6378] ASSIGN server=3 time=3 type=S
[C6378] ASSIGN server=24 time=13 type=S
[C6380] COMPLETE server=3
[C6381] NEW REQUEST queued time=4 type=S
[C6381] ASSIGN server=3 time=15 type=P
[C6381] COMPLETE server=19
[C6382] ASSIGN server=19 time=10 type=S
[C6387] NEW REQUEST queued time=5 type=S
[C6389] NEW REQUEST queued time=9 type=P
[C6390] COMPLETE server=24
[C6391] ASSIGN server=24 time=6 type=S
[C6391] COMPLETE server=19
[C6392] NEW REQUEST queued time=3 type=S
[C6392] ASSIGN server=19 time=10 type=S
[C6393] NEW REQUEST queued time=5 type=P
[C6395] NEW REQUEST queued time=11 type=P
[C6395] COMPLETE server=3
[C6396] ASSIGN server=3 time=2 type=S
[C6396] COMPLETE server=24
[C6397] ASSIGN server=24 time=12 type=S
[C6397] COMPLETE server=3
[C6398] NEW REQUEST queued time=11 type=P
[C6398] ASSIGN server=3 time=4 type=P
[C6400] SNAPSHOT queue=159 servers=3 busy=3 cooldownLeft=0 completed=2711 rejected=11
[C6401] NEW REQUEST queued time=10 type=P
[C6401] COMPLETE server=3
[C6401] COMPLETE server=19
[C6402] NEW REQUEST queued time=13 type=P
[C6402] ASSIGN server=3 time=5 type=S
[C6402] ASSIGN server=19 time=11 type=S
[C6406] COMPLETE server=3
[C6407] ASSIGN server=3 time=13 type=S
[C6408] COMPLETE server=24
[C6409] ASSIGN server=24 time=3 type=P
[C6411] COMPLETE server=24
[C6412] FIREWALL REJECT sourceIp=10.110.231.104
[C6412] ASSIGN server=24 time=7 type=P
[C6412] COMPLETE server=19
[C6413] NEW REQUEST queued time=13 type=P
[C6413] ASSIGN server=19 time=2 type=S
[C6414] COMPLETE server=19
[C6415] ASSIGN server=19 time=15 type=S
[C6417] NEW REQUEST queued time=12 type=S
[C6418] NEW REQUEST queued time=15 type=S
[C6418] COMPLETE server=24
[C6419] ASSIGN server=24 time=7 type=P
[C6419] COMPLETE server=3
[C6420] ASSIGN server=3 time=2 type=P
[C6421] NEW REQUEST queued time=2 type=S
[C6421] COMPLETE server=3
[C6422] ASSIGN server=3 time=8 type=P
[C6423] NEW REQUEST queued time=11 type=P
[C6424] NEW REQUEST queued time=3 type=P
[C6425] COMPLETE server=24
[C6426] NEW REQUEST queued time=8 type=S
[C6426] ASSIGN server=24 time=2 type=P
[C6427] COMPLETE server=24
[C6428] ASSIGN server=24 time=12 type=P
[C6429] COMPLETE server=3
[C6429] COMPLETE server=19
[C6430] ASSIGN server=3 time=7 type=S
[C6430] ASSIGN server=19 time=3 type=P
[C6432] COMPLETE server=19
[C6433] NEW REQUEST queued time=11 type=S
[C6433] ASSIGN server=19 time=10 type=S
[C6435] NEW REQUEST queued time=7 type=S
[C6436] NEW REQUEST queued time=9 type=S
[C6436] COMPLETE server=3
[C6437] NEW REQUEST queued time=8 type=P
[C6437] ASSIGN server=3 time=7 type=P
[C6438] NEW REQUEST queued time=4 type=S
[C6439] COMPLETE server=24
[C6440] ASSIGN server=24 time=8 type=S
[C6442] COMPLETE server=19
[C6443] ASSIGN server=19 time=2 type=S
[C6443] COMPLETE server=3
[C6444] NEW REQUEST queued time=12 type=P
[C6444] ASSIGN server=3 time=7 type=S
[C6444] COMPLETE server=19
[C6445] ASSIGN server=19 time=3 type=P
[C6446] NEW REQUEST queued time=13 type=S
[C6447] NEW REQUEST queued time=13 type=S
[C6447] COMPLETE server=19
[C6447] COMPLETE server=24
[C6448] NEW REQUEST queued time=2 type=S
[C6448] ASSIGN server=19 time=2 type=S
[C6448] ASSIGN server=24 time=8 type=S
[C6449] NEW REQUEST queued time=15 type=P
[C6449] COMPLETE server=19
[C6450] ASSIGN server=19 time=6 type=P
[C6450] COMPLETE server=3
[C6450] SNAPSHOT queue=155 servers=3 busy=2 cooldownLeft=0 completed=2735 rejected=12
[C6451] ASSIGN server=3 time=5 type=P
[C6452] NEW REQUEST queued time=14 type=S
[C6455] COMPLETE server=3
[C6455] COMPLETE server=19
[C6455] COMPLETE server=24
[C6456] ASSIGN server=3 time=5 type=S
[C6456] ASSIGN server=19 time=7 type=P
[C6456] ASSIGN server=24 time=11 type=S
[C6459] NEW REQUEST queued time=14 type=P
[C6460] NEW REQUEST queued time=7 type=P
[C6460] COMPLETE server=3
[C6461] ASSIGN server=3 time=5 type=P
[C6462] COMPLETE server=19
[C6463] ASSIGN server=19 time=3 type=S
[C6464] NEW REQUEST queued time=5 type=P
[C6465] NEW REQUEST queued time=5 type=P
[C6465] COMPLETE server=3
[C6465] COMPLETE server=19
[C6466] NEW REQUEST queued time=2 type=S
[C6466] ASSIGN server=3 time=7 type=P
[C6466] ASSIGN server=19 time=12 type=P
[C6466] COMPLETE server=24
[C6467] ASSIGN server=24 time=4 type=P
[C6469] NEW REQUEST queued time=14 type=S
[C6470] COMPLETE server=24
[C6471] ASSIGN server=24 time=15 type=S
[C6472] COMPLETE server=3
[C6473] ASSIGN server=3 time=14 type=P
[C6476] NEW REQUEST queued time=7 type=P
[C6477] COMPLETE server=19
[C6478] ASSIGN server=19 time=12 type=S
[C6485] COMPLETE server=24
[C6486] NEW REQUEST queued time=9 type=S
[C6486] ASSIGN server=24 time=2 type=S
[C6486] COMPLETE server=3
[C6487] NEW REQUEST queued time=10 type=S
[C6487] ASSIGN server=3 time=10 type=P
[C6487] COMPLETE server=24
[C6488] ASSIGN server=24 time=6 type=P
[C6489] COMPLETE server=19
[C6490] ASSIGN server=19 time=15 type=P
[C6490] SCALE DOWN removed=24 -> servers=2 cooldown=25
[C6494] NEW REQUEST queued time=8 type=P
[C6496] COMPLETE server=3
[C6497] ASSIGN server=3 time=8 type=S
[C6500] NEW REQUEST queued time=10 type=S
[C6500] SNAPSHOT queue=150 servers=2 busy=2 cooldownLeft=15 completed=2751 rejected=12
[C6503] NEW REQUEST queued time=9 type=P
[C6504] NEW REQUEST queued time=12 type=P
[C6504] COMPLETE server=3
[C6504] COMPLETE server=19
[C6505] NEW REQUEST queued time=6 type=P
[C6505] ASSIGN server=3 time=13 type=S
[C6505] ASSIGN server=19 time=3 type=S
[C6506] NEW REQUEST queued time=11 type=P
[C6507] COMPLETE server=19
[C6508] ASSIGN server=19 time=12 type=S
[C6516] NEW REQUEST queued time=15 type=S
[C6517] COMPLETE server=3
[C6518] ASSIGN server=3 time=2 type=S
[C6519] COMPLETE server=3
[C6519] COMPLETE server=19
[C6520] ASSIGN server=3 time=12 type=P
[C6520] ASSIGN server=19 time=13 type=P
[C6524] NEW REQUEST queued time=7 type=P
[C6525] NEW REQUEST queued time=9 type=S
[C6527] NEW REQUEST queued time=4 type=S
[C6531] COMPLETE server=3
[C6532] ASSIGN server=3 time=4 type=P
[C6532] COMPLETE server=19
[C6533] NEW REQUEST queued time=11 type=P
[C6533] ASSIGN server=19 time=12 type=P
[C6534] NEW REQUEST queued time=15 type=S
[C6535] COMPLETE server=3
[C6536] NEW REQUEST queued time=3 type=S
[C6536] ASSIGN server=3 time=13 type=S
[C6537] NEW REQUEST queued time=2 type=S
[C6543] NEW REQUEST queued time=5 type=P
[C6544] COMPLETE server=19
[C6545] ASSIGN server=19 time=12 type=S
[C6548] COMPLETE server=3
[C6549] ASSIGN server=3 time=11 type=S
[C6550] SNAPSHOT queue=152 servers=2 busy=2 cooldownLeft=0 completed=2762 rejected=12
[C6556] COMPLETE server=19
[C6557] ASSIGN server=19 time=13 type=P
[C6559] COMPLETE server=3
[C6560] NEW REQUEST queued time=13 type=P
[C6560] ASSIGN server=3 time=4 type=S
[C6561] NEW REQUEST queued time=11 type=S
[C6562] NEW REQUEST queued time=11 type=P
[C6563] NEW REQUEST queued time=8 type=S
[C6563] COMPLETE server=3
[C6564] NEW REQUEST queued time=4 type=P
[C6564] ASSIGN server=3 time=7 type=P
[C6565] NEW REQUEST queued time=13 type=S
[C6567] NEW REQUEST queued time=4 type=S
[C6568] NEW REQUEST queued time=9 type=S
[C6569] NEW REQUEST queued time=14 type=S
[C6569] COMPLETE server=19
[C6570] NEW REQUEST queued time=8 type=S
[C6570] ASSIGN server=19 time=2 type=S
[C6570] COMPLETE server=3
[C6571] NEW REQUEST queued time=4 type=S
[C6571] ASSIGN server=3 time=14 type=S
[C6571] COMPLETE server=19
[C6572] ASSIGN server=19 time=12 type=S
[C6573] NEW REQUEST queued time=9 type=S
[C6579] NEW REQUEST queued time=13 type=S
[C6580] NEW REQUEST queued time=4 type=S
[C6581] NEW REQUEST queued time=14 type=P
[C6581] SCALE UP -> servers=3 cooldown=25
[C6582] NEW REQUEST queued time=2 type=P
[C6582] ASSIGN server=25 time=8 type=P
[C6583] NEW REQUEST queued time=3 type=S
[C6583] COMPLETE server=19
[C6584] NEW REQUEST queued time=2 type=S
[C6584] ASSIGN server=19 time=9 type=S
[C6584] COMPLETE server=3
[C6585] ASSIGN server=3 time=13 type=P
[C6586] NEW REQUEST queued time=3 type=P
[C6589] COMPLETE server=25
[C6590] NEW REQUEST queued time=12 type=S
[C6590] ASSIGN server=25 time=11 type=P
[C6591] NEW REQUEST queued time=12 type=S
[C6592] COMPLETE server=19
[C6593] ASSIGN server=19 time=4 type=P
[C6594] NEW REQUEST queued time=2 type=S
[C6596] COMPLETE server=19
[C6597] NEW REQUEST queued time=4 type=S
[C6597] ASSIGN server=19 time=5 type=P
[C6597] COMPLETE server=3
[C6598] ASSIGN server=3 time=12 type=S
[C6600] NEW REQUEST queued time=2 type=P
[C6600] COMPLETE server=25
[C6600] SNAPSHOT queue=163 servers=3 busy=2 cooldownLeft=6 completed=2775 rejected=12
[C6601] ASSIGN server=25 time=6 type=P
[C6601] COMPLETE server=19
[C6602] ASSIGN server=19 time=8 type=P
[C6604] NEW REQUEST queued time=14 type=P
[C6605] NEW REQUEST queued time=15 type=S
[C6606] COMPLETE server=25
[C6607] NEW REQUEST queued time=7 type=P
[C6607] ASSIGN server=25 time=4 type=S
[C6609] COMPLETE server=3
[C6609] COMPLETE server=19
[C6610] ASSIGN server=3 time=11 type=P
[C6610] ASSIGN server=19 time=13 type=P
[C6610] COMPLETE server=25
[C6611] NEW REQUEST queued time=5 type=P
[C6611] ASSIGN server=25 time=10 type=P
[C6618] NEW REQUEST queued time=2 type=S
[C6620] NEW REQUEST queued time=15 type=P
[C6620] COMPLETE server=3
[C6620] COMPLETE server=25
[C6621] ASSIGN server=3 time=7 type=P
[C6621] ASSIGN server=25 time=8 type=S
[C6622] COMPLETE server=19
[C6623] ASSIGN server=19 time=12 type=S
[C6627] COMPLETE server=3
[C6628] NEW REQUEST queued time=9 type=P
[C6628] ASSIGN server=3 time=8 type=S
[C6628] COMPLETE server=25
[C6629] ASSIGN server=25 time=6 type=P
[C6632] NEW REQUEST queued time=4 type=P
[C6634] COMPLETE server=19
[C6634] COMPLETE server=25
[C6635] NEW REQUEST queued time=9 type=S
[C6635] ASSIGN server=19 time=15 type=S
[C6635] ASSIGN server=25 time=10 type=S
[C6635] COMPLETE server=3
[C6636] ASSIGN server=3 time=11 type=S
[C6638] NEW REQUEST queued time=13 type=P
[C6640] NEW REQUEST queued time=9 type=S
[C6643] NEW REQUEST queued time=14 type=P
[C6644] NEW REQUEST queued time=11 type=P
[C6644] COMPLETE server=25
[C6645] ASSIGN server=25 time=4 type=S
[C6646] COMPLETE server=3
[C6647] NEW REQUEST queued time=12 type=S
[C6647] ASSIGN server=3 time=4 type=S
[C6648] NEW REQUEST queued time=2 type=P
[C6648] COMPLETE server=25
[C6649] NEW REQUEST queued time=3 type=S
[C6649] ASSIGN server=25 time=12 type=S
[C6649] COMPLETE server=19
[C6650] ASSIGN server=19 time=2 type=P
[C6650] COMPLETE server=3
[C6650] SNAPSHOT queue=161 servers=3 busy=2 cooldownLeft=0 completed=2793 rejected=12
[C6651] NEW REQUEST queued time=2 type=S
[C6651] ASSIGN server=3 time=5 type=S
[C6651] COMPLETE server=19
[C6652] ASSIGN server=19 time=9 type=P
[C6653] NEW REQUEST queued time=9 type=S
[C6655] COMPLETE server=3
[C6656] ASSIGN server=3 time=11 type=P
[C6657] NEW REQUEST queued time=15 type=S
[C6658] NEW REQUEST queued time=15 type=S
[C6660] NEW REQUEST queued time=5 type=S
[C6660] COMPLETE server=19
[C6660] COMPLETE server=25
[C6661] ASSIGN server=19 time=15 type=S
[C6661] ASSIGN server=25 time=10 type=S
[C6662] NEW REQUEST queued time=13 type=P
[C6663] NEW REQUEST queued time=13 type=S
[C6664] NEW REQUEST queued time=9 type=S
[C6665] NEW REQUEST queued time=8 type=P
[C6666] NEW REQUEST queued time=14 type=P
[C6666] COMPLETE server=3
[C6667] ASSIGN server=3 time=11 type=S
[C6668] NEW REQUEST queued time=15 type=P
[C6670] COMPLETE server=25
[C6671] ASSIGN server=25 time=4 type=P
[C6674] COMPLETE server=25
[C6675] ASSIGN server=25 time=2 type=P
[C6675] COMPLETE server=19
[C6676] ASSIGN server=19 time=10 type=S
[C6676] COMPLETE server=25
[C6677] NEW REQUEST queued time=14 type=P
[C6677] ASSIGN server=25 time=15 type=S
[C6677] COMPLETE server=3
[C6678] NEW REQUEST queued time=14 type=S
[C6678] ASSIGN server=3 time=3 type=S
[C6679] NEW REQUEST queued time=13 type=S
[C6680] COMPLETE server=3
[C6681] ASSIGN server=3 time=3 type=S
[C6683] COMPLETE server=3
[C6684] ASSIGN server=3 time=2 type=P
[C6685] NEW REQUEST queued time=13 type=S
[C6685] COMPLETE server=3
[C6685] COMPLETE server=19
[C6686] NEW REQUEST queued time=8 type=S
[C6686] ASSIGN server=3 time=15 type=P
[C6686] ASSIGN server=19 time=13 type=S
[C6687] NEW REQUEST queued time=8 type=P
[C6688] NEW REQUEST queued time=6 type=S
[C6691] COMPLETE server=25
[C6692] ASSIGN server=25 time=6 type=S
[C6693] NEW REQUEST queued time=3 type=P
[C6695] NEW REQUEST queued time=10 type=S
[C6697] COMPLETE server=25
[C6698] ASSIGN server=25 time=13 type=S
[C6698] COMPLETE server=19
[C6699] ASSIGN server=19 time=15 type=P
[C6700] COMPLETE server=3
[C6700] SNAPSHOT queue=163 servers=3 busy=2 cooldownLeft=0 completed=2811 rejected=12
[C6701] ASSIGN server=3 time=4 type=S
[C6704] COMPLETE server=3
[C6705] ASSIGN server=3 time=4 type=S
[C6708] NEW REQUEST queued time=15 type=S
[C6708] COMPLETE server=3
[C6709] ASSIGN server=3 time=9 type=S
[C6710] COMPLETE server=25
[C6711] NEW REQUEST queued time=4 type=P
[C6711] ASSIGN server=25 time=2 type=P
[C6712] COMPLETE server=25
[C6713] ASSIGN server=25 time=12 type=P
[C6713] COMPLETE server=19
[C6714] ASSIGN server=19 time=2 type=S
[C6715] COMPLETE server=19
[C6716] ASSIGN server=19 time=15 type=P
[C6717] NEW REQUEST queued time=15 type=S
[C6717] COMPLETE server=3
[C6718] ASSIGN server=3 time=4 type=S
[C6720] NEW REQUEST queued time=5 type=P
[C6721] COMPLETE server=3
[C6722] ASSIGN server=3 time=14 type=P
[C6724] COMPLETE server=25
[C6725] ASSIGN server=25 time=9 type=P
[C6728] NEW REQUEST queued time=6 type=P
[C6730] COMPLETE server=19
[C6731] ASSIGN server=19 time=3 type=P
[C6733] NEW REQUEST queued time=7 type=P
[C6733] COMPLETE server=19
[C6733] COMPLETE server=25
[C6734] ASSIGN server=19 time=10 type=P
[C6734] ASSIGN server=25 time=13 type=S
[C6735] COMPLETE server=3
[C6736] NEW REQUEST queued time=7 type=P
[C6736] ASSIGN server=3 time=7 type=P
[C6738] NEW REQUEST queued time=8 type=S
[C6740] NEW REQUEST queued time=11 type=S
[C6741] NEW REQUEST queued time=8 type=P
[C6742] NEW REQUEST queued time=8 type=S
[C6742] COMPLETE server=3
[C6743] ASSIGN server=3 time=12 type=P
[C6743] COMPLETE server=19
[C6744] ASSIGN server=19 time=8 type=P
[C6746] COMPLETE server=25
[C6747] ASSIGN server=25 time=5 type=P
[C6749] NEW REQUEST queued time=11 type=P
[C6750] SNAPSHOT queue=158 servers=3 busy=3 cooldownLeft=0 completed=2827 rejected=12
[C6751] COMPLETE server=19
[C6751] COMPLETE server=25
[C6752] ASSIGN server=19 time=11 type=S
[C6752] ASSIGN server=25 time=2 type=S
[C6753] COMPLETE server=25
[C6754] NEW REQUEST queued time=12 type=P
[C6754] ASSIGN server=25 time=3 type=S
[C6754] COMPLETE server=3
[C6755] ASSIGN server=3 time=8 type=S
[C6756] NEW REQUEST queued time=12 type=P
[C6756] COMPLETE server=25
[C6757] ASSIGN server=25 time=6 type=P
[C6760] NEW REQUEST queued time=7 type=S
[C6761] NEW REQUEST queued time=8 type=P
[C6762] COMPLETE server=3
[C6762] COMPLETE server=19
[C6762] COMPLETE server=25
[C6763] NEW REQUEST queued time=5 type=P
[C6763] ASSIGN server=3 time=12 type=P
[C6763] ASSIGN server=19 time=15 type=P
[C6763] ASSIGN server=25 time=11 type=S
[C6764] NEW REQUEST queued time=15 type=S
[C6767] NEW REQUEST queued time=2 type=S
[C6771] NEW REQUEST queued time=9 type=S
[C6772] NEW REQUEST queued time=13 type=P
[C6773] NEW REQUEST queued time=8 type=S
[C6773] COMPLETE server=25
[C6774] NEW REQUEST queued time=12 type=S
[C6774] ASSIGN server=25 time=11 type=S
[C6774] COMPLETE server=3
[C6775] ASSIGN server=3 time=12 type=S
[C6777] NEW REQUEST queued time=12 type=S
[C6777] COMPLETE server=19
[C6778] ASSIGN server=19 time=7 type=S
[C6780] NEW REQUEST queued time=11 type=S
[C6784] NEW REQUEST queued time=6 type=S
[C6784] COMPLETE server=19
[C6784] COMPLETE server=25
[C6785] NEW REQUEST queued time=11 type=S
[C6785] ASSIGN server=19 time=13 type=S
[C6785] ASSIGN server=25 time=5 type=P
[C6786] NEW REQUEST queued time=14 type=P
[C6786] COMPLETE server=3
[C6787] NEW REQUEST queued time=12 type=S
[C6787] ASSIGN server=3 time=10 type=P
[C6788] NEW REQUEST queued time=9 type=P
[C6789] NEW REQUEST queued time=7 type=S
[C6789] COMPLETE server=25
[C6790] ASSIGN server=25 time=15 type=P
[C6793] NEW REQUEST queued time=11 type=P
[C6794] NEW REQUEST queued time=6 type=P
[C6796] NEW REQUEST queued time=13 type=P
[C6796] COMPLETE server=3
[C6797] ASSIGN server=3 time=12 type=P
[C6797] COMPLETE server=19
[C6798] ASSIGN server=19 time=9 type=S
[C6800] SNAPSHOT queue=163 servers=3 busy=3 cooldownLeft=0 completed=2844 rejected=12
[C6801] NEW REQUEST queued time=7 type=P
[C6804] COMPLETE server=25
[C6805] ASSIGN server=25 time=4 type=S
[C6806] COMPLETE server=19
[C6807] ASSIGN server=19 time=9 type=S
[C6808] COMPLETE server=3
[C6808] COMPLETE server=25
[C6809] ASSIGN server=3 time=7 type=S
[C6809] ASSIGN server=25 time=9 type=S
[C6815] NEW REQUEST queued time=5 type=S
[C6815] COMPLETE server=3
[C6815] COMPLETE server=19
[C6816] ASSIGN server=3 time=7 type=S
[C6816] ASSIGN server=19 time=13 type=S
[C6817] COMPLETE server=25
[C6818] ASSIGN server=25 time=7 type=P
[C6822] COMPLETE server=3
[C6823] ASSIGN server=3 time=2 type=S
[C6824] COMPLETE server=3
[C6824] COMPLETE server=25
[C6825] NEW REQUEST queued time=15 type=P
[C6825] ASSIGN server=3 time=15 type=P
[C6825] ASSIGN server=25 time=7 type=P
[C6828] COMPLETE server=19
[C6829] ASSIGN server=19 time=10 type=S
[C6831] NEW REQUEST queued time=8 type=S
[C6831] COMPLETE server=25
[C6832] ASSIGN server=25 time=6 type=S
[C6835] NEW REQUEST queued time=3 type=P
[C6837] COMPLETE server=25
[C6838] ASSIGN server=25 time=7 type=S
[C6838] COMPLETE server=19
[C6839] ASSIGN server=19 time=5 type=S
[C6839] COMPLETE server=3
[C6840] ASSIGN server=3 time=3 type=S
[C6841] NEW REQUEST queued time=6 type=S
[C6842] COMPLETE server=3
[C6843] ASSIGN server=3 time=8 type=S
[C6843] COMPLETE server=19
[C6844] ASSIGN server=19 time=5 type=P
[C6844] COMPLETE server=25
[C6845] NEW REQUEST queued time=15 type=S
[C6845] ASSIGN server=25 time=10 type=S
[C6847] NEW REQUEST queued time=9 type=P
[C6848] COMPLETE server=19
[C6849] NEW REQUEST queued time=7 type=S
[C6849] ASSIGN server=19 time=4 type=S
[C6850] COMPLETE server=3
[C6850] SNAPSHOT queue=153 servers=3 busy=2 cooldownLeft=0 completed=2864 rejected=12
[C6851] ASSIGN server=3 time=5 type=S
[C6852] COMPLETE server=19
[C6853] ASSIGN server=19 time=9 type=P
[C6854] NEW REQUEST queued time=14 type=S
[C6854] COMPLETE server=25
[C6855] ASSIGN server=25 time=3 type=S
[C6855] COMPLETE server=3
[C6856] NEW REQUEST queued time=15 type=S
[C6856] ASSIGN server=3 time=5 type=P
[C6857] COMPLETE server=25
[C6858] NEW REQUEST queued time=5 type=S
[C6858] ASSIGN server=25 time=11 type=P
[C6859] NEW REQUEST queued time=2 type=P
[C6860] COMPLETE server=3
[C6861] NEW REQUEST queued time=8 type=S
[C6861] ASSIGN server=3 time=11 type=P
[C6861] COMPLETE server=19
[C6862] ASSIGN server=19 time=10 type=P
[C6863] NEW REQUEST queued time=14 type=P
[C6865] NEW REQUEST queued time=11 type=P
[C6866] NEW REQUEST queued time=11 type=S
[C6867] NEW REQUEST queued time=8 type=S
[C6868] COMPLETE server=25
[C6869] NEW REQUEST queued time=5 type=S
[C6869] ASSIGN server=25 time=13 type=P
[C6871] COMPLETE server=3
[C6871] COMPLETE server=19
[C6872] NEW REQUEST queued time=14 type=P
[C6872] ASSIGN server=3 time=13 type=P
[C6872] ASSIGN server=19 time=12 type=S
[C6878] NEW REQUEST queued time=13 type=S
[C6880] NEW REQUEST queued time=6 type=P
[C6881] COMPLETE server=25
[C6882] ASSIGN server=25 time=15 type=S
[C6883] COMPLETE server=19
[C6884] NEW REQUEST queued time=3 type=P
[C6884] ASSIGN server=19 time=2 type=S
[C6884] COMPLETE server=3
[C6885] ASSIGN server=3 time=11 type=P
[C6885] COMPLETE server=19
[C6886] NEW REQUEST queued time=3 type=P
[C6886] ASSIGN server=19 time=3 type=P
[C6888] NEW REQUEST queued time=7 type=S
[C6888] COMPLETE server=19
[C6889] NEW REQUEST queued time=2 type=P
[C6889] ASSIGN server=19 time=8 type=S
[C6890] NEW REQUEST queued time=13 type=P
[C6891] NEW REQUEST queued time=6 type=S
[C6892] NEW REQUEST queued time=15 type=P
[C6893] NEW REQUEST queued time=8 type=P
[C6895] COMPLETE server=3
[C6896] NEW REQUEST queued time=5 type=S
[C6896] ASSIGN server=3 time=11 type=S
[C6896] COMPLETE server=19
[C6896] COMPLETE server=25
[C6897] NEW REQUEST queued time=12 type=S
[C6897] ASSIGN server=19 time=7 type=S
[C6897] ASSIGN server=25 time=9 type=S
[C6900] SNAPSHOT queue=158 servers=3 busy=3 cooldownLeft=0 completed=2881 rejected=12
[C6901] NEW REQUEST queued time=14 type=S
[C6903] COMPLETE server=19
[C6904] ASSIGN server=19 time=8 type=P
[C6905] COMPLETE server=25
[C6906] NEW REQUEST queued time=10 type=S
[C6906] ASSIGN server=25 time=4 type=S
[C6906] COMPLETE server=3
[C6907] NEW REQUEST queued time=3 type=S
[C6907] ASSIGN server=3 time=12 type=P
[C6909] COMPLETE server=25
[C6910] ASSIGN server=25 time=13 type=S
[C6911] COMPLETE server=19
[C6912] ASSIGN server=19 time=13 type=S
[C6914] NEW REQUEST queued time=10 type=P
[C6915] NEW REQUEST queued time=6 type=S
[C6918] COMPLETE server=3
[C6919] ASSIGN server=3 time=2 type=S
[C6920] COMPLETE server=3
[C6921] ASSIGN server=3 time=15 type=P
[C6922] COMPLETE server=25
[C6923] ASSIGN server=25 time=14 type=S
[C6924] COMPLETE server=19
[C6925] NEW REQUEST queued time=5 type=P
[C6925] ASSIGN server=19 time=14 type=P
[C6927] NEW REQUEST queued time=10 type=P
[C6928] NEW REQUEST queued time=4 type=S
[C6929] NEW REQUEST queued time=14 type=S
[C6931] NEW REQUEST queued time=3 type=P
[C6935] NEW REQUEST queued time=12 type=S
[C6935] COMPLETE server=3
[C6936] ASSIGN server=3 time=7 type=P
[C6936] COMPLETE server=25
[C6937] ASSIGN server=25 time=5 type=P
[C6938] COMPLETE server=19
[C6939] ASSIGN server=19 time=5 type=P
[C6941] COMPLETE server=25
[C6942] ASSIGN server=25 time=2 type=S
[C6942] COMPLETE server=3
[C6943] ASSIGN server=3 time=14 type=S
[C6943] COMPLETE server=19
[C6943] COMPLETE server=25
[C6944] ASSIGN server=19 time=7 type=P
[C6944] ASSIGN server=25 time=9 type=S
[C6947] NEW REQUEST queued time=10 type=P
[C6948] NEW REQUEST queued time=7 type=P
[C6950] COMPLETE server=19
[C6950] SNAPSHOT queue=155 servers=3 busy=2 cooldownLeft=0 completed=2898 rejected=12
[C6951] ASSIGN server=19 time=10 type=S
[C6952] COMPLETE server=25
[C6953] ASSIGN server=25 time=8 type=P
[C6954] NEW REQUEST queued time=11 type=P
[C6956] COMPLETE server=3
[C6957] ASSIGN server=3 time=10 type=S
[C6959] NEW REQUEST queued time=12 type=P
[C6960] COMPLETE server=19
[C6960] COMPLETE server=25
[C6961] ASSIGN server=19 time=9 type=P
[C6961] ASSIGN server=25 time=12 type=P
[C6962] NEW REQUEST queued time=10 type=P
[C6966] NEW REQUEST queued time=8 type=P
[C6966] COMPLETE server=3
[C6967] ASSIGN server=3 time=6 type=P
[C6969] COMPLETE server=19
[C6970] ASSIGN server=19 time=11 type=P
[C6972] NEW REQUEST queued time=9 type=S
[C6972] COMPLETE server=3
[C6972] COMPLETE server=25
[C6973] ASSIGN server=3 time=15 type=S
[C6973] ASSIGN server=25 time=7 type=P
[C6976] NEW REQUEST queued time=10 type=P
[C6977] NEW REQUEST queued time=13 type=S
[C6978] NEW REQUEST queued time=9 type=S
[C6979] NEW REQUEST queued time=9 type=S
[C6979] COMPLETE server=25
[C6980] ASSIGN server=25 time=9 type=S
[C6980] COMPLETE server=19
[C6981] NEW REQUEST queued time=9 type=S
[C6981] ASSIGN server=19 time=4 type=S
[C6984] NEW REQUEST queued time=15 type=S
[C6984] COMPLETE server=19
[C6985] ASSIGN server=19 time=11 type=P
[C6987] COMPLETE server=3
[C6988] ASSIGN server=3 time=15 type=S
[C6988] COMPLETE server=25
[C6989] ASSIGN server=25 time=3 type=S
[C6991] COMPLETE server=25
[C6992] ASSIGN server=25 time=2 type=S
[C6993] COMPLETE server=25
[C6994] ASSIGN server=25 time=5 type=P
[C6995] COMPLETE server=19
[C6996] NEW REQUEST queued time=2 type=S
[C6996] ASSIGN server=19 time=13 type=P
[C6998] NEW REQUEST queued time=6 type=S
[C6998] COMPLETE server=25
[C6999] NEW REQUEST queued time=14 type=P
[C6999] ASSIGN server=25 time=11 type=S
[C7000] SNAPSHOT queue=151 servers=3 busy=3 cooldownLeft=0 completed=2915 rejected=12
[C7002] NEW REQUEST queued time=14 type=P
[C7002] COMPLETE server=3
[C7003] ASSIGN server=3 time=11 type=P
[C7004] NEW REQUEST queued time=7 type=S
[C7008] COMPLETE server=19
[C7009] ASSIGN server=19 time=8 type=S
[C7009] COMPLETE server=25
[C7010] ASSIGN server=25 time=4 type=P
[C7013] COMPLETE server=3
[C7013] COMPLETE server=25
[C7014] ASSIGN server=3 time=13 type=S
[C7014] ASSIGN server=25 time=4 type=S
[C7014] SCALE DOWN removed=25 -> servers=2 cooldown=25
[C7016] NEW REQUEST queued time=3 type=P
[C7016] COMPLETE server=19
[C7017] NEW REQUEST queued time=13 type=S
[C7017] ASSIGN server=19 time=9 type=S
[C7025] NEW REQUEST queued time=8 type=S
[C7025] COMPLETE server=19
[C7026] NEW REQUEST queued time=9 type=P
[C7026] ASSIGN server=19 time=14 type=S
[C7026] COMPLETE server=3
[C7027] ASSIGN server=3 time=8 type=S
[C7034] NEW REQUEST queued time=5 type=P
[C7034] COMPLETE server=3
[C7035] ASSIGN server=3 time=4 type=S
[C7038] COMPLETE server=3
[C7039] ASSIGN server=3 time=9 type=S
[C7039] COMPLETE server=19
[C7040] ASSIGN server=19 time=13 type=S
[C7042] NEW REQUEST queued time=7 type=S
[C7043] NEW REQUEST queued time=5 type=S
[C7045] NEW REQUEST queued time=9 type=S
[C7047] COMPLETE server=3
[C7048] ASSIGN server=3 time=4 type=S
[C7050] SNAPSHOT queue=149 servers=2 busy=2 cooldownLeft=0 completed=2927 rejected=12
[C7051] COMPLETE server=3
[C7052] NEW REQUEST queued time=7 type=S
[C7052] ASSIGN server=3 time=14 type=P
[C7052] COMPLETE server=19
[C7053] NEW REQUEST queued time=14 type=P
[C7053] ASSIGN server=19 time=2 type=P
[C7054] COMPLETE server=19
[C7055] ASSIGN server=19 time=3 type=S
[C7057] COMPLETE server=19
[C7058] ASSIGN server=19 time=2 type=S
[C7059] COMPLETE server=19
[C7060] NEW REQUEST queued time=5 type=S
[C7060] ASSIGN server=19 time=3 type=P
[C7062] COMPLETE server=19
[C7063] ASSIGN server=19 time=12 type=S
[C7064] NEW REQUEST queued time=12 type=S
[C7065] NEW REQUEST queued time=11 type=P
[C7065] COMPLETE server=3
[C7066] ASSIGN server=3 time=12 type=S
[C7074] COMPLETE server=19
[C7075] ASSIGN server=19 time=2 type=S
[C7076] COMPLETE server=19
[C7077] NEW REQUEST queued time=6 type=P
[C7077] ASSIGN server=19 time=4 type=S
[C7077] COMPLETE server=3
[C7078] ASSIGN server=3 time=2 type=P
[C7079] COMPLETE server=3
[C7080] ASSIGN server=3 time=14 type=P
[C7080] COMPLETE server=19
[C7081] ASSIGN server=19 time=15 type=S
[C7082] NEW REQUEST queued time=10 type=P
[C7083] NEW REQUEST queued time=8 type=P
[C7087] NEW REQUEST queued time=3 type=S
[C7092] NEW REQUEST queued time=3 type=P
[C7093] COMPLETE server=3
[C7094] NEW REQUEST queued time=2 type=S
[C7094] ASSIGN server=3 time=7 type=P
[C7095] NEW REQUEST queued time=10 type=P
[C7095] COMPLETE server=19
[C7096] NEW REQUEST queued time=5 type=S
[C7096] ASSIGN server=19 time=5 type=P
[C7100] COMPLETE server=3
[C7100] COMPLETE server=19
[C7100] SNAPSHOT queue=148 servers=2 busy=0 cooldownLeft=0 completed=2943 rejected=12
[C7101] ASSIGN server=3 time=2 type=S
[C7101] ASSIGN server=19 time=15 type=P
[C7102] COMPLETE server=3
[C7103] ASSIGN server=3 time=9 type=P
[C7111] COMPLETE server=3
[C7112] NEW REQUEST queued time=13 type=P
[C7112] ASSIGN server=3 time=4 type=P
[C7113] NEW REQUEST queued time=13 type=P
[C7115] COMPLETE server=3
[C7115] COMPLETE server=19
[C7116] ASSIGN server=3 time=9 type=S
[C7116] ASSIGN server=19 time=13 type=P
[C7124] COMPLETE server=3
[C7125] ASSIGN server=3 time=9 type=S
[C7128] COMPLETE server=19
[C7129] NEW REQUEST queued time=9 type=S
[C7129] ASSIGN server=19 time=14 type=P
[C7132] NEW REQUEST queued time=11 type=S
[C7133] NEW REQUEST queued time=14 type=S
[C7133] COMPLETE server=3
[C7134] NEW REQUEST queued time=9 type=S
[C7134] ASSIGN server=3 time=11 type=P
[C7138] NEW REQUEST queued time=8 type=S
[C7142] COMPLETE server=19
[C7143] NEW REQUEST queued time=9 type=P
[C7143] ASSIGN server=19 time=12 type=S
[C7144] COMPLETE server=3
[C7145] ASSIGN server=3 time=2 type=P
[C7146] COMPLETE server=3
[C7147] ASSIGN server=3 time=3 type=S
[C7149] COMPLETE server=3
[C7150] ASSIGN server=3 time=2 type=S
[C7150] SNAPSHOT queue=143 servers=2 busy=2 cooldownLeft=0 completed=2954 rejected=12
[C7151] NEW REQUEST queued time=14 type=P
[C7151] COMPLETE server=3
[C7152] ASSIGN server=3 time=9 type=S
[C7154] COMPLETE server=19
[C7155] NEW REQUEST queued time=5 type=P
[C7155] ASSIGN server=19 time=15 type=S
[C7156] NEW REQUEST queued time=14 type=P
[C7160] COMPLETE server=3
[C7161] ASSIGN server=3 time=15 type=S
[C7168] NEW REQUEST queued time=10 type=S
[C7169] COMPLETE server=19
[C7170] NEW REQUEST queued time=14 type=P
[C7170] ASSIGN server=19 time=5 type=S
[C7171] NEW REQUEST queued time=11 type=S
[C7173] NEW REQUEST queued time=3 type=S
[C7174] COMPLETE server=19
[C7175] NEW REQUEST queued time=6 type=S
[C7175] ASSIGN server=19 time=13 type=P
[C7175] COMPLETE server=3
[C7176] ASSIGN server=3 time=13 type=S
[C7178] NEW REQUEST queued time=12 type=S
[C7181] NEW REQUEST queued time=14 type=S
[C7187] COMPLETE server=19
[C7188] NEW REQUEST queued time=13 type=P
[C7188] ASSIGN server=19 time=9 type=S
[C7188] COMPLETE server=3
[C7189] NEW REQUEST queued time=8 type=P
[C7189] ASSIGN server=3 time=8 type=P
[C7192] NEW REQUEST queued time=13 type=P
[C7193] NEW REQUEST queued time=11 type=P
[C7195] NEW REQUEST queued time=4 type=P
[C7196] COMPLETE server=3
[C7196] COMPLETE server=19
[C7197] ASSIGN server=3 time=14 type=P
[C7197] ASSIGN server=19 time=15 type=P
[C7198] NEW REQUEST queued time=2 type=S
[C7199] NEW REQUEST queued time=10 type=S
[C7200] NEW REQUEST queued time=9 type=P
[C7200] SNAPSHOT queue=151 servers=2 busy=2 cooldownLeft=0 completed=2964 rejected=12
[C7206] NEW REQUEST queued time=5 type=S
[C7210] COMPLETE server=3
[C7211] ASSIGN server=3 time=14 type=P
[C7211] COMPLETE server=19
[C7212] ASSIGN server=19 time=14 type=S
[C7219] NEW REQUEST queued time=13 type=P
[C7221] NEW REQUEST queued time=11 type=S
[C7222] NEW REQUEST queued time=15 type=P
[C7223] NEW REQUEST queued time=4 type=S
[C7224] COMPLETE server=3
[C7225] ASSIGN server=3 time=13 type=S
[C7225] COMPLETE server=19
[C7226] NEW REQUEST queued time=13 type=S
[C7226] ASSIGN server=19 time=13 type=S
[C7233] NEW REQUEST queued time=6 type=P
[C7237] NEW REQUEST queued time=3 type=S
[C7237] COMPLETE server=3
[C7238] ASSIGN server=3 time=8 type=S
[C7238] COMPLETE server=19
[C7239] ASSIGN server=19 time=8 type=P
[C7245] NEW REQUEST queued time=15 type=P
[C7245] COMPLETE server=3
[C7246] NEW REQUEST queued time=6 type=P
[C7246] ASSIGN server=3 time=6 type=S
[C7246] COMPLETE server=19
[C7247] ASSIGN server=19 time=3 type=P
[C7248] NEW REQUEST queued time=4 type=P
[C7249] NEW REQUEST queued time=14 type=P
[C7249] COMPLETE server=19
[C7250] NEW REQUEST queued time=4 type=S
[C7250] ASSIGN server=19 time=10 type=S
[C7250] SNAPSHOT queue=155 servers=2 busy=2 cooldownLeft=0 completed=2973 rejected=12
[C7251] COMPLETE server=3
[C7252] ASSIGN server=3 time=15 type=S
[C7254] NEW REQUEST queued time=3 type=S
[C7259] COMPLETE server=19
[C7260] ASSIGN server=19 time=4 type=P
[C7263] NEW REQUEST queued time=4 type=S
[C7263] COMPLETE server=19
[C7264] ASSIGN server=19 time=15 type=S
[C7265] NEW REQUEST queued time=12 type=P
[C7266] NEW REQUEST queued time=8 type=P
[C7266] COMPLETE server=3
[C7267] ASSIGN server=3 time=5 type=P
[C7269] NEW REQUEST queued time=2 type=P
[C7270] NEW REQUEST queued time=7 type=S
[C7271] NEW REQUEST queued time=12 type=S
[C7271] COMPLETE server=3
[C7272] NEW REQUEST queued time=10 type=S
[C7272] ASSIGN server=3 time=6 type=P
[C7277] COMPLETE server=3
[C7278] ASSIGN server=3 time=7 type=P
[C7278] COMPLETE server=19
[C7279] NEW REQUEST queued time=14 type=S
[C7279] ASSIGN server=19 time=7 type=P
[C7280] NEW REQUEST queued time=14 type=P
[C7284] NEW REQUEST queued time=8 type=S
[C7284] COMPLETE server=3
[C7285] ASSIGN server=3 time=8 type=S
[C7285] COMPLETE server=19
[C7286] NEW REQUEST queued time=15 type=P
[C7286] ASSIGN server=19 time=11 type=S
[C7288] NEW REQUEST queued time=6 type=P
[C7290] NEW REQUEST queued time=3 type=S
[C7291] NEW REQUEST queued time=2 type=S
[C7291] SCALE UP -> servers=3 cooldown=25
[C7292] ASSIGN server=26 time=8 type=P
[C7292] COMPLETE server=3
[C7293] ASSIGN server=3 time=8 type=S
[C7296] COMPLETE server=19
[C7297] NEW REQUEST queued time=2 type=S
[C7297] ASSIGN server=19 time=11 type=P
[C7299] COMPLETE server=26
[C7300] NEW REQUEST queued time=10 type=S
[C7300] ASSIGN server=26 time=12 type=P
[C7300] COMPLETE server=3
[C7300] SNAPSHOT queue=159 servers=3 busy=2 cooldownLeft=16 completed=2986 rejected=12
[C7301] NEW REQUEST queued time=12 type=S
[C7301] ASSIGN server=3 time=12 type=P
[C7302] NEW REQUEST queued time=10 type=P
[C7305] NEW REQUEST queued time=4 type=P
[C7306] NEW REQUEST queued time=15 type=P
[C7307] COMPLETE server=19
[C7308] NEW REQUEST queued time=4 type=P
[C7308] ASSIGN server=19 time=7 type=S
[C7309] NEW REQUEST queued time=9 type=P
[C7311] NEW REQUEST queued time=2 type=S
[C7311] COMPLETE server=26
[C7312] NEW REQUEST queued time=10 type=P
[C7312] ASSIGN server=26 time=8 type=P
[C7312] COMPLETE server=3
[C7313] ASSIGN server=3 time=5 type=P
[C7314] COMPLETE server=19
[C7315] ASSIGN server=19 time=15 type=S
[C7317] NEW REQUEST queued time=15 type=P
[C7317] COMPLETE server=3
[C7318] ASSIGN server=3 time=2 type=S
[C7319] NEW REQUEST queued time=2 type=P
[C7319] COMPLETE server=3
[C7319] COMPLETE server=26
[C7320] ASSIGN server=3 time=9 type=S
[C7320] ASSIGN server=26 time=13 type=P
[C7325] NEW REQUEST queued time=6 type=P
[C7326] NEW REQUEST queued time=7 type=S
[C7328] NEW REQUEST queued time=12 type=P
[C7328] COMPLETE server=3
[C7329] ASSIGN server=3 time=8 type=S
[C7329] COMPLETE server=19
[C7330] ASSIGN server=19 time=12 type=S
[C7332] COMPLETE server=26
[C7333] NEW REQUEST queued time=7 type=S
[C7333] ASSIGN server=26 time=12 type=S
[C7336] COMPLETE server=3
[C7337] ASSIGN server=3 time=11 type=S
[C7341] COMPLETE server=19
[C7342] ASSIGN server=19 time=6 type=S
[C7343] NEW REQUEST queued time=13 type=S
[C7344] COMPLETE server=26
[C7345] NEW REQUEST queued time=15 type=P
[C7345] ASSIGN server=26 time=11 type=S
[C7347] COMPLETE server=3
[C7347] COMPLETE server=19
[C7348] ASSIGN server=3 time=14 type=P
[C7348] ASSIGN server=19 time=12 type=S
[C7350] SNAPSHOT queue=159 servers=3 busy=3 cooldownLeft=0 completed=3001 rejected=12
[C7355] COMPLETE server=26
[C7356] ASSIGN server=26 time=9 type=P
[C7359] NEW REQUEST queued time=15 type=P
[C7359] COMPLETE server=19
[C7360] NEW REQUEST queued time=14 type=P
[C7360] ASSIGN server=19 time=7 type=S
[C7361] COMPLETE server=3
[C7362] ASSIGN server=3 time=11 type=P
[C7364] COMPLETE server=26
[C7365] NEW REQUEST queued time=5 type=P
[C7365] ASSIGN server=26 time=6 type=P
[C7366] COMPLETE server=19
[C7367] ASSIGN server=19 time=13 type=P
[C7368] NEW REQUEST queued time=5 type=S
[C7370] COMPLETE server=26
[C7371] NEW REQUEST queued time=3 type=S
[C7371] ASSIGN server=26 time=7 type=P
[C7372] NEW REQUEST queued time=9 type=S
[C7372] COMPLETE server=3
[C7373] NEW REQUEST queued time=10 type=P
[C7373] ASSIGN server=3 time=5 type=S
[C7377] COMPLETE server=3
[C7377] COMPLETE server=26
[C7378] ASSIGN server=3 time=15 type=P
[C7378] ASSIGN server=26 time=8 type=S
[C7379] COMPLETE server=19
[C7380] ASSIGN server=19 time=3 type=P
[C7382] COMPLETE server=19
[C7383] NEW REQUEST queued time=15 type=P
[C7383] ASSIGN server=19 time=6 type=S
[C7385] COMPLETE server=26
[C7386] ASSIGN server=26 time=15 type=S
[C7388] COMPLETE server=19
[C7389] NEW REQUEST queued time=15 type=S
[C7389] ASSIGN server=19 time=9 type=P
[C7392] COMPLETE server=3
[C7393] NEW REQUEST queued time=11 type=P
[C7393] ASSIGN server=3 time=7 type=S
[C7396] NEW REQUEST queued time=3 type=P
[C7397] COMPLETE server=19
[C7398] NEW REQUEST queued time=7 type=P
[C7398] ASSIGN server=19 time=14 type=S
[C7399] COMPLETE server=3
[C7400] ASSIGN server=3 time=15 type=S
[C7400] COMPLETE server=26
[C7400] SNAPSHOT queue=155 servers=3 busy=2 cooldownLeft=0 completed=3018 rejected=12
[C7401] ASSIGN server=26 time=5 type=S
[C7405] NEW REQUEST queued time=8 type=S
[C7405] COMPLETE server=26
[C7406] ASSIGN server=26 time=2 type=P
[C7407] NEW REQUEST queued time=8 type=P
[C7407] COMPLETE server=26
[C7408] NEW REQUEST queued time=10 type=P
[C7408] ASSIGN server=26 time=8 type=S
[C7410] NEW REQUEST queued time=8 type=S
[C7411] NEW REQUEST queued time=10 type=P
[C7411] COMPLETE server=19
[C7412] NEW REQUEST queued time=9 type=P
[C7412] ASSIGN server=19 time=14 type=P
[C7414] COMPLETE server=3
[C7415] NEW REQUEST queued time=5 type=P
[C7415] ASSIGN server=3 time=11 type=P
[C7415] COMPLETE server=26
[C7416] ASSIGN server=26 time=11 type=S
[C7419] NEW REQUEST queued time=6 type=P
[C7420] NEW REQUEST queued time=3 type=S
[C7422] NEW REQUEST queued time=2 type=P
[C7425] COMPLETE server=3
[C7425] COMPLETE server=19
[C7426] ASSIGN server=3 time=8 type=S
[C7426] ASSIGN server=19 time=5 type=S
[C7426] COMPLETE server=26
[C7427] ASSIGN server=26 time=14 type=P
[C7428] NEW REQUEST queued time=8 type=P
[C7429] NEW REQUEST queued time=4 type=S
[C7430] NEW REQUEST queued time=4 type=S
[C7430] COMPLETE server=19
[C7431] ASSIGN server=19 time=13 type=S
[C7432] NEW REQUEST queued time=12 type=P
[C7433] NEW REQUEST queued time=12 type=S
[C7433] COMPLETE server=3
[C7434] ASSIGN server=3 time=6 type=P
[C7435] NEW REQUEST queued time=11 type=P
[C7437] NEW REQUEST queued time=5 type=P
[C7439] COMPLETE server=3
[C7440] ASSIGN server=3 time=3 type=P
[C7440] COMPLETE server=26
[C7441] ASSIGN server=26 time=3 type=P
[C7442] COMPLETE server=3
[C7443] NEW REQUEST queued time=7 type=P
[C7443] ASSIGN server=3 time=7 type=S
[C7443] COMPLETE server=19
[C7443] COMPLETE server=26
[C7444] NEW REQUEST queued time=7 type=P
[C7444] ASSIGN server=19 time=2 type=P
[C7444] ASSIGN server=26 time=13 type=P
[C7445] COMPLETE server=19
[C7446] NEW REQUEST queued time=5 type=S
[C7446] ASSIGN server=19 time=6 type=S
[C7449] COMPLETE server=3
[C7450] ASSIGN server=3 time=15 type=P
[C7450] SNAPSHOT queue=157 servers=3 busy=3 cooldownLeft=0 completed=3035 rejected=12
[C7451] COMPLETE server=19
[C7452] ASSIGN server=19 time=8 type=P
[C7453] NEW REQUEST queued time=12 type=S
[C7454] NEW REQUEST queued time=8 type=S
[C7456] COMPLETE server=26
[C7457] ASSIGN server=26 time=5 type=S
[C7459] COMPLETE server=19
[C7460] NEW REQUEST queued time=9 type=P
[C7460] ASSIGN server=19 time=12 type=S
[C7461] COMPLETE server=26
[C7462] ASSIGN server=26 time=14 type=S
[C7464] COMPLETE server=3
[C7465] ASSIGN server=3 time=10 type=S
[C7466] NEW REQUEST queued time=12 type=S
[C7468] NEW REQUEST queued time=11 type=S
[C7471] COMPLETE server=19
[C7472] ASSIGN server=19 time=3 type=S
[C7473] NEW REQUEST queued time=7 type=P
[C7474] COMPLETE server=3
[C7474] COMPLETE server=19
[C7475] ASSIGN server=3 time=10 type=P
[C7475] ASSIGN server=19 time=6 type=S
[C7475] COMPLETE server=26
[C7476] ASSIGN server=26 time=5 type=P
[C7480] COMPLETE server=19
[C7480] COMPLETE server=26
[C7481] ASSIGN server=19 time=10 type=P
[C7481] ASSIGN server=26 time=4 type=S
[C7484] COMPLETE server=3
[C7484] COMPLETE server=26
[C7485] ASSIGN server=3 time=14 type=S
[C7485] ASSIGN server=26 time=3 type=P
[C7487] COMPLETE server=26
[C7488] ASSIGN server=26 time=12 type=S
[C7488] SCALE DOWN removed=26 -> servers=2 cooldown=25
[C7490] COMPLETE server=19
[C7491] NEW REQUEST queued time=8 type=S
[C7491] ASSIGN server=19 time=10 type=P
[C7492] NEW REQUEST queued time=12 type=P
[C7493] NEW REQUEST queued time=12 type=P
[C7495] NEW REQUEST queued time=14 type=P
[C7498] NEW REQUEST queued time=7 type=P
[C7498] COMPLETE server=3
[C7499] ASSIGN server=3 time=7 type=P
[C7500] NEW REQUEST queued time=4 type=S
[C7500] COMPLETE server=19
[C7500] SNAPSHOT queue=153 servers=2 busy=1 cooldownLeft=13 completed=3052 rejected=12
[C7501] ASSIGN server=19 time=11 type=P
[C7505] COMPLETE server=3
[C7506] ASSIGN server=3 time=12 type=P
[C7507] NEW REQUEST queued time=8 type=P
[C7508] NEW REQUEST queued time=11 type=S
[C7510] NEW REQUEST queued time=4 type=S
[C7511] COMPLETE server=19
[C7512] ASSIGN server=19 time=10 type=P
[C7513] NEW REQUEST queued time=5 type=P
[C7515] NEW REQUEST queued time=8 type=P
[C7517] COMPLETE server=3
[C7518] ASSIGN server=3 time=8 type=P
[C7521] COMPLETE server=19
[C7522] ASSIGN server=19 time=9 type=S
[C7524] NEW REQUEST queued time=13 type=P
[C7525] COMPLETE server=3
[C7526] NEW REQUEST queued time=10 type=P
[C7526] ASSIGN server=3 time=10 type=P
[C7530] NEW REQUEST queued time=5 type=S
[C7530] COMPLETE server=19
[C7531] ASSIGN server=19 time=13 type=S
[C7533] NEW REQUEST queued time=7 type=P
[C7534] NEW REQUEST queued time=3 type=P
[C7535] COMPLETE server=3
[C7536] ASSIGN server=3 time=9 type=S
[C7538] NEW REQUEST queued time=4 type=P
[C7542] NEW REQUEST queued time=14 type=P
[C7543] COMPLETE server=19
[C7544] ASSIGN server=19 time=9 type=S
[C7544] COMPLETE server=3
[C7545] ASSIGN server=3 time=9 type=S
[C7550] SNAPSHOT queue=155 servers=2 busy=2 cooldownLeft=0 completed=3061 rejected=12
[C7551] NEW REQUEST queued time=14 type=P
[C7552] COMPLETE server=19
[C7553] NEW REQUEST queued time=7 type=P
[C7553] ASSIGN server=19 time=15 type=S
[C7553] COMPLETE server=3
[C7554] ASSIGN server=3 time=2 type=S
[C7555] COMPLETE server=3
[C7556] ASSIGN server=3 time=6 type=S
[C7557] NEW REQUEST queued time=8 type=S
[C7558] NEW REQUEST queued time=11 type=S
[C7561] COMPLETE server=3
[C7562] ASSIGN server=3 time=14 type=P
[C7565] NEW REQUEST queued time=7 type=S
[C7567] COMPLETE server=19
[C7568] ASSIGN server=19 time=14 type=P
[C7572] NEW REQUEST queued time=9 type=P
[C7575] NEW REQUEST queued time=7 type=S
[C7575] COMPLETE server=3
[C7576] ASSIGN server=3 time=7 type=S
[C7577] NEW REQUEST queued time=12 type=P
[C7580] NEW REQUEST queued time=15 type=P
[C7581] COMPLETE server=19
[C7582] ASSIGN server=19 time=3 type=P
[C7582] COMPLETE server=3
[C7583] ASSIGN server=3 time=13 type=S
[C7584] COMPLETE server=19
[C7585] NEW REQUEST queued time=9 type=S
[C7585] ASSIGN server=19 time=8 type=S
[C7590] NEW REQUEST queued time=10 type=S
[C7592] COMPLETE server=19
[C7593] ASSIGN server=19 time=9 type=P
[C7595] COMPLETE server=3
[C7596] NEW REQUEST queued time=5 type=P
[C7596] ASSIGN server=3 time=5 type=P
[C7598] NEW REQUEST queued time=11 type=P
[C7600] COMPLETE server=3
[C7600] SNAPSHOT queue=157 servers=2 busy=1 cooldownLeft=0 completed=3073 rejected=12
[C7601] ASSIGN server=3 time=7 type=S
[C7601] COMPLETE server=19
[C7602] ASSIGN server=19 time=5 type=S
[C7604] NEW REQUEST queued time=3 type=P
[C7606] COMPLETE server=19
[C7607] NEW REQUEST queued time=9 type=S
[C7607] ASSIGN server=19 time=9 type=S
[C7607] COMPLETE server=3
[C7608] ASSIGN server=3 time=7 type=S
[C7610] NEW REQUEST queued time=9 type=P
[C7612] NEW REQUEST queued time=15 type=S
[C7613] NEW REQUEST queued time=7 type=P
[C7614] COMPLETE server=3
[C7615] ASSIGN server=3 time=14 type=P
[C7615] COMPLETE server=19
[C7616] ASSIGN server=19 time=5 type=S
[C7618] NEW REQUEST queued time=7 type=S
[C7620] COMPLETE server=19
[C7621] ASSIGN server=19 time=12 type=S
[C7623] NEW REQUEST queued time=10 type=P
[C7625] NEW REQUEST queued time=14 type=P
[C7627] NEW REQUEST queued time=4 type=S
[C7628] NEW REQUEST queued time=14 type=P
[C7628] COMPLETE server=3
[C7629] ASSIGN server=3 time=11 type=P
[C7630] NEW REQUEST queued time=7 type=P
[C7632] COMPLETE server=19
[C7633] ASSIGN server=19 time=6 type=P
[C7634] NEW REQUEST queued time=8 type=P
[C7635] NEW REQUEST queued time=4 type=P
[C7635] SCALE UP -> servers=3 cooldown=25
[C7636] ASSIGN server=27 time=10 type=P
[C7637] NEW REQUEST queued time=4 type=P
[C7638] COMPLETE server=19
[C7639] ASSIGN server=19 time=8 type=P
[C7639] COMPLETE server=3
[C7640] ASSIGN server=3 time=3 type=S
[C7641] NEW REQUEST queued time=7 type=S
[C7642] NEW REQUEST queued time=6 type=S
[C7642] COMPLETE server=3
[C7643] ASSIGN server=3 time=3 type=P
[C7644] NEW REQUEST queued time=12 type=S
[C7645] COMPLETE server=3
[C7645] COMPLETE server=27
[C7646] ASSIGN server=3 time=2 type=S
[C7646] ASSIGN server=27 time=10 type=P
[C7646] COMPLETE server=19
[C7647] ASSIGN server=19 time=5 type=S
[C7647] COMPLETE server=3
[C7648] FIREWALL REJECT sourceIp=10.127.11.252
[C7648] ASSIGN server=3 time=13 type=P
[C7650] SNAPSHOT queue=157 servers=3 busy=3 cooldownLeft=10 completed=3088 rejected=13
[C7651] COMPLETE server=19
[C7652] NEW REQUEST queued time=4 type=P
[C7652] ASSIGN server=19 time=13 type=P
[C7653] NEW REQUEST queued time=4 type=P
[C7655] COMPLETE server=27
[C7656] NEW REQUEST queued time=7 type=P
[C7656] ASSIGN server=27 time=9 type=S
[C7658] NEW REQUEST queued time=7 type=S
[C7659] NEW REQUEST queued time=12 type=S
[C7660] COMPLETE server=3
[C7661] ASSIGN server=3 time=11 type=S
[C7663] NEW REQUEST queued time=10 type=P
[C7664] COMPLETE server=19
[C7664] COMPLETE server=27
[C7665] ASSIGN server=19 time=14 type=S
[C7665] ASSIGN server=27 time=9 type=S
[C7666] NEW REQUEST queued time=12 type=P
[C7671] NEW REQUEST queued time=5 type=P
[C7671] COMPLETE server=3
[C7672] ASSIGN server=3 time=8 type=S
[C7673] COMPLETE server=27
[C7674] ASSIGN server=27 time=9 type=P
[C7677] NEW REQUEST queued time=2 type=S
[C7678] NEW REQUEST queued time=5 type=S
[C7678] COMPLETE server=19
[C7679] ASSIGN server=19 time=14 type=P
[C7679] COMPLETE server=3
[C7680] NEW REQUEST queued time=9 type=S
[C7680] ASSIGN server=3 time=5 type=P
[C7682] COMPLETE server=27
[C7683] ASSIGN server=27 time=14 type=P
[C7684] NEW REQUEST queued time=10 type=S
[C7684] COMPLETE server=3
[C7685] ASSIGN server=3 time=10 type=S
[C7687] NEW REQUEST queued time=13 type=S
[C7689] NEW REQUEST queued time=6 type=P
[C7692] COMPLETE server=19
[C7693] NEW REQUEST queued time=4 type=P
[C7693] ASSIGN server=19 time=14 type=P
[C7694] COMPLETE server=3
[C7695] ASSIGN server=3 time=11 type=S
[C7696] COMPLETE server=27
[C7697] NEW REQUEST queued time=12 type=P
[C7697] ASSIGN server=27 time=3 type=S
[C7698] NEW REQUEST queued time=7 type=S
[C7699] NEW REQUEST queued time=9 type=P
[C7699] COMPLETE server=27
[C7700] ASSIGN server=27 time=6 type=S
[C7700] SNAPSHOT queue=160 servers=3 busy=3 cooldownLeft=0 completed=3103 rejected=13
[C7701] NEW REQUEST queued time=8 type=S
[C7702] NEW REQUEST queued time=3 type=S
[C7704] NEW REQUEST queued time=10 type=S
[C7705] COMPLETE server=3
[C7705] COMPLETE server=27
[C7706] ASSIGN server=3 time=12 type=S
[C7706] ASSIGN server=27 time=14 type=S
[C7706] COMPLETE server=19
[C7707] NEW REQUEST queued time=11 type=P
[C7707] ASSIGN server=19 time=13 type=P
[C7712] NEW REQUEST queued time=4 type=P
[C7714] NEW REQUEST queued time=12 type=S
[C7717] NEW REQUEST queued time=5 type=S
[C7717] COMPLETE server=3
[C7718] ASSIGN server=3 time=8 type=P
[C7719] COMPLETE server=19
[C7719] COMPLETE server=27
[C7720] NEW REQUEST queued time=7 type=P
[C7720] ASSIGN server=19 time=13 type=P
[C7720] ASSIGN server=27 time=11 type=P
[C7723] NEW REQUEST queued time=15 type=P
[C7725] COMPLETE server=3
[C7726] NEW REQUEST queued time=13 type=P
[C7726] ASSIGN server=3 time=4 type=P
[C7729] COMPLETE server=3
[C7730] ASSIGN server=3 time=2 type=S
[C7730] COMPLETE server=27
[C7731] ASSIGN server=27 time=10 type=S
[C7731] COMPLETE server=3
[C7732] ASSIGN server=3 time=9 type=P
[C7732] COMPLETE server=19
[C7733] ASSIGN server=19 time=5 type=S
[C7734] NEW REQUEST queued time=2 type=P
[C7735] NEW REQUEST queued time=12 type=P
[C7736] NEW REQUEST queued time=6 type=P
[C7737] COMPLETE server=19
[C7738] NEW REQUEST queued time=9 type=S
[C7738] ASSIGN server=19 time=13 type=P
[C7740] COMPLETE server=3
[C7740] COMPLETE server=27
[C7741] ASSIGN server=3 time=11 type=S
[C7741] ASSIGN server=27 time=15 type=P
[C7743] NEW REQUEST queued time=14 type=P
[C7745] NEW REQUEST queued time=9 type=S
[C7750] COMPLETE server=19
[C7750] SNAPSHOT queue=162 servers=3 busy=2 cooldownLeft=0 completed=3118 rejected=13
[C7751] NEW REQUEST queued time=7 type=S
[C7751] ASSIGN server=19 time=4 type=S
[C7751] COMPLETE server=3
[C7752] ASSIGN server=3 time=13 type=S
[C7753] NEW REQUEST queued time=3 type=S
[C7754] COMPLETE server=19
[C7755] ASSIGN server=19 time=6 type=P
[C7755] COMPLETE server=27
[C7756] ASSIGN server=27 time=3 type=S
[C7758] COMPLETE server=27
[C7759] NEW REQUEST queued time=5 type=P
[C7759] ASSIGN server=27 time=15 type=P
[C7760] COMPLETE server=19
[C7761] ASSIGN server=19 time=6 type=P
[C7763] NEW REQUEST queued time=14 type=S
[C7764] COMPLETE server=3
[C7765] ASSIGN server=3 time=4 type=P
[C7766] COMPLETE server=19
[C7767] NEW REQUEST queued time=15 type=S
[C7767] ASSIGN server=19 time=14 type=P
[C7768] COMPLETE server=3
[C7769] ASSIGN server=3 time=4 type=S
[C7770] NEW REQUEST queued time=7 type=P
[C7771] NEW REQUEST queued time=10 type=S
[C7772] COMPLETE server=3
[C7773] ASSIGN server=3 time=3 type=S
[C7773] COMPLETE server=27
[C7774] NEW REQUEST queued time=13 type=P
[C7774] ASSIGN server=27 time=4 type=S
[C7775] NEW REQUEST queued time=2 type=S
[C7775] COMPLETE server=3
[C7776] ASSIGN server=3 time=12 type=P
[C7777] COMPLETE server=27
[C7778] ASSIGN server=27 time=8 type=P
[C7780] NEW REQUEST queued time=8 type=P
[C7780] COMPLETE server=19
[C7781] ASSIGN server=19 time=2 type=P
[C7782] NEW REQUEST queued time=13 type=S
[C7782] COMPLETE server=19
[C7783] ASSIGN server=19 time=7 type=S
[C7785] NEW REQUEST queued time=4 type=P
[C7785] COMPLETE server=27
[C7786] NEW REQUEST queued time=7 type=S
[C7786] ASSIGN server=27 time=12 type=S
[C7787] COMPLETE server=3
[C7788] ASSIGN server=3 time=10 type=S
[C7789] COMPLETE server=19
[C7790] NEW REQUEST queued time=9 type=P
[C7790] ASSIGN server=19 time=14 type=S
[C7791] NEW REQUEST queued time=8 type=S
[C7792] NEW REQUEST queued time=4 type=P
[C7797] COMPLETE server=3
[C7797] COMPLETE server=27
[C7798] NEW REQUEST queued time=7 type=S
[C7798] ASSIGN server=3 time=14 type=P
[C7798] ASSIGN server=27 time=8 type=S
[C7800] NEW REQUEST queued time=14 type=P
[C7800] SNAPSHOT queue=160 servers=3 busy=3 cooldownLeft=0 completed=3137 rejected=13
[C7803] COMPLETE server=19
[C7804] ASSIGN server=19 time=15 type=P
[C7805] COMPLETE server=27
[C7806] NEW REQUEST queued time=15 type=P
[C7806] ASSIGN server=27 time=6 type=P
[C7807] NEW REQUEST queued time=14 type=S
[C7808] NEW REQUEST queued time=9 type=P
[C7809] NEW REQUEST queued time=10 type=S
[C7811] COMPLETE server=3
[C7811] COMPLETE server=27
[C7812] NEW REQUEST queued time=4 type=S
[C7812] ASSIGN server=3 time=3 type=S
[C7812] ASSIGN server=27 time=2 type=S
[C7813] COMPLETE server=27
[C7814] ASSIGN server=27 time=2 type=S
[C7814] COMPLETE server=3
[C7815] NEW REQUEST queued time=12 type=S
[C7815] ASSIGN server=3 time=10 type=S
[C7815] COMPLETE server=27
[C7816] NEW REQUEST queued time=3 type=P
[C7816] ASSIGN server=27 time=12 type=S
[C7817] NEW REQUEST queued time=10 type=S
[C7818] NEW REQUEST queued time=2 type=S
[C7818] COMPLETE server=19
[C7819] ASSIGN server=19 time=10 type=P
[C7823] NEW REQUEST queued time=6 type=P
[C7824] COMPLETE server=3
[C7825] ASSIGN server=3 time=4 type=P
[C7826] NEW REQUEST queued time=5 type=S
[C7827] NEW REQUEST queued time=8 type=P
[C7827] COMPLETE server=27
[C7828] ASSIGN server=27 time=15 type=P
[C7828] COMPLETE server=3
[C7828] COMPLETE server=19
[C7829] ASSIGN server=3 time=4 type=P
[C7829] ASSIGN server=19 time=9 type=P
[C7831] NEW REQUEST queued time=2 type=S
[C7832] COMPLETE server=3
[C7833] ASSIGN server=3 time=2 type=S
[C7834] COMPLETE server=3
[C7835] ASSIGN server=3 time=10 type=P
[C7837] COMPLETE server=19
[C7838] NEW REQUEST queued time=15 type=P
[C7838] ASSIGN server=19 time=15 type=P
[C7839] NEW REQUEST queued time=14 type=S
[C7840] NEW REQUEST queued time=13 type=P
[C7841] NEW REQUEST queued time=12 type=S
[C7842] NEW REQUEST queued time=14 type=P
[C7842] COMPLETE server=27
[C7843] ASSIGN server=27 time=2 type=P
[C7844] COMPLETE server=3
[C7844] COMPLETE server=27
[C7845] ASSIGN server=3 time=6 type=P
[C7845] ASSIGN server=27 time=7 type=S
[C7848] NEW REQUEST queued time=9 type=S
[C7850] COMPLETE server=3
[C7850] SNAPSHOT queue=161 servers=3 busy=2 cooldownLeft=0 completed=3156 rejected=13
[C7851] NEW REQUEST queued time=5 type=S
[C7851] ASSIGN server=3 time=12 type=P
[C7851] COMPLETE server=27
[C7852] ASSIGN server=27 time=7 type=S
[C7852] COMPLETE server=19
[C7853] NEW REQUEST queued time=12 type=P
[C7853] ASSIGN server=19 time=13 type=S
[C7854] NEW REQUEST queued time=15 type=P
[C7858] NEW REQUEST queued time=8 type=S
[C7858] COMPLETE server=27
[C7859] ASSIGN server=27 time=15 type=P
[C7860] NEW REQUEST queued time=6 type=S
[C7862] NEW REQUEST queued time=13 type=S
[C7862] COMPLETE server=3
[C7863] ASSIGN server=3 time=15 type=P
[C7864] NEW REQUEST queued time=8 type=S
[C7865] COMPLETE server=19
[C7866] NEW REQUEST queued time=9 type=P
[C7866] ASSIGN server=19 time=14 type=P
[C7868] NEW REQUEST queued time=15 type=S
[C7871] NEW REQUEST queued time=5 type=P
[C7873] COMPLETE server=27
[C7874] ASSIGN server=27 time=5 type=P
[C7877] COMPLETE server=3
[C7878] ASSIGN server=3 time=5 type=S
[C7878] COMPLETE server=27
[C7879] ASSIGN server=27 time=3 type=S
[C7879] COMPLETE server=19
[C7880] ASSIGN server=19 time=9 type=S
[C7881] COMPLETE server=27
[C7882] NEW REQUEST queued time=4 type=S
[C7882] ASSIGN server=27 time=10 type=P
[C7882] COMPLETE server=3
[C7883] ASSIGN server=3 time=15 type=P
[C7884] NEW REQUEST queued time=7 type=S
[C7888] NEW REQUEST queued time=6 type=S
[C7888] COMPLETE server=19
[C7889] ASSIGN server=19 time=15 type=S
[C7891] COMPLETE server=27
[C7892] NEW REQUEST queued time=13 type=P
[C7892] ASSIGN server=27 time=11 type=P
[C7893] NEW REQUEST queued time=12 type=S
[C7894] NEW REQUEST queued time=2 type=P
[C7895] NEW REQUEST queued time=14 type=P
[C7897] COMPLETE server=3
[C7898] ASSIGN server=3 time=3 type=P
[C7900] NEW REQUEST queued time=13 type=S
[C7900] COMPLETE server=3
[C7900] SNAPSHOT queue=164 servers=3 busy=2 cooldownLeft=0 completed=3171 rejected=13
[C7901] ASSIGN server=3 time=7 type=P
[C7902] NEW REQUEST queued time=15 type=S
[C7902] COMPLETE server=27
[C7903] ASSIGN server=27 time=8 type=S
[C7903] COMPLETE server=19
[C7904] NEW REQUEST queued time=5 type=S
[C7904] ASSIGN server=19 time=8 type=P
[C7907] COMPLETE server=3
[C7908] NEW REQUEST queued time=10 type=S
[C7908] ASSIGN server=3 time=10 type=P
[C7910] COMPLETE server=27
[C7911] ASSIGN server=27 time=8 type=S
[C7911] COMPLETE server=19
[C7912] NEW REQUEST queued time=7 type=S
[C7912] ASSIGN server=19 time=10 type=P
[C7913] NEW REQUEST queued time=11 type=P
[C7914] NEW REQUEST queued time=5 type=P
[C7917] COMPLETE server=3
[C7918] ASSIGN server=3 time=9 type=P
[C7918] COMPLETE server=27
[C7919] ASSIGN server=27 time=5 type=P
[C7921] COMPLETE server=19
[C7922] NEW REQUEST queued time=9 type=P
[C7922] ASSIGN server=19 time=6 type=P
[C7923] NEW REQUEST queued time=13 type=P
[C7923] COMPLETE server=27
[C7924] ASSIGN server=27 time=3 type=S
[C7926] COMPLETE server=3
[C7926] COMPLETE server=27
[C7927] ASSIGN server=3 time=2 type=P
[C7927] ASSIGN server=27 time=8 type=P
[C7927] COMPLETE server=19
[C7928] NEW REQUEST queued time=8 type=S
[C7928] ASSIGN server=19 time=4 type=S
[C7928] COMPLETE server=3
[C7929] ASSIGN server=3 time=4 type=S
[C7931] NEW REQUEST queued time=4 type=P
[C7931] COMPLETE server=19
[C7932] NEW REQUEST queued time=10 type=S
[C7932] ASSIGN server=19 time=12 type=P
[C7932] COMPLETE server=3
[C7933] ASSIGN server=3 time=12 type=S
[C7934] NEW REQUEST queued time=8 type=P
[C7934] COMPLETE server=27
[C7935] ASSIGN server=27 time=11 type=P
[C7937] NEW REQUEST queued time=5 type=S
[C7939] NEW REQUEST queued time=15 type=S
[C7941] NEW REQUEST queued time=9 type=S
[C7943] COMPLETE server=19
[C7944] NEW REQUEST queued time=10 type=P
[C7944] ASSIGN server=19 time=5 type=P
[C7944] COMPLETE server=3
[C7945] ASSIGN server=3 time=7 type=P
[C7945] COMPLETE server=27
[C7946] ASSIGN server=27 time=7 type=P
[C7948] COMPLETE server=19
[C7949] ASSIGN server=19 time=5 type=S
[C7950] SNAPSHOT queue=159 servers=3 busy=3 cooldownLeft=0 completed=3191 rejected=13
[C7951] COMPLETE server=3
[C7952] ASSIGN server=3 time=12 type=S
[C7952] COMPLETE server=27
[C7953] NEW REQUEST queued time=7 type=S
[C7953] ASSIGN server=27 time=8 type=S
[C7953] COMPLETE server=19
[C7954] ASSIGN server=19 time=9 type=P
[C7957] NEW REQUEST queued time=15 type=P
[C7960] COMPLETE server=27
[C7961] NEW REQUEST queued time=15 type=S
[C7961] ASSIGN server=27 time=12 type=S
[C7962] COMPLETE server=19
[C7963] ASSIGN server=19 time=11 type=S
[C7963] COMPLETE server=3
[C7964] ASSIGN server=3 time=7 type=P
[C7965] NEW REQUEST queued time=2 type=P
[C7970] COMPLETE server=3
[C7971] ASSIGN server=3 time=8 type=S
[C7972] NEW REQUEST queued time=15 type=S
[C7972] COMPLETE server=27
[C7973] NEW REQUEST queued time=12 type=P
[C7973] ASSIGN server=27 time=12 type=P
[C7973] COMPLETE server=19
[C7974] ASSIGN server=19 time=12 type=P
[C7978] COMPLETE server=3
[C7979] NEW REQUEST queued time=13 type=P
[C7979] ASSIGN server=3 time=14 type=P
[C7981] NEW REQUEST queued time=12 type=P
[C7984] NEW REQUEST queued time=6 type=P
[C7984] COMPLETE server=27
[C7985] NEW REQUEST queued time=2 type=P
[C7985] ASSIGN server=27 time=7 type=P
[C7985] COMPLETE server=19
[C7986] ASSIGN server=19 time=4 type=S
[C7989] COMPLETE server=19
[C7990] ASSIGN server=19 time=8 type=P
[C7991] COMPLETE server=27
[C7992] NEW REQUEST queued time=4 type=S
[C7992] ASSIGN server=27 time=11 type=S
[C7992] COMPLETE server=3
[C7993] ASSIGN server=3 time=4 type=S
[C7994] NEW REQUEST queued time=7 type=P
[C7995] NEW REQUEST queued time=15 type=S
[C7996] NEW REQUEST queued time=13 type=S
[C7996] COMPLETE server=3
[C7997] NEW REQUEST queued time=15 type=S
[C7997] ASSIGN server=3 time=5 type=P
[C7997] COMPLETE server=19
[C7998] ASSIGN server=19 time=8 type=P
[C8000] SNAPSHOT queue=157 servers=3 busy=3 cooldownLeft=0 completed=3208 rejected=13
[C8001] NEW REQUEST queued time=7 type=S
[C8001] COMPLETE server=3
[C8002] ASSIGN server=3 time=13 type=P
[C8002] COMPLETE server=27
[C8003] NEW REQUEST queued time=9 type=S
[C8003] ASSIGN server=27 time=10 type=P
[C8004] NEW REQUEST queued time=5 type=P
[C8005] COMPLETE server=19
[C8006] ASSIGN server=19 time=5 type=S
[C8008] NEW REQUEST queued time=6 type=S
[C8009] NEW REQUEST queued time=9 type=P
[C8010] COMPLETE server=19
[C8011] ASSIGN server=19 time=7 type=P
[C8012] NEW REQUEST queued time=7 type=S
[C8012] COMPLETE server=27
[C8013] ASSIGN server=27 time=3 type=P
[C8014] NEW REQUEST queued time=15 type=P
[C8014] COMPLETE server=3
[C8015] ASSIGN server=3 time=4 type=P
[C8015] COMPLETE server=27
[C8016] NEW REQUEST queued time=10 type=S
[C8016] ASSIGN server=27 time=14 type=P
[C8017] COMPLETE server=19
[C8018] NEW REQUEST queued time=4 type=P
[C8018] ASSIGN server=19 time=14 type=P
[C8018] COMPLETE server=3
[C8019] NEW REQUEST queued time=14 type=P
[C8019] ASSIGN server=3 time=7 type=P
[C8021] NEW REQUEST queued time=13 type=S
[C8023] NEW REQUEST queued time=8 type=S
[C8024] NEW REQUEST queued time=7 type=P
[C8025] COMPLETE server=3
[C8026] NEW REQUEST queued time=3 type=S
[C8026] ASSIGN server=3 time=8 type=S
[C8029] COMPLETE server=27
[C8030] ASSIGN server=27 time=11 type=S
[C8031] COMPLETE server=19
[C8032] ASSIGN server=19 time=7 type=S
[C8033] COMPLETE server=3
[C8034] ASSIGN server=3 time=9 type=P
[C8038] COMPLETE server=19
[C8039] ASSIGN server=19 time=7 type=S
[C8040] COMPLETE server=27
[C8041] ASSIGN server=27 time=12 type=P
[C8042] COMPLETE server=3
[C8043] NEW REQUEST queued time=15 type=S
[C8043] ASSIGN server=3 time=15 type=P
[C8044] NEW REQUEST queued time=5 type=P
[C8045] COMPLETE server=19
[C8046] ASSIGN server=19 time=9 type=S
[C8048] NEW REQUEST queued time=5 type=S
[C8050] SNAPSHOT queue=157 servers=3 busy=3 cooldownLeft=0 completed=3225 rejected=13
[C8052] COMPLETE server=27
[C8053] ASSIGN server=27 time=10 type=S
[C8054] COMPLETE server=19
[C8055] ASSIGN server=19 time=5 type=P
[C8056] NEW REQUEST queued time=13 type=S
[C8057] NEW REQUEST queued time=6 type=S
[C8057] COMPLETE server=3
[C8058] NEW REQUEST queued time=15 type=P
[C8058] ASSIGN server=3 time=11 type=P
[C8059] COMPLETE server=19
[C8060] NEW REQUEST queued time=3 type=S
[C8060] ASSIGN server=19 time=3 type=P
[C8062] NEW REQUEST queued time=12 type=P
[C8062] COMPLETE server=19
[C8062] COMPLETE server=27
[C8063] ASSIGN server=19 time=9 type=S
[C8063] ASSIGN server=27 time=9 type=P
[C8068] COMPLETE server=3
[C8069] ASSIGN server=3 time=15 type=S
[C8071] COMPLETE server=19
[C8071] COMPLETE server=27
[C8072] ASSIGN server=19 time=7 type=P
[C8072] ASSIGN server=27 time=7 type=S
[C8075] NEW REQUEST queued time=8 type=S
[C8076] NEW REQUEST queued time=12 type=S
[C8078] COMPLETE server=19
[C8078] COMPLETE server=27
[C8079] NEW REQUEST queued time=15 type=P
[C8079] ASSIGN server=19 time=10 type=P
[C8079] ASSIGN server=27 time=14 type=P
[C8080] NEW REQUEST queued time=7 type=S
[C8082] NEW REQUEST queued time=6 type=S
[C8083] COMPLETE server=3
[C8084] NEW REQUEST queued time=15 type=S
[C8084] ASSIGN server=3 time=4 type=S
[C8087] COMPLETE server=3
[C8088] ASSIGN server=3 time=14 type=P
[C8088] COMPLETE server=19
[C8089] ASSIGN server=19 time=7 type=P
[C8090] NEW REQUEST queued time=15 type=P
[C8092] NEW REQUEST queued time=11 type=S
[C8092] COMPLETE server=27
[C8093] ASSIGN server=27 time=8 type=P
[C8095] COMPLETE server=19
[C8096] NEW REQUEST queued time=13 type=S
[C8096] ASSIGN server=19 time=4 type=P
[C8099] COMPLETE server=19
[C8100] NEW REQUEST queued time=9 type=P
[C8100] ASSIGN server=19 time=4 type=P
[C8100] COMPLETE server=27
[C8100] SNAPSHOT queue=155 servers=3 busy=2 cooldownLeft=0 completed=3243 rejected=13
[C8101] ASSIGN server=27 time=7 type=S
[C8101] COMPLETE server=3
[C8102] NEW REQUEST queued time=4 type=P
[C8102] ASSIGN server=3 time=6 type=S
[C8103] NEW REQUEST queued time=14 type=P
[C8103] COMPLETE server=19
[C8104] ASSIGN server=19 time=12 type=S
[C8105] NEW REQUEST queued time=3 type=S
[C8106] NEW REQUEST queued time=10 type=S
[C8107] COMPLETE server=3
[C8107] COMPLETE server=27
[C8108] ASSIGN server=3 time=4 type=P
[C8108] ASSIGN server=27 time=4 type=P
[C8110] NEW REQUEST queued time=5 type=P
[C8111] COMPLETE server=3
[C8111] COMPLETE server=27
[C8112] ASSIGN server=3 time=7 type=P
[C8112] ASSIGN server=27 time=7 type=S
[C8115] NEW REQUEST queued time=11 type=P
[C8115] COMPLETE server=19
[C8116] ASSIGN server=19 time=12 type=S
[C8117] NEW REQUEST queued time=15 type=S
[C8118] NEW REQUEST queued time=4 type=P
[C8118] COMPLETE server=3
[C8118] COMPLETE server=27
[C8119] ASSIGN server=3 time=10 type=P
[C8119] ASSIGN server=27 time=12 type=P
[C8120] NEW REQUEST queued time=10 type=S
[C8122] NEW REQUEST queued time=5 type=P
[C8126] NEW REQUEST queued time=4 type=S
[C8127] COMPLETE server=19
[C8128] NEW REQUEST queued time=12 type=P
[C8128] ASSIGN server=19 time=5 type=P
[C8128] COMPLETE server=3
[C8129] ASSIGN server=3 time=2 type=S
[C8130] COMPLETE server=3
[C8130] COMPLETE server=27
[C8131] ASSIGN server=3 time=5 type=S
[C8131] ASSIGN server=27 time=9 type=S
[C8132] COMPLETE server=19
[C8133] ASSIGN server=19 time=10 type=S
[C8134] NEW REQUEST queued time=11 type=S
[C8135] COMPLETE server=3
[C8136] ASSIGN server=3 time=13 type=S
[C8139] COMPLETE server=27
[C8140] ASSIGN server=27 time=6 type=P
[C8142] COMPLETE server=19
[C8143] ASSIGN server=19 time=4 type=P
[C8144] NEW REQUEST queued time=7 type=S
[C8145] NEW REQUEST queued time=8 type=P
[C8145] COMPLETE server=27
[C8146] ASSIGN server=27 time=12 type=P
[C8146] COMPLETE server=19
[C8147] ASSIGN server=19 time=7 type=S
[C8148] COMPLETE server=3
[C8149] ASSIGN server=3 time=9 type=P
[C8149] SCALE DOWN removed=27 -> servers=2 cooldown=25
[C8150] NEW REQUEST queued time=4 type=P
[C8150] SNAPSHOT queue=150 servers=2 busy=2 cooldownLeft=24 completed=3263 rejected=13
[C8151] NEW REQUEST queued time=9 type=P
[C8153] NEW REQUEST queued time=11 type=S
[C8153] COMPLETE server=19
[C8154] NEW REQUEST queued time=10 type=P
[C8154] ASSIGN server=19 time=8 type=S
[C8155] NEW REQUEST queued time=14 type=S
[C8157] COMPLETE server=3
[C8158] NEW REQUEST queued time=11 type=S
[C8158] ASSIGN server=3 time=3 type=S
[C8160] COMPLETE server=3
[C8161] ASSIGN server=3 time=10 type=S
[C8161] COMPLETE server=19
[C8162] ASSIGN server=19 time=11 type=P
[C8163] NEW REQUEST queued time=14 type=S
[C8167] NEW REQUEST queued time=2 type=P
[C8170] NEW REQUEST queued time=13 type=S
[C8170] COMPLETE server=3
[C8171] NEW REQUEST queued time=10 type=S
[C8171] ASSIGN server=3 time=4 type=P
[C8172] NEW REQUEST queued time=3 type=P
[C8172] COMPLETE server=19
[C8173] NEW REQUEST queued time=7 type=P
[C8173] ASSIGN server=19 time=12 type=S
[C8174] NEW REQUEST queued time=5 type=S
[C8174] COMPLETE server=3
[C8175] NEW REQUEST queued time=8 type=S
[C8175] ASSIGN server=3 time=5 type=S
[C8178] NEW REQUEST queued time=9 type=P
[C8179] NEW REQUEST queued time=10 type=S
[C8179] COMPLETE server=3
[C8180] ASSIGN server=3 time=7 type=P
[C8184] COMPLETE server=19
[C8185] NEW REQUEST queued time=14 type=P
[C8185] ASSIGN server=19 time=15 type=P
[C8186] NEW REQUEST queued time=6 type=P
[C8186] COMPLETE server=3
[C8187] ASSIGN server=3 time=13 type=P
[C8188] NEW REQUEST queued time=9 type=P
[C8190] NEW REQUEST queued time=9 type=S
[C8197] NEW REQUEST queued time=5 type=S
[C8199] NEW REQUEST queued time=6 type=S
[C8199] COMPLETE server=3
[C8199] COMPLETE server=19
[C8199] SCALE UP -> servers=3 cooldown=25
[C8200] NEW REQUEST queued time=10 type=P
[C8200] ASSIGN server=3 time=2 type=P
[C8200] ASSIGN server=19 time=12 type=P
[C8200] ASSIGN server=28 time=6 type=P
[C8200] SNAPSHOT queue=159 servers=3 busy=3 cooldownLeft=24 completed=3275 rejected=13
[C8201] NEW REQUEST queued time=9 type=S
[C8201] COMPLETE server=3
[C8202] ASSIGN server=3 time=9 type=S
[C8205] NEW REQUEST queued time=15 type=S
[C8205] COMPLETE server=28
[C8206] ASSIGN server=28 time=14 type=P
[C8207] NEW REQUEST queued time=4 type=P
[C8208] NEW REQUEST queued time=11 type=P
[C8209] NEW REQUEST queued time=10 type=S
[C8210] NEW REQUEST queued time=15 type=S
[C8210] COMPLETE server=3
[C8211] ASSIGN server=3 time=9 type=S
[C8211] COMPLETE server=19
[C8212] ASSIGN server=19 time=7 type=S
[C8213] NEW REQUEST queued time=4 type=S
[C8216] NEW REQUEST queued time=11 type=P
[C8217] NEW REQUEST queued time=6 type=P
[C8218] NEW REQUEST queued time=11 type=P
[C8218] COMPLETE server=19
[C8219] ASSIGN server=19 time=3 type=S
[C8219] COMPLETE server=3
[C8219] COMPLETE server=28
[C8220] ASSIGN server=3 time=5 type=P
[C8220] ASSIGN server=28 time=14 type=S
[C8221] COMPLETE server=19
[C8222] ASSIGN server=19 time=15 type=S
[C8224] COMPLETE server=3
[C8225] NEW REQUEST queued time=3 type=P
[C8225] ASSIGN server=3 time=7 type=P
[C8227] NEW REQUEST queued time=10 type=S
[C8228] NEW REQUEST queued time=5 type=P
[C8231] COMPLETE server=3
[C8232] ASSIGN server=3 time=10 type=S
[C8233] COMPLETE server=28
[C8234] ASSIGN server=28 time=13 type=P
[C8235] NEW REQUEST queued time=3 type=P
[C8236] COMPLETE server=19
[C8237] ASSIGN server=19 time=2 type=S
[C8238] COMPLETE server=19
[C8239] ASSIGN server=19 time=8 type=P
[C8241] COMPLETE server=3
[C8242] NEW REQUEST queued time=4 type=P
[C8242] ASSIGN server=3 time=13 type=S
[C8246] NEW REQUEST queued time=11 type=P
[C8246] COMPLETE server=19
[C8246] COMPLETE server=28
[C8247] ASSIGN server=19 time=4 type=P
[C8247] ASSIGN server=28 time=7 type=S
[C8250] COMPLETE server=19
[C8250] SNAPSHOT queue=159 servers=3 busy=2 cooldownLeft=0 completed=3292 rejected=13
[C8251] ASSIGN server=19 time=9 type=P
[C8252] NEW REQUEST queued time=4 type=P
[C8253] COMPLETE server=28
[C8254] NEW REQUEST queued time=6 type=P
[C8254] ASSIGN server=28 time=8 type=S
[C8254] COMPLETE server=3
[C8255] ASSIGN server=3 time=4 type=P
[C8256] NEW REQUEST queued time=3 type=P
[C8257] NEW REQUEST queued time=2 type=S
[C8258] COMPLETE server=3
[C8259] ASSIGN server=3 time=7 type=S
[C8259] COMPLETE server=19
[C8260] ASSIGN server=19 time=14 type=P
[C8261] COMPLETE server=28
[C8262] NEW REQUEST queued time=15 type=P
[C8262] ASSIGN server=28 time=15 type=P
[C8263] NEW REQUEST queued time=8 type=P
[C8265] COMPLETE server=3
[C8266] NEW REQUEST queued time=9 type=S
[C8266] ASSIGN server=3 time=14 type=S
[C8273] COMPLETE server=19
[C8274] ASSIGN server=19 time=9 type=P
[C8275] NEW REQUEST queued time=9 type=S
[C8276] NEW REQUEST queued time=5 type=P
[C8276] COMPLETE server=28
[C8277] ASSIGN server=28 time=10 type=S
[C8279] COMPLETE server=3
[C8280] ASSIGN server=3 time=4 type=S
[C8282] COMPLETE server=19
[C8283] ASSIGN server=19 time=12 type=S
[C8283] COMPLETE server=3
[C8284] ASSIGN server=3 time=3 type=P
[C8286] COMPLETE server=3
[C8286] COMPLETE server=28
[C8287] NEW REQUEST queued time=5 type=P
[C8287] ASSIGN server=3 time=10 type=S
[C8287] ASSIGN server=28 time=2 type=S
[C8288] NEW REQUEST queued time=5 type=S
[C8288] COMPLETE server=28
[C8289] ASSIGN server=28 time=6 type=P
[C8291] NEW REQUEST queued time=7 type=P
[C8292] NEW REQUEST queued time=9 type=P
[C8294] COMPLETE server=19
[C8294] COMPLETE server=28
[C8295] NEW REQUEST queued time=12 type=P
[C8295] ASSIGN server=19 time=5 type=S
[C8295] ASSIGN server=28 time=8 type=P
[C8296] COMPLETE server=3
[C8297] ASSIGN server=3 time=2 type=S
[C8298] COMPLETE server=3
[C8299] ASSIGN server=3 time=15 type=P
[C8299] COMPLETE server=19
[C8300] ASSIGN server=19 time=14 type=S
[C8300] SNAPSHOT queue=153 servers=3 busy=3 cooldownLeft=0 completed=3311 rejected=13
[C8302] COMPLETE server=28
[C8303] ASSIGN server=28 time=13 type=P
[C8305] NEW REQUEST queued time=11 type=S
[C8307] NEW REQUEST queued time=9 type=P
[C8308] NEW REQUEST queued time=5 type=P
[C8309] NEW REQUEST queued time=15 type=P
[C8310] NEW REQUEST queued time=11 type=P
[C8313] NEW REQUEST queued time=8 type=S
[C8313] COMPLETE server=3
[C8313] COMPLETE server=19
[C8314] NEW REQUEST queued time=13 type=P
[C8314] ASSIGN server=3 time=12 type=S
[C8314] ASSIGN server=19 time=14 type=P
[C8315] COMPLETE server=28
[C8316] ASSIGN server=28 time=9 type=S
[C8324] COMPLETE server=28
[C8325] ASSIGN server=28 time=5 type=S
[C8325] COMPLETE server=3
[C8326] ASSIGN server=3 time=12 type=P
[C8327] COMPLETE server=19
[C8328] ASSIGN server=19 time=15 type=P
[C8329] NEW REQUEST queued time=7 type=S
[C8329] COMPLETE server=28
[C8330] ASSIGN server=28 time=8 type=S
[C8331] NEW REQUEST queued time=8 type=P
[C8335] NEW REQUEST queued time=8 type=P
[C8337] COMPLETE server=3
[C8337] COMPLETE server=28
[C8338] ASSIGN server=3 time=6 type=S
[C8338] ASSIGN server=28 time=13 type=S
[C8341] NEW REQUEST queued time=11 type=P
[C8342] COMPLETE server=19
[C8343] ASSIGN server=19 time=8 type=S
[C8343] COMPLETE server=3
[C8344] ASSIGN server=3 time=9 type=P
[C8346] NEW REQUEST queued time=14 type=S
[C8349] NEW REQUEST queued time=6 type=P
[C8350] COMPLETE server=19
[C8350] COMPLETE server=28
[C8350] SNAPSHOT queue=154 servers=3 busy=1 cooldownLeft=0 completed=3325 rejected=13
[C8351] ASSIGN server=19 time=15 type=S
[C8351] ASSIGN server=28 time=5 type=P
[C8352] COMPLETE server=3
[C8353] NEW REQUEST queued time=4 type=P
[C8353] ASSIGN server=3 time=4 type=S
[C8355] COMPLETE server=28
[C8356] ASSIGN server=28 time=7 type=S
[C8356] COMPLETE server=3
[C8357] ASSIGN server=3 time=6 type=S
[C8359] NEW REQUEST queued time=13 type=P
[C8361] NEW REQUEST queued time=4 type=P
[C8362] COMPLETE server=3
[C8362] COMPLETE server=28
[C8363] ASSIGN server=3 time=13 type=P
[C8363] ASSIGN server=28 time=12 type=S
[C8365] COMPLETE server=19
[C8366] ASSIGN server=19 time=2 type=P
[C8366] SCALE DOWN removed=28 -> servers=2 cooldown=25
[C8367] COMPLETE server=19
[C8368] ASSIGN server=19 time=14 type=P
[C8375] COMPLETE server=3
[C8376] NEW REQUEST queued time=7 type=P
[C8376] ASSIGN server=3 time=13 type=S
[C8381] COMPLETE server=19
[C8382] NEW REQUEST queued time=12 type=S
[C8382] ASSIGN server=19 time=15 type=S
[C8384] NEW REQUEST queued time=9 type=P
[C8386] NEW REQUEST queued time=15 type=P
[C8387] NEW REQUEST queued time=11 type=S
[C8388] COMPLETE server=3
[C8389] NEW REQUEST queued time=15 type=S
[C8389] ASSIGN server=3 time=5 type=S
[C8390] NEW REQUEST queued time=2 type=P
[C8391] NEW REQUEST queued time=5 type=S
[C8392] NEW REQUEST queued time=10 type=S
[C8393] NEW REQUEST queued time=8 type=S
[C8393] COMPLETE server=3
[C8394] ASSIGN server=3 time=10 type=S
[C8396] COMPLETE server=19
[C8397] ASSIGN server=19 time=7 type=S
[C8398] NEW REQUEST queued time=8 type=S
[C8400] SNAPSHOT queue=154 servers=2 busy=2 cooldownLeft=0 completed=3337 rejected=13
[C8403] COMPLETE server=3
[C8403] COMPLETE server=19
[C8404] ASSIGN server=3 time=11 type=P
[C8404] ASSIGN server=19 time=5 type=P
[C8408] NEW REQUEST queued time=13 type=P
[C8408] COMPLETE server=19
[C8409] ASSIGN server=19 time=9 type=P
[C8414] COMPLETE server=3
[C8415] ASSIGN server=3 time=13 type=P
[C8417] COMPLETE server=19
[C8418] NEW REQUEST queued time=15 type=S
[C8418] ASSIGN server=19 time=8 type=S
[C8419] NEW REQUEST queued time=2 type=S
[C8421] NEW REQUEST queued time=14 type=P
[C8422] NEW REQUEST queued time=8 type=S
[C8424] NEW REQUEST queued time=9 type=P
[C8425] COMPLETE server=19
[C8426] ASSIGN server=19 time=4 type=P
[C8427] COMPLETE server=3
[C8428] ASSIGN server=3 time=10 type=S
[C8429] NEW REQUEST queued time=9 type=S
[C8429] COMPLETE server=19
[C8430] NEW REQUEST queued time=10 type=P
[C8430] ASSIGN server=19 time=8 type=P
[C8431] NEW REQUEST queued time=6 type=S
[C8434] NEW REQUEST queued time=10 type=P
[C8437] COMPLETE server=3
[C8437] COMPLETE server=19
[C8438] ASSIGN server=3 time=5 type=S
[C8438] ASSIGN server=19 time=15 type=S
[C8440] NEW REQUEST queued time=3 type=S
[C8442] COMPLETE server=3
[C8443] ASSIGN server=3 time=9 type=S
[C8444] NEW REQUEST queued time=13 type=S
[C8448] NEW REQUEST queued time=14 type=S
[C8450] NEW REQUEST queued time=13 type=P
[C8450] SNAPSHOT queue=157 servers=2 busy=2 cooldownLeft=0 completed=3348 rejected=13
[C8451] COMPLETE server=3
[C8452] ASSIGN server=3 time=10 type=P
[C8452] COMPLETE server=19
[C8453] NEW REQUEST queued time=10 type=P
[C8453] ASSIGN server=19 time=7 type=S
[C8459] COMPLETE server=19
[C8460] ASSIGN server=19 time=15 type=P
[C8461] NEW REQUEST queued time=12 type=S
[C8461] COMPLETE server=3
[C8462] NEW REQUEST queued time=3 type=S
[C8462] ASSIGN server=3 time=15 type=S
[C8464] NEW REQUEST queued time=2 type=S
[C8465] NEW REQUEST queued time=11 type=P
[C8467] NEW REQUEST queued time=3 type=S
[C8470] NEW REQUEST queued time=9 type=P
[C8474] COMPLETE server=19
[C8475] ASSIGN server=19 time=2 type=P
[C8476] COMPLETE server=3
[C8476] COMPLETE server=19
[C8477] NEW REQUEST queued time=4 type=S
[C8477] ASSIGN server=3 time=15 type=S
[C8477] ASSIGN server=19 time=12 type=P
[C8480] NEW REQUEST queued time=3 type=S
[C8482] NEW REQUEST queued time=7 type=S
[C8483] NEW REQUEST queued time=11 type=S
[C8483] SCALE UP -> servers=3 cooldown=25
[C8484] NEW REQUEST queued time=8 type=S
[C8484] ASSIGN server=29 time=13 type=P
[C8486] NEW REQUEST queued time=11 type=P
[C8488] COMPLETE server=19
[C8489] ASSIGN server=19 time=12 type=P
[C8490] NEW REQUEST queued time=3 type=P
[C8491] COMPLETE server=3
[C8492] ASSIGN server=3 time=6 type=P
[C8494] NEW REQUEST queued time=5 type=P
[C8496] COMPLETE server=29
[C8497] ASSIGN server=29 time=2 type=P
[C8497] COMPLETE server=3
[C8498] NEW REQUEST queued time=11 type=P
[C8498] ASSIGN server=3 time=4 type=S
[C8498] COMPLETE server=29
[C8499] ASSIGN server=29 time=7 type=P
[C8500] NEW REQUEST queued time=12 type=S
[C8500] COMPLETE server=19
[C8500] SNAPSHOT queue=161 servers=3 busy=2 cooldownLeft=8 completed=3361 rejected=13
[C8501] ASSIGN server=19 time=15 type=S
[C8501] COMPLETE server=3
[C8502] ASSIGN server=3 time=13 type=S
[C8503] NEW REQUEST queued time=14 type=S
[C8504] NEW REQUEST queued time=5 type=S
[C8505] COMPLETE server=29
[C8506] ASSIGN server=29 time=15 type=S
[C8509] NEW REQUEST queued time=12 type=S
[C8514] COMPLETE server=3
[C8515] ASSIGN server=3 time=7 type=S
[C8515] COMPLETE server=19
[C8516] NEW REQUEST queued time=3 type=P
[C8516] ASSIGN server=19 time=9 type=S
[C8518] NEW REQUEST queued time=9 type=P
[C8519] NEW REQUEST queued time=7 type=S
[C8520] COMPLETE server=29
[C8521] ASSIGN server=29 time=5 type=P
[C8521] COMPLETE server=3
[C8522] ASSIGN server=3 time=6 type=S
[C8523] NEW REQUEST queued time=3 type=P
[C8524] COMPLETE server=19
[C8525] ASSIGN server=19 time=9 type=P
[C8525] COMPLETE server=29
[C8526] ASSIGN server=29 time=7 type=S
[C8527] COMPLETE server=3
[C8528] NEW REQUEST queued time=3 type=S
[C8528] ASSIGN server=3 time=15 type=P
[C8532] NEW REQUEST queued time=2 type=P
[C8532] COMPLETE server=29
[C8533] ASSIGN server=29 time=10 type=S
[C8533] COMPLETE server=19
[C8534] ASSIGN server=19 time=4 type=P
[C8535] NEW REQUEST queued time=8 type=S
[C8536] NEW REQUEST queued time=7 type=P
[C8537] NEW REQUEST queued time=5 type=S
[C8537] COMPLETE server=19
[C8538] NEW REQUEST queued time=3 type=P
[C8538] ASSIGN server=19 time=14 type=P
[C8539] NEW REQUEST queued time=12 type=S
[C8540] NEW REQUEST queued time=8 type=S
[C8541] NEW REQUEST queued time=8 type=P
[C8542] NEW REQUEST queued time=2 type=S
[C8542] COMPLETE server=3
[C8542] COMPLETE server=29
[C8543] ASSIGN server=3 time=13 type=S
[C8543] ASSIGN server=29 time=8 type=S
[C8545] NEW REQUEST queued time=15 type=P
[C8548] NEW REQUEST queued time=12 type=S
[C8549] NEW REQUEST queued time=7 type=S
[C8550] NEW REQUEST queued time=10 type=P
[C8550] COMPLETE server=29
[C8550] SNAPSHOT queue=167 servers=3 busy=2 cooldownLeft=0 completed=3376 rejected=13
[C8551] ASSIGN server=29 time=7 type=P
[C8551] COMPLETE server=19
[C8552] ASSIGN server=19 time=3 type=S
[C8554] NEW REQUEST queued time=4 type=S
[C8554] COMPLETE server=19
[C8555] ASSIGN server=19 time=15 type=S
[C8555] COMPLETE server=3
[C8556] ASSIGN server=3 time=5 type=P
[C8557] COMPLETE server=29
[C8558] ASSIGN server=29 time=5 type=S
[C8560] COMPLETE server=3
[C8561] ASSIGN server=3 time=13 type=S
[C8562] NEW REQUEST queued time=5 type=P
[C8562] COMPLETE server=29
[C8563] ASSIGN server=29 time=6 type=S
[C8564] NEW REQUEST queued time=7 type=P
[C8565] NEW REQUEST queued time=6 type=S
[C8568] NEW REQUEST queued time=14 type=P
[C8568] COMPLETE server=29
[C8569] ASSIGN server=29 time=15 type=P
[C8569] COMPLETE server=19
[C8570] ASSIGN server=19 time=3 type=S
[C8571] NEW REQUEST queued time=7 type=S
[C8572] COMPLETE server=19
[C8573] ASSIGN server=19 time=12 type=P
[C8573] COMPLETE server=3
[C8574] ASSIGN server=3 time=8 type=S
[C8575] NEW REQUEST queued time=3 type=S
[C8576] NEW REQUEST queued time=9 type=P
[C8579] NEW REQUEST queued time=5 type=S
[C8581] COMPLETE server=3
[C8582] ASSIGN server=3 time=12 type=S
[C8583] NEW REQUEST queued time=9 type=P
[C8583] COMPLETE server=29
[C8584] ASSIGN server=29 time=15 type=P
[C8584] COMPLETE server=19
[C8585] ASSIGN server=19 time=7 type=S
[C8586] NEW REQUEST queued time=6 type=P
[C8587] NEW REQUEST queued time=5 type=P
[C8588] NEW REQUEST queued time=2 type=S
[C8590] NEW REQUEST queued time=6 type=P
[C8591] NEW REQUEST queued time=4 type=P
[C8591] COMPLETE server=19
[C8592] ASSIGN server=19 time=6 type=S
[C8593] COMPLETE server=3
[C8594] NEW REQUEST queued time=6 type=S
[C8594] ASSIGN server=3 time=15 type=S
[C8597] COMPLETE server=19
[C8598] NEW REQUEST queued time=8 type=S
[C8598] ASSIGN server=19 time=15 type=P
[C8598] COMPLETE server=29
[C8599] ASSIGN server=29 time=11 type=S
[C8600] NEW REQUEST queued time=10 type=P
[C8600] SNAPSHOT queue=167 servers=3 busy=3 cooldownLeft=0 completed=3393 rejected=13
[C8602] NEW REQUEST queued time=12 type=P
[C8607] NEW REQUEST queued time=2 type=S
[C8608] COMPLETE server=3
[C8609] ASSIGN server=3 time=13 type=S
[C8609] COMPLETE server=29
[C8610] ASSIGN server=29 time=9 type=P
[C8611] NEW REQUEST queued time=7 type=S
[C8612] COMPLETE server=19
[C8613] ASSIGN server=19 time=4 type=P
[C8614] NEW REQUEST queued time=10 type=S
[C8616] COMPLETE server=19
[C8617] ASSIGN server=19 time=14 type=P
[C8618] COMPLETE server=29
[C8619] ASSIGN server=29 time=3 type=S
[C8621] COMPLETE server=3
[C8621] COMPLETE server=29
[C8622] NEW REQUEST queued time=12 type=P
[C8622] ASSIGN server=3 time=10 type=S
[C8622] ASSIGN server=29 time=5 type=P
[C8626] NEW REQUEST queued time=7 type=P
[C8626] COMPLETE server=29
[C8627] ASSIGN server=29 time=11 type=P
[C8628] NEW REQUEST queued time=10 type=P
[C8629] NEW REQUEST queued time=13 type=S
[C8630] COMPLETE server=19
[C8631] NEW REQUEST queued time=9 type=P
[C8631] ASSIGN server=19 time=15 type=S
[C8631] COMPLETE server=3
[C8632] ASSIGN server=3 time=4 type=P
[C8633] NEW REQUEST queued time=12 type=P
[C8635] NEW REQUEST queued time=15 type=P
[C8635] COMPLETE server=3
[C8636] ASSIGN server=3 time=10 type=S
[C8637] NEW REQUEST queued time=9 type=P
[C8637] COMPLETE server=29
[C8638] NEW REQUEST queued time=15 type=S
[C8638] ASSIGN server=29 time=5 type=P
[C8639] NEW REQUEST queued time=3 type=P
[C8640] NEW REQUEST queued time=2 type=S
[C8642] COMPLETE server=29
[C8643] ASSIGN server=29 time=4 type=S
[C8645] COMPLETE server=3
[C8645] COMPLETE server=19
[C8646] ASSIGN server=3 time=12 type=P
[C8646] ASSIGN server=19 time=11 type=S
[C8646] COMPLETE server=29
[C8647] ASSIGN server=29 time=7 type=S
[C8649] NEW REQUEST queued time=13 type=P
[C8650] NEW REQUEST queued time=12 type=P
[C8650] SNAPSHOT queue=168 servers=3 busy=3 cooldownLeft=0 completed=3409 rejected=13
[C8653] COMPLETE server=29
[C8654] ASSIGN server=29 time=8 type=P
[C8655] NEW REQUEST queued time=12 type=P
[C8656] COMPLETE server=19
[C8657] ASSIGN server=19 time=4 type=P
[C8657] COMPLETE server=3
[C8658] ASSIGN server=3 time=9 type=P
[C8660] COMPLETE server=19
[C8661] NEW REQUEST queued time=4 type=P
[C8661] ASSIGN server=19 time=11 type=S
[C8661] COMPLETE server=29
[C8662] NEW REQUEST queued time=9 type=S
[C8662] ASSIGN server=29 time=10 type=P
[C8664] NEW REQUEST queued time=12 type=S
[C8665] NEW REQUEST queued time=9 type=P
[C8666] COMPLETE server=3
[C8667] ASSIGN server=3 time=14 type=S
[C8668] NEW REQUEST queued time=7 type=S
[C8671] COMPLETE server=19
[C8671] COMPLETE server=29
[C8672] ASSIGN server=19 time=11 type=S
[C8672] ASSIGN server=29 time=14 type=S
[C8675] NEW REQUEST queued time=5 type=S
[C8676] NEW REQUEST queued time=6 type=S
[C8677] NEW REQUEST queued time=8 type=S
[C8680] NEW REQUEST queued time=8 type=S
[C8680] COMPLETE server=3
[C8681] ASSIGN server=3 time=2 type=P
[C8682] COMPLETE server=3
[C8682] COMPLETE server=19
[C8683] ASSIGN server=3 time=13 type=S
[C8683] ASSIGN server=19 time=10 type=S
[C8684] NEW REQUEST queued time=13 type=S
[C8685] COMPLETE server=29
[C8686] ASSIGN server=29 time=3 type=P
[C8688] COMPLETE server=29
[C8689] ASSIGN server=29 time=7 type=P
[C8690] NEW REQUEST queued time=6 type=P
[C8691] NEW REQUEST queued time=9 type=S
[C8692] COMPLETE server=19
[C8693] ASSIGN server=19 time=5 type=S
[C8694] NEW REQUEST queued time=14 type=S
[C8695] COMPLETE server=3
[C8695] COMPLETE server=29
[C8696] ASSIGN server=3 time=8 type=S
[C8696] ASSIGN server=29 time=9 type=P
[C8697] NEW REQUEST queued time=3 type=P
[C8697] COMPLETE server=19
[C8698] ASSIGN server=19 time=10 type=S
[C8700] SNAPSHOT queue=166 servers=3 busy=3 cooldownLeft=0 completed=3426 rejected=13
[C8703] NEW REQUEST queued time=2 type=S
[C8703] COMPLETE server=3
[C8704] ASSIGN server=3 time=14 type=P
[C8704] COMPLETE server=29
[C8705] NEW REQUEST queued time=9 type=S
[C8705] ASSIGN server=29 time=6 type=P
[C8707] COMPLETE server=19
[C8708] ASSIGN server=19 time=9 type=P
[C8710] NEW REQUEST queued time=9 type=P
[C8710] COMPLETE server=29
[C8711] NEW REQUEST queued time=11 type=P
[C8711] ASSIGN server=29 time=9 type=S
[C8716] COMPLETE server=19
[C8717] NEW REQUEST queued time=4 type=P
[C8717] ASSIGN server=19 time=5 type=S
[C8717] COMPLETE server=3
[C8718] NEW REQUEST queued time=10 type=P
[C8718] ASSIGN server=3 time=6 type=S
[C8719] NEW REQUEST queued time=5 type=P
[C8719] COMPLETE server=29
[C8720] ASSIGN server=29 time=10 type=P
[C8721] COMPLETE server=19
[C8722] ASSIGN server=19 time=9 type=S
[C8723] COMPLETE server=3
[C8724] NEW REQUEST queued time=12 type=S
[C8724] ASSIGN server=3 time=15 type=S
[C8727] NEW REQUEST queued time=3 type=S
[C8728] NEW REQUEST queued time=3 type=S
[C8729] NEW REQUEST queued time=4 type=P
[C8729] COMPLETE server=29
[C8730] NEW REQUEST queued time=5 type=S
[C8730] ASSIGN server=29 time=4 type=P
[C8730] COMPLETE server=19
[C8731] ASSIGN server=19 time=11 type=P
[C8732] NEW REQUEST queued time=12 type=S
[C8733] COMPLETE server=29
[C8734] ASSIGN server=29 time=10 type=S
[C8736] NEW REQUEST queued time=7 type=S
[C8738] NEW REQUEST queued time=5 type=S
[C8738] COMPLETE server=3
[C8739] ASSIGN server=3 time=15 type=S
[C8741] COMPLETE server=19
[C8742] ASSIGN server=19 time=4 type=S
[C8743] NEW REQUEST queued time=10 type=S
[C8743] COMPLETE server=29
[C8744] ASSIGN server=29 time=11 type=P
[C8745] COMPLETE server=19
[C8746] ASSIGN server=19 time=6 type=P
[C8750] SNAPSHOT queue=166 servers=3 busy=3 cooldownLeft=0 completed=3442 rejected=13
[C8751] COMPLETE server=19
[C8752] ASSIGN server=19 time=11 type=P
[C8753] COMPLETE server=3
[C8754] NEW REQUEST queued time=12 type=P
[C8754] ASSIGN server=3 time=3 type=P
[C8754] COMPLETE server=29
[C8755] ASSIGN server=29 time=10 type=S
[C8756] NEW REQUEST queued time=14 type=P
[C8756] COMPLETE server=3
[C8757] ASSIGN server=3 time=5 type=P
[C8761] NEW REQUEST queued time=9 type=S
[C8761] COMPLETE server=3
[C8762] ASSIGN server=3 time=3 type=P
[C8762] COMPLETE server=19
[C8763] ASSIGN server=19 time=4 type=P
[C8764] COMPLETE server=3
[C8764] COMPLETE server=29
[C8765] ASSIGN server=3 time=11 type=P
[C8765] ASSIGN server=29 time=4 type=P
[C8766] NEW REQUEST queued time=15 type=P
[C8766] COMPLETE server=19
[C8767] ASSIGN server=19 time=6 type=P
[C8768] COMPLETE server=29
[C8769] ASSIGN server=29 time=3 type=P
[C8771] COMPLETE server=29
[C8772] ASSIGN server=29 time=2 type=S
[C8772] COMPLETE server=19
[C8773] ASSIGN server=19 time=15 type=P
[C8773] COMPLETE server=29
[C8774] ASSIGN server=29 time=8 type=P
[C8775] NEW REQUEST queued time=6 type=S
[C8775] COMPLETE server=3
[C8776] NEW REQUEST queued time=15 type=S
[C8776] ASSIGN server=3 time=9 type=S
[C8777] NEW REQUEST queued time=10 type=P
[C8781] COMPLETE server=29
[C8782] ASSIGN server=29 time=9 type=S
[C8784] NEW REQUEST queued time=7 type=P
[C8784] COMPLETE server=3
[C8785] ASSIGN server=3 time=5 type=P
[C8786] NEW REQUEST queued time=14 type=P
[C8787] COMPLETE server=19
[C8788] NEW REQUEST queued time=13 type=S
[C8788] ASSIGN server=19 time=5 type=P
[C8789] NEW REQUEST queued time=10 type=S
[C8789] COMPLETE server=3
[C8790] NEW REQUEST queued time=4 type=P
[C8790] ASSIGN server=3 time=5 type=S
[C8790] COMPLETE server=29
[C8791] ASSIGN server=29 time=7 type=P
[C8792] NEW REQUEST queued time=2 type=P
[C8792] COMPLETE server=19
[C8793] ASSIGN server=19 time=9 type=P
[C8794] NEW REQUEST queued time=9 type=P
[C8794] COMPLETE server=3
[C8795] NEW REQUEST queued time=9 type=P
[C8795] ASSIGN server=3 time=12 type=P
[C8797] COMPLETE server=29
[C8798] ASSIGN server=29 time=11 type=S
[C8800] SNAPSHOT queue=159 servers=3 busy=3 cooldownLeft=0 completed=3464 rejected=13
[C8801] COMPLETE server=19
[C8802] NEW REQUEST queued time=9 type=S
[C8802] ASSIGN server=19 time=9 type=P
[C8806] COMPLETE server=3
[C8807] ASSIGN server=3 time=5 type=P
[C8808] NEW REQUEST queued time=13 type=S
[C8808] COMPLETE server=29
[C8809] ASSIGN server=29 time=15 type=P
[C8810] COMPLETE server=19
[C8811] ASSIGN server=19 time=11 type=P
[C8811] COMPLETE server=3
[C8812] ASSIGN server=3 time=8 type=S
[C8815] NEW REQUEST queued time=8 type=P
[C8818] NEW REQUEST queued time=10 type=S
[C8819] COMPLETE server=3
[C8820] ASSIGN server=3 time=13 type=P
[C8821] NEW REQUEST queued time=2 type=P
[C8821] COMPLETE server=19
[C8822] NEW REQUEST queued time=13 type=P
[C8822] ASSIGN server=19 time=7 type=S
[C8823] NEW REQUEST queued time=15 type=S
[C8823] COMPLETE server=29
[C8824] ASSIGN server=29 time=8 type=P
[C8828] COMPLETE server=19
[C8829] NEW REQUEST queued time=15 type=S
[C8829] ASSIGN server=19 time=8 type=P
[C8830] NEW REQUEST queued time=3 type=P
[C8831] COMPLETE server=29
[C8832] ASSIGN server=29 time=11 type=P
[C8832] COMPLETE server=3
[C8833] NEW REQUEST queued time=13 type=P
[C8833] ASSIGN server=3 time=14 type=S
[C8836] NEW REQUEST queued time=10 type=S
[C8836] COMPLETE server=19
[C8837] ASSIGN server=19 time=6 type=P
[C8838] NEW REQUEST queued time=8 type=S
[C8842] COMPLETE server=19
[C8842] COMPLETE server=29
[C8843] NEW REQUEST queued time=5 type=S
[C8843] ASSIGN server=19 time=4 type=P
[C8843] ASSIGN server=29 time=13 type=P
[C8844] NEW REQUEST queued time=11 type=P
[C8846] COMPLETE server=3
[C8846] COMPLETE server=19
[C8847] ASSIGN server=3 time=4 type=P
[C8847] ASSIGN server=19 time=7 type=P
[C8850] NEW REQUEST queued time=9 type=S
[C8850] COMPLETE server=3
[C8850] SNAPSHOT queue=158 servers=3 busy=2 cooldownLeft=0 completed=3481 rejected=13
[C8851] ASSIGN server=3 time=12 type=S
[C8853] COMPLETE server=19
[C8854] ASSIGN server=19 time=9 type=P
[C8855] COMPLETE server=29
[C8856] NEW REQUEST queued time=15 type=P
[C8856] ASSIGN server=29 time=15 type=P
[C8859] NEW REQUEST queued time=15 type=P
[C8862] NEW REQUEST queued time=8 type=P
[C8862] COMPLETE server=3
[C8862] COMPLETE server=19
[C8863] NEW REQUEST queued time=14 type=P
[C8863] ASSIGN server=3 time=11 type=S
[C8863] ASSIGN server=19 time=15 type=S
[C8865] NEW REQUEST queued time=7 type=P
[C8867] NEW REQUEST queued time=15 type=P
[C8870] NEW REQUEST queued time=12 type=S
[C8870] COMPLETE server=29
[C8871] ASSIGN server=29 time=2 type=P
[C8872] COMPLETE server=29
[C8873] ASSIGN server=29 time=5 type=S
[C8873] COMPLETE server=3
[C8874] ASSIGN server=3 time=10 type=S
[C8877] COMPLETE server=19
[C8877] COMPLETE server=29
[C8878] ASSIGN server=19 time=8 type=S
[C8878] ASSIGN server=29 time=8 type=S
[C8879] NEW REQUEST queued time=2 type=P
[C8883] COMPLETE server=3
[C8884] ASSIGN server=3 time=13 type=P
[C8885] COMPLETE server=19
[C8885] COMPLETE server=29
[C8886] ASSIGN server=19 time=15 type=S
[C8886] ASSIGN server=29 time=2 type=S
[C8887] COMPLETE server=29
[C8888] NEW REQUEST queued time=7 type=P
[C8888] ASSIGN server=29 time=14 type=P
[C8896] COMPLETE server=3
[C8897] NEW REQUEST queued time=4 type=P
[C8897] ASSIGN server=3 time=8 type=S
[C8899] NEW REQUEST queued time=11 type=P
[C8900] COMPLETE server=19
[C8900] SNAPSHOT queue=154 servers=3 busy=2 cooldownLeft=0 completed=3496 rejected=13
[C8901] ASSIGN server=19 time=9 type=P
[C8901] COMPLETE server=29
[C8902] ASSIGN server=29 time=9 type=S
[C8904] COMPLETE server=3
[C8905] ASSIGN server=3 time=10 type=P
[C8907] NEW REQUEST queued time=9 type=S
[C8908] NEW REQUEST queued time=3 type=S
[C8909] NEW REQUEST queued time=8 type=P
[C8909] COMPLETE server=19
[C8910] ASSIGN server=19 time=6 type=S
[C8910] COMPLETE server=29
[C8911] ASSIGN server=29 time=10 type=P
[C8914] NEW REQUEST queued time=6 type=S
[C8914] COMPLETE server=3
[C8915] ASSIGN server=3 time=3 type=S
[C8915] COMPLETE server=19
[C8916] NEW REQUEST queued time=3 type=P
[C8916] ASSIGN server=19 time=13 type=S
[C8917] COMPLETE server=3
[C8918] NEW REQUEST queued time=4 type=P
[C8918] ASSIGN server=3 time=14 type=S
[C8920] COMPLETE server=29
[C8921] ASSIGN server=29 time=13 type=P
[C8922] NEW REQUEST queued time=10 type=S
[C8923] NEW REQUEST queued time=11 type=P
[C8924] NEW REQUEST queued time=12 type=P
[C8925] NEW REQUEST queued time=10 type=P
[C8928] COMPLETE server=19
[C8929] ASSIGN server=19 time=10 type=P
[C8931] COMPLETE server=3
[C8932] NEW REQUEST queued time=6 type=P
[C8932] ASSIGN server=3 time=12 type=S
[C8933] COMPLETE server=29
[C8934] ASSIGN server=29 time=3 type=S
[C8936] COMPLETE server=29
[C8937] ASSIGN server=29 time=2 type=S
[C8938] COMPLETE server=19
[C8938] COMPLETE server=29
[C8939] NEW REQUEST queued time=15 type=P
[C8939] ASSIGN server=19 time=11 type=P
[C8939] ASSIGN server=29 time=3 type=S
[C8940] NEW REQUEST queued time=5 type=S
[C8941] NEW REQUEST queued time=5 type=P
[C8941] COMPLETE server=29
[C8942] NEW REQUEST queued time=4 type=P
[C8942] ASSIGN server=29 time=9 type=P
[C8943] NEW REQUEST queued time=11 type=P
[C8943] COMPLETE server=3
[C8944] ASSIGN server=3 time=4 type=S
[C8945] NEW REQUEST queued time=11 type=S
[C8947] COMPLETE server=3
[C8948] NEW REQUEST queued time=3 type=S
[C8948] ASSIGN server=3 time=3 type=S
[C8949] NEW REQUEST queued time=15 type=P
[C8949] COMPLETE server=19
[C8950] ASSIGN server=19 time=7 type=S
[C8950] COMPLETE server=3
[C8950] COMPLETE server=29
[C8950] SNAPSHOT queue=154 servers=3 busy=1 cooldownLeft=0 completed=3516 rejected=13
[C8951] ASSIGN server=3 time=11 type=S
[C8951] ASSIGN server=29 time=8 type=S
[C8952] NEW REQUEST queued time=14 type=P
[C8956] NEW REQUEST queued time=15 type=P
[C8956] COMPLETE server=19
[C8957] ASSIGN server=19 time=11 type=P
[C8958] COMPLETE server=29
[C8959] ASSIGN server=29 time=3 type=P
[C8960] NEW REQUEST queued time=2 type=P
[C8961] COMPLETE server=3
[C8961] COMPLETE server=29
[C8962] ASSIGN server=3 time=5 type=P
[C8962] ASSIGN server=29 time=11 type=P
[C8963] NEW REQUEST queued time=2 type=S
[C8966] COMPLETE server=3
[C8967] NEW REQUEST queued time=7 type=P
[C8967] ASSIGN server=3 time=12 type=S
[C8967] COMPLETE server=19
[C8968] NEW REQUEST queued time=9 type=P
[C8968] ASSIGN server=19 time=14 type=S
[C8970] NEW REQUEST queued time=8 type=P
[C8972] NEW REQUEST queued time=6 type=S
[C8972] COMPLETE server=29
[C8973] ASSIGN server=29 time=5 type=S
[C8977] COMPLETE server=29
[C8978] ASSIGN server=29 time=12 type=S
[C8978] COMPLETE server=3
[C8979] ASSIGN server=3 time=3 type=P
[C8981] NEW REQUEST queued time=2 type=S
[C8981] COMPLETE server=3
[C8981] COMPLETE server=19
[C8982] ASSIGN server=3 time=9 type=P
[C8982] ASSIGN server=19 time=7 type=S
[C8984] NEW REQUEST queued time=10 type=S
[C8985] NEW REQUEST queued time=4 type=S
[C8986] NEW REQUEST queued time=7 type=S
[C8987] NEW REQUEST queued time=4 type=S
[C8988] COMPLETE server=19
[C8989] NEW REQUEST queued time=13 type=P
[C8989] ASSIGN server=19 time=3 type=P
[C8989] COMPLETE server=29
[C8990] ASSIGN server=29 time=3 type=S
[C8990] COMPLETE server=3
[C8991] ASSIGN server=3 time=2 type=P
[C8991] COMPLETE server=19
[C8992] ASSIGN server=19 time=8 type=S
[C8992] COMPLETE server=3
[C8992] COMPLETE server=29
[C8993] NEW REQUEST queued time=2 type=P
[C8993] ASSIGN server=3 time=7 type=P
[C8993] ASSIGN server=29 time=5 type=S
[C8997] NEW REQUEST queued time=4 type=S
[C8997] COMPLETE server=29
[C8998] ASSIGN server=29 time=3 type=P
[C8999] COMPLETE server=3
[C8999] COMPLETE server=19
[C9000] NEW REQUEST queued time=5 type=P
[C9000] ASSIGN server=3 time=12 type=S
[C9000] ASSIGN server=19 time=8 type=S
[C9000] COMPLETE server=29
[C9000] SCALE DOWN removed=29 -> servers=2 cooldown=25
[C9000] SNAPSHOT queue=149 servers=2 busy=2 cooldownLeft=25 completed=3537 rejected=13
[C9001] NEW REQUEST queued time=5 type=S
[C9005] NEW REQUEST queued time=11 type=P
[C9007] COMPLETE server=19
[C9008] ASSIGN server=19 time=8 type=P
[C9009] NEW REQUEST queued time=11 type=S
[C9011] NEW REQUEST queued time=6 type=P
[C9011] COMPLETE server=3
[C9012] NEW REQUEST queued time=7 type=S
[C9012] ASSIGN server=3 time=2 type=S
[C9013] NEW REQUEST queued time=6 type=S
[C9013] COMPLETE server=3
[C9014] ASSIGN server=3 time=15 type=P
[C9015] COMPLETE server=19
[C9016] ASSIGN server=19 time=12 type=S
[C9017] NEW REQUEST queued time=8 type=P
[C9021] NEW REQUEST queued time=9 type=S
[C9022] NEW REQUEST queued time=12 type=S
[C9023] NEW REQUEST queued time=8 type=P
[C9024] NEW REQUEST queued time=14 type=S
[C9027] COMPLETE server=19
[C9028] NEW REQUEST queued time=5 type=S
[C9028] ASSIGN server=19 time=7 type=S
[C9028] COMPLETE server=3
[C9029] ASSIGN server=3 time=10 type=P
[C9030] NEW REQUEST queued time=9 type=P
[C9032] NEW REQUEST queued time=8 type=S
[C9034] COMPLETE server=19
[C9035] ASSIGN server=19 time=4 type=S
[C9037] NEW REQUEST queued time=10 type=P
[C9038] COMPLETE server=3
[C9038] COMPLETE server=19
[C9039] NEW REQUEST queued time=3 type=S
[C9039] ASSIGN server=3 time=5 type=P
[C9039] ASSIGN server=19 time=7 type=P
[C9043] COMPLETE server=3
[C9044] ASSIGN server=3 time=6 type=S
[C9045] COMPLETE server=19
[C9046] ASSIGN server=19 time=14 type=P
[C9049] COMPLETE server=3
[C9050] NEW REQUEST queued time=3 type=S
[C9050] ASSIGN server=3 time=7 type=S
[C9050] SNAPSHOT queue=154 servers=2 busy=2 cooldownLeft=0 completed=3549 rejected=13
[C9056] COMPLETE server=3
[C9057] ASSIGN server=3 time=3 type=S
[C9059] COMPLETE server=3
[C9059] COMPLETE server=19
[C9060] ASSIGN server=3 time=9 type=P
[C9060] ASSIGN server=19 time=5 type=S
[C9064] COMPLETE server=19
[C9065] ASSIGN server=19 time=9 type=P
[C9066] NEW REQUEST queued time=10 type=P
[C9067] NEW REQUEST queued time=5 type=P
[C9068] COMPLETE server=3
[C9069] ASSIGN server=3 time=6 type=P
[C9073] NEW REQUEST queued time=2 type=S
[C9073] COMPLETE server=19
[C9074] ASSIGN server=19 time=5 type=P
[C9074] COMPLETE server=3
[C9075] ASSIGN server=3 time=2 type=S
[C9076] COMPLETE server=3
[C9077] ASSIGN server=3 time=6 type=P
[C9078] COMPLETE server=19
[C9079] ASSIGN server=19 time=4 type=P
[C9082] NEW REQUEST queued time=7 type=P
[C9082] COMPLETE server=3
[C9082] COMPLETE server=19
[C9083] NEW REQUEST queued time=6 type=S
[C9083] ASSIGN server=3 time=6 type=S
[C9083] ASSIGN server=19 time=8 type=S
[C9085] NEW REQUEST queued time=12 type=P
[C9088] COMPLETE server=3
[C9089] ASSIGN server=3 time=10 type=P
[C9090] COMPLETE server=19
[C9091] NEW REQUEST queued time=8 type=S
[C9091] ASSIGN server=19 time=12 type=P
[C9092] NEW REQUEST queued time=8 type=S
[C9094] NEW REQUEST queued time=12 type=S
[C9095] NEW REQUEST queued time=13 type=P
[C9096] NEW REQUEST queued time=2 type=S
[C9098] COMPLETE server=3
[C9099] NEW REQUEST queued time=11 type=P
[C9099] ASSIGN server=3 time=2 type=S
[C9100] COMPLETE server=3
[C9100] SNAPSHOT queue=152 servers=2 busy=1 cooldownLeft=0 completed=3564 rejected=13
[C9101] ASSIGN server=3 time=7 type=S
[C9102] COMPLETE server=19
[C9103] ASSIGN server=19 time=10 type=S
[C9107] COMPLETE server=3
[C9108] ASSIGN server=3 time=12 type=P
[C9110] NEW REQUEST queued time=15 type=P
[C9112] COMPLETE server=19
[C9113] NEW REQUEST queued time=15 type=P
[C9113] ASSIGN server=19 time=7 type=P
[C9117] NEW REQUEST queued time=14 type=S
[C9119] COMPLETE server=3
[C9119] COMPLETE server=19
[C9120] ASSIGN server=3 time=10 type=P
[C9120] ASSIGN server=19 time=13 type=S
[C9129] NEW REQUEST queued time=5 type=S
[C9129] COMPLETE server=3
[C9130] NEW REQUEST queued time=10 type=P
[C9130] ASSIGN server=3 time=9 type=P
[C9132] COMPLETE server=19
[C9133] ASSIGN server=19 time=12 type=P
[C9134] NEW REQUEST queued time=14 type=P
[C9138] COMPLETE server=3
[C9139] NEW REQUEST queued time=7 type=P
[C9139] ASSIGN server=3 time=15 type=P
[C9144] COMPLETE server=19
[C9145] ASSIGN server=19 time=9 type=P
[C9150] SNAPSHOT queue=149 servers=2 busy=2 cooldownLeft=0 completed=3573 rejected=13
[C9151] NEW REQUEST queued time=15 type=P
[C9153] NEW REQUEST queued time=15 type=S
[C9153] COMPLETE server=3
[C9153] COMPLETE server=19
[C9154] ASSIGN server=3 time=15 type=S
[C9154] ASSIGN server=19 time=3 type=P
[C9156] COMPLETE server=19
[C9157] ASSIGN server=19 time=2 type=S
[C9158] NEW REQUEST queued time=10 type=P
[C9158] COMPLETE server=19
[C9159] NEW REQUEST queued time=10 type=S
[C9159] ASSIGN server=19 time=13 type=P
[C9162] NEW REQUEST queued time=4 type=S
[C9164] NEW REQUEST queued time=5 type=S
[C9165] NEW REQUEST queued time=12 type=S
[C9168] COMPLETE server=3
[C9169] ASSIGN server=3 time=12 type=P
[C9171] COMPLETE server=19
[C9172] ASSIGN server=19 time=12 type=P
[C9174] NEW REQUEST queued time=11 type=P
[C9175] NEW REQUEST queued time=10 type=S
[C9180] NEW REQUEST queued time=3 type=P
[C9180] COMPLETE server=3
[C9181] ASSIGN server=3 time=4 type=P
[C9183] NEW REQUEST queued time=13 type=S
[C9183] COMPLETE server=19
[C9184] ASSIGN server=19 time=9 type=S
[C9184] COMPLETE server=3
[C9185] ASSIGN server=3 time=12 type=S
[C9188] NEW REQUEST queued time=7 type=S
[C9192] COMPLETE server=19
[C9193] NEW REQUEST queued time=6 type=S
[C9193] ASSIGN server=19 time=9 type=P
[C9196] NEW REQUEST queued time=14 type=S
[C9196] COMPLETE server=3
[C9197] ASSIGN server=3 time=7 type=S
[C9200] SNAPSHOT queue=152 servers=2 busy=2 cooldownLeft=0 completed=3584 rejected=13
[C9201] COMPLETE server=19
[C9202] ASSIGN server=19 time=5 type=S
[C9203] COMPLETE server=3
[C9204] ASSIGN server=3 time=6 type=S
[C9206] COMPLETE server=19
[C9207] ASSIGN server=19 time=8 type=S
[C9209] NEW REQUEST queued time=13 type=P
[C9209] COMPLETE server=3
[C9210] ASSIGN server=3 time=8 type=S
[C9211] NEW REQUEST queued time=4 type=P
[C9212] NEW REQUEST queued time=10 type=S
[C9214] NEW REQUEST queued time=6 type=P
[C9214] COMPLETE server=19
[C9215] ASSIGN server=19 time=13 type=S
[C9216] NEW REQUEST queued time=3 type=P
[C9217] COMPLETE server=3
[C9218] NEW REQUEST queued time=9 type=S
[C9218] ASSIGN server=3 time=6 type=P
[C9222] NEW REQUEST queued time=6 type=S
[C9223] NEW REQUEST queued time=7 type=S
[C9223] COMPLETE server=3
[C9224] ASSIGN server=3 time=9 type=S
[C9225] NEW REQUEST queued time=12 type=S
[C9227] NEW REQUEST queued time=7 type=S
[C9227] COMPLETE server=19
[C9228] ASSIGN server=19 time=14 type=S
[C9230] NEW REQUEST queued time=9 type=S
[C9232] COMPLETE server=3
[C9233] ASSIGN server=3 time=3 type=P
[C9235] NEW REQUEST queued time=11 type=S
[C9235] COMPLETE server=3
[C9236] ASSIGN server=3 time=2 type=S
[C9237] COMPLETE server=3
[C9238] NEW REQUEST queued time=9 type=P
[C9238] ASSIGN server=3 time=9 type=S
[C9239] NEW REQUEST queued time=6 type=S
[C9241] NEW REQUEST queued time=6 type=P
[C9241] COMPLETE server=19
[C9242] ASSIGN server=19 time=9 type=P
[C9244] NEW REQUEST queued time=5 type=P
[C9245] NEW REQUEST queued time=2 type=S
[C9246] NEW REQUEST queued time=4 type=S
[C9246] COMPLETE server=3
[C9247] ASSIGN server=3 time=11 type=P
[C9248] NEW REQUEST queued time=3 type=S
[C9250] COMPLETE server=19
[C9250] SNAPSHOT queue=158 servers=2 busy=1 cooldownLeft=0 completed=3598 rejected=13
[C9251] ASSIGN server=19 time=4 type=P
[C9252] NEW REQUEST queued time=9 type=S
[C9254] COMPLETE server=19
[C9255] ASSIGN server=19 time=10 type=P
[C9257] COMPLETE server=3
[C9258] ASSIGN server=3 time=5 type=P
[C9262] COMPLETE server=3
[C9263] ASSIGN server=3 time=12 type=S
[C9264] COMPLETE server=19
[C9265] ASSIGN server=19 time=3 type=S
[C9266] NEW REQUEST queued time=8 type=S
[C9267] COMPLETE server=19
[C9268] ASSIGN server=19 time=3 type=S
[C9269] NEW REQUEST queued time=4 type=P
[C9270] NEW REQUEST queued time=14 type=P
[C9270] COMPLETE server=19
[C9271] NEW REQUEST queued time=7 type=P
[C9271] ASSIGN server=19 time=4 type=P
[C9274] COMPLETE server=3
[C9274] COMPLETE server=19
[C9275] NEW REQUEST queued time=11 type=P
[C9275] ASSIGN server=3 time=5 type=S
[C9275] ASSIGN server=19 time=12 type=S
[C9276] NEW REQUEST queued time=9 type=S
[C9277] NEW REQUEST queued time=8 type=S
[C9279] COMPLETE server=3
[C9280] ASSIGN server=3 time=7 type=S
[C9283] NEW REQUEST queued time=12 type=P
[C9284] NEW REQUEST queued time=9 type=P
[C9286] COMPLETE server=3
[C9286] COMPLETE server=19
[C9287] NEW REQUEST queued time=5 type=S
[C9287] ASSIGN server=3 time=5 type=S
[C9287] ASSIGN server=19 time=10 type=S
[C9291] COMPLETE server=3
[C9292] ASSIGN server=3 time=12 type=P
[C9296] NEW REQUEST queued time=3 type=S
[C9296] COMPLETE server=19
[C9297] NEW REQUEST queued time=14 type=P
[C9297] ASSIGN server=19 time=14 type=P
[C9300] SNAPSHOT queue=157 servers=2 busy=2 cooldownLeft=0 completed=3611 rejected=13
[C9303] NEW REQUEST queued time=9 type=P
[C9303] COMPLETE server=3
[C9304] ASSIGN server=3 time=9 type=S
[C9306] NEW REQUEST queued time=11 type=S
[C9309] NEW REQUEST queued time=10 type=S
[C9310] NEW REQUEST queued time=7 type=S
[C9310] COMPLETE server=19
[C9311] NEW REQUEST queued time=7 type=P
[C9311] ASSIGN server=19 time=15 type=P
[C9312] COMPLETE server=3
[C9313] ASSIGN server=3 time=6 type=S
[C9315] NEW REQUEST queued time=15 type=P
[C9318] COMPLETE server=3
[C9319] ASSIGN server=3 time=15 type=S
[C9322] NEW REQUEST queued time=3 type=S
[C9325] COMPLETE server=19
[C9326] ASSIGN server=19 time=10 type=P
[C9327] NEW REQUEST queued time=5 type=P
[C9328] NEW REQUEST queued time=8 type=S
[C9328] SCALE UP -> servers=3 cooldown=25
[C9329] ASSIGN server=30 time=7 type=P
[C9330] NEW REQUEST queued time=12 type=S
[C9333] COMPLETE server=3
[C9334] ASSIGN server=3 time=14 type=P
[C9335] COMPLETE server=19
[C9335] COMPLETE server=30
[C9336] NEW REQUEST queued time=6 type=S
[C9336] ASSIGN server=19 time=13 type=S
[C9336] ASSIGN server=30 time=10 type=S
[C9337] NEW REQUEST queued time=2 type=P
[C9339] NEW REQUEST queued time=10 type=P
[C9344] NEW REQUEST queued time=3 type=P
[C9345] NEW REQUEST queued time=13 type=S
[C9345] COMPLETE server=30
[C9346] NEW REQUEST queued time=8 type=S
[C9346] ASSIGN server=30 time=4 type=P
[C9347] COMPLETE server=3
[C9348] NEW REQUEST queued time=11 type=P
[C9348] ASSIGN server=3 time=2 type=P
[C9348] COMPLETE server=19
[C9349] NEW REQUEST queued time=4 type=P
[C9349] ASSIGN server=19 time=9 type=P
[C9349] COMPLETE server=3
[C9349] COMPLETE server=30
[C9350] ASSIGN server=3 time=9 type=P
[C9350] ASSIGN server=30 time=9 type=S
[C9350] SNAPSHOT queue=161 servers=3 busy=3 cooldownLeft=3 completed=3624 rejected=13
[C9353] NEW REQUEST queued time=5 type=S
[C9354] NEW REQUEST queued time=8 type=S
[C9357] NEW REQUEST queued time=2 type=S
[C9357] COMPLETE server=19
[C9358] ASSIGN server=19 time=13 type=S
[C9358] COMPLETE server=3
[C9358] COMPLETE server=30
[C9359] NEW REQUEST queued time=15 type=S
[C9359] ASSIGN server=3 time=8 type=P
[C9359] ASSIGN server=30 time=10 type=S
[C9360] NEW REQUEST queued time=15 type=P
[C9362] NEW REQUEST queued time=10 type=P
[C9363] NEW REQUEST queued time=9 type=P
[C9366] COMPLETE server=3
[C9367] NEW REQUEST queued time=6 type=P
[C9367] ASSIGN server=3 time=2 type=P
[C9368] COMPLETE server=3
[C9368] COMPLETE server=30
[C9369] ASSIGN server=3 time=13 type=P
[C9369] ASSIGN server=30 time=15 type=S
[C9370] COMPLETE server=19
[C9371] ASSIGN server=19 time=15 type=S
[C9374] NEW REQUEST queued time=6 type=S
[C9375] NEW REQUEST queued time=14 type=P
[C9376] NEW REQUEST queued time=2 type=S
[C9377] NEW REQUEST queued time=6 type=P
[C9380] NEW REQUEST queued time=3 type=P
[C9381] COMPLETE server=3
[C9382] ASSIGN server=3 time=3 type=P
[C9383] COMPLETE server=30
[C9384] ASSIGN server=30 time=13 type=P
[C9384] COMPLETE server=3
[C9385] ASSIGN server=3 time=10 type=S
[C9385] COMPLETE server=19
[C9386] ASSIGN server=19 time=8 type=S
[C9390] NEW REQUEST queued time=11 type=S
[C9393] COMPLETE server=19
[C9394] ASSIGN server=19 time=5 type=S
[C9394] COMPLETE server=3
[C9395] ASSIGN server=3 time=11 type=P
[C9396] COMPLETE server=30
[C9397] NEW REQUEST queued time=15 type=S
[C9397] ASSIGN server=30 time=9 type=S
[C9398] COMPLETE server=19
[C9399] ASSIGN server=19 time=15 type=P
[C9400] SNAPSHOT queue=161 servers=3 busy=3 cooldownLeft=0 completed=3639 rejected=13
[C9405] COMPLETE server=3
[C9405] COMPLETE server=30
[C9406] ASSIGN server=3 time=15 type=P
[C9406] ASSIGN server=30 time=8 type=P
[C9409] NEW REQUEST queued time=11 type=S
[C9413] COMPLETE server=19
[C9413] COMPLETE server=30
[C9414] ASSIGN server=19 time=14 type=P
[C9414] ASSIGN server=30 time=7 type=P
[C9415] NEW REQUEST queued time=13 type=P
[C9419] NEW REQUEST queued time=6 type=S
[C9420] NEW REQUEST queued time=8 type=P
[C9420] COMPLETE server=3
[C9420] COMPLETE server=30
[C9421] NEW REQUEST queued time=8 type=S
[C9421] ASSIGN server=3 time=15 type=P
[C9421] ASSIGN server=30 time=12 type=S
[C9422] NEW REQUEST queued time=2 type=P
[C9427] COMPLETE server=19
[C9428] ASSIGN server=19 time=2 type=P
[C9429] NEW REQUEST queued time=8 type=S
[C9429] COMPLETE server=19
[C9430] NEW REQUEST queued time=11 type=P
[C9430] ASSIGN server=19 time=7 type=P
[C9432] COMPLETE server=30
[C9433] ASSIGN server=30 time=4 type=P
[C9435] NEW REQUEST queued time=12 type=S
[C9435] COMPLETE server=3
[C9436] ASSIGN server=3 time=11 type=P
[C9436] COMPLETE server=19
[C9436] COMPLETE server=30
[C9437] ASSIGN server=19 time=9 type=S
[C9437] ASSIGN server=30 time=3 type=S
[C9438] NEW REQUEST queued time=4 type=S
[C9439] COMPLETE server=30
[C9440] NEW REQUEST queued time=2 type=P
[C9440] ASSIGN server=30 time=8 type=P
[C9443] NEW REQUEST queued time=10 type=S
[C9444] NEW REQUEST queued time=2 type=S
[C9445] COMPLETE server=19
[C9446] ASSIGN server=19 time=6 type=S
[C9446] COMPLETE server=3
[C9447] ASSIGN server=3 time=3 type=P
[C9447] COMPLETE server=30
[C9448] NEW REQUEST queued time=6 type=S
[C9448] ASSIGN server=30 time=4 type=P
[C9449] COMPLETE server=3
[C9450] NEW REQUEST queued time=11 type=S
[C9450] ASSIGN server=3 time=10 type=S
[C9450] SNAPSHOT queue=159 servers=3 busy=3 cooldownLeft=0 completed=3656 rejected=13
[C9451] COMPLETE server=19
[C9451] COMPLETE server=30
[C9452] ASSIGN server=19 time=11 type=P
[C9452] ASSIGN server=30 time=12 type=P
[C9454] NEW REQUEST queued time=14 type=P
[C9455] NEW REQUEST queued time=14 type=S
[C9457] NEW REQUEST queued time=6 type=S
[C9458] NEW REQUEST queued time=6 type=S
[C9459] NEW REQUEST queued time=4 type=P
[C9459] COMPLETE server=3
[C9460] ASSIGN server=3 time=10 type=P
[C9462] NEW REQUEST queued time=15 type=S
[C9462] COMPLETE server=19
[C9463] ASSIGN server=19 time=6 type=P
[C9463] COMPLETE server=30
[C9464] ASSIGN server=30 time=15 type=P
[C9466] NEW REQUEST queued time=7 type=P
[C9467] NEW REQUEST queued time=15 type=P
[C9468] COMPLETE server=19
[C9469] ASSIGN server=19 time=5 type=S
[C9469] COMPLETE server=3
[C9470] ASSIGN server=3 time=5 type=P
[C9471] NEW REQUEST queued time=6 type=P
[C9473] COMPLETE server=19
[C9474] NEW REQUEST queued time=11 type=P
[C9474] ASSIGN server=19 time=4 type=P
[C9474] COMPLETE server=3
[C9475] ASSIGN server=3 time=11 type=P
[C9477] COMPLETE server=19
[C9478] ASSIGN server=19 time=11 type=S
[C9478] COMPLETE server=30
[C9479] ASSIGN server=30 time=3 type=S
[C9481] COMPLETE server=30
[C9482] ASSIGN server=30 time=15 type=P
[C9485] NEW REQUEST queued time=12 type=P
[C9485] COMPLETE server=3
[C9486] ASSIGN server=3 time=14 type=P
[C9487] NEW REQUEST queued time=12 type=P
[C9488] NEW REQUEST queued time=4 type=S
[C9488] COMPLETE server=19
[C9489] ASSIGN server=19 time=15 type=P
[C9492] NEW REQUEST queued time=13 type=S
[C9494] NEW REQUEST queued time=14 type=S
[C9496] COMPLETE server=30
[C9497] ASSIGN server=30 time=2 type=P
[C9498] COMPLETE server=30
[C9499] ASSIGN server=30 time=2 type=S
[C9499] COMPLETE server=3
[C9500] ASSIGN server=3 time=7 type=P
[C9500] COMPLETE server=30
[C9500] SNAPSHOT queue=157 servers=3 busy=2 cooldownLeft=0 completed=3674 rejected=13
[C9501] ASSIGN server=30 time=9 type=P
[C9503] NEW REQUEST queued time=13 type=S
[C9503] COMPLETE server=19
[C9504] NEW REQUEST queued time=10 type=S
[C9504] ASSIGN server=19 time=8 type=P
[C9506] COMPLETE server=3
[C9507] ASSIGN server=3 time=6 type=S
[C9509] COMPLETE server=30
[C9510] ASSIGN server=30 time=2 type=S
[C9511] COMPLETE server=19
[C9511] COMPLETE server=30
[C9512] ASSIGN server=19 time=10 type=S
[C9512] ASSIGN server=30 time=4 type=S
[C9512] COMPLETE server=3
[C9513] NEW REQUEST queued time=7 type=S
[C9513] ASSIGN server=3 time=7 type=S
[C9515] COMPLETE server=30
[C9516] NEW REQUEST queued time=8 type=P
[C9516] ASSIGN server=30 time=4 type=S
[C9518] NEW REQUEST queued time=15 type=S
[C9519] NEW REQUEST queued time=7 type=P
[C9519] COMPLETE server=3
[C9519] COMPLETE server=30
[C9520] NEW REQUEST queued time=15 type=P
[C9520] ASSIGN server=3 time=13 type=P
[C9520] ASSIGN server=30 time=2 type=P
[C9521] NEW REQUEST queued time=15 type=P
[C9521] COMPLETE server=19
[C9521] COMPLETE server=30
[C9522] NEW REQUEST queued time=3 type=S
[C9522] ASSIGN server=19 time=4 type=S
[C9522] ASSIGN server=30 time=5 type=P
[C9523] NEW REQUEST queued time=8 type=P
[C9525] COMPLETE server=19
[C9526] ASSIGN server=19 time=5 type=S
[C9526] COMPLETE server=30
[C9527] ASSIGN server=30 time=11 type=P
[C9530] COMPLETE server=19
[C9531] NEW REQUEST queued time=8 type=P
[C9531] ASSIGN server=19 time=11 type=S
[C9532] COMPLETE server=3
[C9533] ASSIGN server=3 time=6 type=P
[C9535] NEW REQUEST queued time=8 type=S
[C9536] NEW REQUEST queued time=11 type=S
[C9537] COMPLETE server=30
[C9538] ASSIGN server=30 time=7 type=S
[C9538] COMPLETE server=3
[C9539] ASSIGN server=3 time=6 type=S
[C9540] NEW REQUEST queued time=15 type=S
[C9541] COMPLETE server=19
[C9542] ASSIGN server=19 time=8 type=P
[C9543] NEW REQUEST queued time=9 type=P
[C9544] COMPLETE server=3
[C9544] COMPLETE server=30
[C9545] ASSIGN server=3 time=9 type=S
[C9545] ASSIGN server=30 time=12 type=S
[C9548] NEW REQUEST queued time=8 type=S
[C9549] COMPLETE server=19
[C9550] ASSIGN server=19 time=8 type=P
[C9550] SNAPSHOT queue=151 servers=3 busy=3 cooldownLeft=0 completed=3695 rejected=13
[C9553] COMPLETE server=3
[C9554] ASSIGN server=3 time=14 type=S
[C9556] NEW REQUEST queued time=4 type=P
[C9556] COMPLETE server=30
[C9557] ASSIGN server=30 time=5 type=S
[C9557] COMPLETE server=19
[C9558] NEW REQUEST queued time=12 type=P
[C9558] ASSIGN server=19 time=9 type=P
[C9561] NEW REQUEST queued time=14 type=S
[C9561] COMPLETE server=30
[C9562] ASSIGN server=30 time=8 type=S
[C9563] NEW REQUEST queued time=13 type=S
[C9565] NEW REQUEST queued time=13 type=P
[C9566] COMPLETE server=19
[C9567] ASSIGN server=19 time=10 type=P
[C9567] COMPLETE server=3
[C9568] NEW REQUEST queued time=12 type=P
[C9568] ASSIGN server=3 time=3 type=S
[C9569] COMPLETE server=30
[C9570] NEW REQUEST queued time=2 type=P
[C9570] ASSIGN server=30 time=3 type=S
[C9570] COMPLETE server=3
[C9571] ASSIGN server=3 time=10 type=P
[C9572] NEW REQUEST queued time=9 type=S
[C9572] COMPLETE server=30
[C9573] NEW REQUEST queued time=3 type=S
[C9573] ASSIGN server=30 time=5 type=P
[C9576] COMPLETE server=19
[C9577] NEW REQUEST queued time=2 type=S
[C9577] ASSIGN server=19 time=2 type=S
[C9577] COMPLETE server=30
[C9578] ASSIGN server=30 time=7 type=P
[C9578] COMPLETE server=19
[C9579] NEW REQUEST queued time=4 type=S
[C9579] ASSIGN server=19 time=6 type=S
[C9580] COMPLETE server=3
[C9581] ASSIGN server=3 time=12 type=P
[C9581] SCALE DOWN removed=30 -> servers=2 cooldown=25
[C9584] COMPLETE server=19
[C9585] NEW REQUEST queued time=13 type=S
[C9585] ASSIGN server=19 time=8 type=S
[C9586] NEW REQUEST queued time=11 type=P
[C9587] NEW REQUEST queued time=6 type=P
[C9590] NEW REQUEST queued time=15 type=P
[C9592] NEW REQUEST queued time=4 type=P
[C9592] COMPLETE server=3
[C9592] COMPLETE server=19
[C9593] ASSIGN server=3 time=8 type=S
[C9593] ASSIGN server=19 time=12 type=S
[C9598] NEW REQUEST queued time=15 type=S
[C9600] NEW REQUEST queued time=13 type=P
[C9600] COMPLETE server=3
[C9600] SNAPSHOT queue=153 servers=2 busy=1 cooldownLeft=6 completed=3712 rejected=13
[C9601] ASSIGN server=3 time=13 type=P
[C9604] COMPLETE server=19
[C9605] ASSIGN server=19 time=2 type=S
[C9606] COMPLETE server=19
[C9607] ASSIGN server=19 time=11 type=P
[C9611] NEW REQUEST queued time=8 type=S
[C9613] COMPLETE server=3
[C9614] NEW REQUEST queued time=3 type=S
[C9614] ASSIGN server=3 time=15 type=P
[C9617] COMPLETE server=19
[C9618] ASSIGN server=19 time=15 type=P
[C9622] NEW REQUEST queued time=15 type=S
[C9625] NEW REQUEST queued time=10 type=P
[C9628] COMPLETE server=3
[C9629] ASSIGN server=3 time=14 type=S
[C9630] NEW REQUEST queued time=7 type=S
[C9631] NEW REQUEST queued time=6 type=P
[C9632] COMPLETE server=19
[C9633] ASSIGN server=19 time=5 type=S
[C9634] NEW REQUEST queued time=6 type=S
[C9637] COMPLETE server=19
[C9638] ASSIGN server=19 time=10 type=P
[C9640] NEW REQUEST queued time=2 type=P
[C9642] COMPLETE server=3
[C9643] NEW REQUEST queued time=10 type=P
[C9643] ASSIGN server=3 time=14 type=P
[C9646] NEW REQUEST queued time=5 type=S
[C9647] NEW REQUEST queued time=8 type=S
[C9647] COMPLETE server=19
[C9648] NEW REQUEST queued time=14 type=P
[C9648] ASSIGN server=19 time=7 type=P
[C9649] NEW REQUEST queued time=10 type=P
[C9650] NEW REQUEST queued time=9 type=P
[C9650] SNAPSHOT queue=157 servers=2 busy=2 cooldownLeft=0 completed=3721 rejected=13
[C9654] COMPLETE server=19
[C9655] NEW REQUEST queued time=6 type=P
[C9655] ASSIGN server=19 time=15 type=P
[C9656] COMPLETE server=3
[C9657] NEW REQUEST queued time=3 type=S
[C9657] ASSIGN server=3 time=15 type=S
[C9662] NEW REQUEST queued time=12 type=S
[C9667] NEW REQUEST queued time=6 type=S
[C9669] NEW REQUEST queued time=11 type=S
[C9669] COMPLETE server=19
[C9670] NEW REQUEST queued time=10 type=P
[C9670] ASSIGN server=19 time=10 type=P
[C9671] NEW REQUEST queued time=12 type=P
[C9671] COMPLETE server=3
[C9671] SCALE UP -> servers=3 cooldown=25
[C9672] ASSIGN server=3 time=10 type=S
[C9672] ASSIGN server=31 time=4 type=S
[C9673] NEW REQUEST queued time=8 type=P
[C9675] COMPLETE server=31
[C9676] ASSIGN server=31 time=5 type=S
[C9679] NEW REQUEST queued time=13 type=P
[C9679] COMPLETE server=19
[C9680] ASSIGN server=19 time=12 type=S
[C9680] COMPLETE server=31
[C9681] ASSIGN server=31 time=11 type=P
[C9681] COMPLETE server=3
[C9682] NEW REQUEST queued time=10 type=S
[C9682] ASSIGN server=3 time=10 type=S
[C9683] NEW REQUEST queued time=11 type=P
[C9686] NEW REQUEST queued time=2 type=P
[C9689] NEW REQUEST queued time=3 type=S
[C9691] COMPLETE server=3
[C9691] COMPLETE server=19
[C9691] COMPLETE server=31
[C9692] ASSIGN server=3 time=3 type=P
[C9692] ASSIGN server=19 time=13 type=S
[C9692] ASSIGN server=31 time=7 type=S
[C9694] COMPLETE server=3
[C9695] ASSIGN server=3 time=6 type=S
[C9698] COMPLETE server=31
[C9699] ASSIGN server=31 time=14 type=S
[C9700] COMPLETE server=3
[C9700] SNAPSHOT queue=156 servers=3 busy=2 cooldownLeft=0 completed=3735 rejected=13
[C9701] ASSIGN server=3 time=13 type=P
[C9702] NEW REQUEST queued time=3 type=P
[C9703] NEW REQUEST queued time=11 type=P
[C9704] COMPLETE server=19
[C9705] NEW REQUEST queued time=11 type=S
[C9705] ASSIGN server=19 time=4 type=P
[C9707] NEW REQUEST queued time=5 type=P
[C9708] COMPLETE server=19
[C9709] ASSIGN server=19 time=10 type=S
[C9712] NEW REQUEST queued time=2 type=P
[C9712] COMPLETE server=31
[C9713] NEW REQUEST queued time=2 type=S
[C9713] ASSIGN server=31 time=6 type=P
[C9713] COMPLETE server=3
[C9714] NEW REQUEST queued time=2 type=S
[C9714] ASSIGN server=3 time=3 type=P
[C9716] COMPLETE server=3
[C9717] ASSIGN server=3 time=9 type=S
[C9718] COMPLETE server=19
[C9718] COMPLETE server=31
[C9719] NEW REQUEST queued time=5 type=P
[C9719] ASSIGN server=19 time=6 type=S
[C9719] ASSIGN server=31 time=7 type=S
[C9720] NEW REQUEST queued time=10 type=P
[C9722] NEW REQUEST queued time=9 type=S
[C9723] NEW REQUEST queued time=6 type=S
[C9724] NEW REQUEST queued time=13 type=P
[C9724] COMPLETE server=19
[C9725] ASSIGN server=19 time=12 type=S
[C9725] COMPLETE server=3
[C9725] COMPLETE server=31
[C9726] ASSIGN server=3 time=7 type=S
[C9726] ASSIGN server=31 time=9 type=S
[C9732] NEW REQUEST queued time=2 type=P
[C9732] COMPLETE server=3
[C9733] ASSIGN server=3 time=11 type=S
[C9734] COMPLETE server=31
[C9735] ASSIGN server=31 time=9 type=P
[C9736] COMPLETE server=19
[C9737] ASSIGN server=19 time=6 type=S
[C9738] NEW REQUEST queued time=11 type=S
[C9741] NEW REQUEST queued time=14 type=S
[C9742] COMPLETE server=19
[C9743] NEW REQUEST queued time=2 type=S
[C9743] ASSIGN server=19 time=6 type=P
[C9743] COMPLETE server=3
[C9743] COMPLETE server=31
[C9744] NEW REQUEST queued time=15 type=P
[C9744] ASSIGN server=3 time=5 type=P
[C9744] ASSIGN server=31 time=2 type=S
[C9745] COMPLETE server=31
[C9746] ASSIGN server=31 time=4 type=S
[C9748] COMPLETE server=3
[C9748] COMPLETE server=19
[C9749] ASSIGN server=3 time=3 type=S
[C9749] ASSIGN server=19 time=9 type=S
[C9749] COMPLETE server=31
[C9750] ASSIGN server=31 time=8 type=S
[C9750] SNAPSHOT queue=152 servers=3 busy=3 cooldownLeft=0 completed=3755 rejected=13
[C9751] COMPLETE server=3
[C9752] NEW REQUEST queued time=13 type=S
[C9752] ASSIGN server=3 time=4 type=P
[C9754] NEW REQUEST queued time=7 type=P
[C9755] COMPLETE server=3
[C9756] NEW REQUEST queued time=8 type=S
[C9756] ASSIGN server=3 time=14 type=P
[C9757] NEW REQUEST queued time=5 type=P
[C9757] COMPLETE server=19
[C9757] COMPLETE server=31
[C9758] ASSIGN server=19 time=7 type=P
[C9758] ASSIGN server=31 time=11 type=P
[C9762] NEW REQUEST queued time=4 type=S
[C9764] NEW REQUEST queued time=10 type=P
[C9764] COMPLETE server=19
[C9765] ASSIGN server=19 time=9 type=S
[C9768] COMPLETE server=31
[C9769] NEW REQUEST queued time=13 type=S
[C9769] ASSIGN server=31 time=8 type=S
[C9769] COMPLETE server=3
[C9770] ASSIGN server=3 time=12 type=P
[C9772] NEW REQUEST queued time=2 type=P
[C9773] COMPLETE server=19
[C9774] NEW REQUEST queued time=2 type=P
[C9774] ASSIGN server=19 time=9 type=P
[C9776] NEW REQUEST queued time=15 type=P
[C9776] COMPLETE server=31
[C9777] ASSIGN server=31 time=5 type=S
[C9781] COMPLETE server=3
[C9781] COMPLETE server=31
[C9782] ASSIGN server=3 time=3 type=S
[C9782] ASSIGN server=31 time=14 type=P
[C9782] COMPLETE server=19
[C9783] ASSIGN server=19 time=9 type=P
[C9784] COMPLETE server=3
[C9785] ASSIGN server=3 time=11 type=S
[C9785] SCALE DOWN removed=31 -> servers=2 cooldown=25
[C9789] NEW REQUEST queued time=9 type=P
[C9790] NEW REQUEST queued time=5 type=P
[C9791] NEW REQUEST queued time=15 type=P
[C9791] COMPLETE server=19
[C9792] NEW REQUEST queued time=2 type=S
[C9792] ASSIGN server=19 time=10 type=S
[C9793] NEW REQUEST queued time=4 type=S
[C9795] COMPLETE server=3
[C9796] ASSIGN server=3 time=7 type=S
[C9797] NEW REQUEST queued time=9 type=P
[C9799] NEW REQUEST queued time=3 type=S
[C9800] SNAPSHOT queue=154 servers=2 busy=2 cooldownLeft=10 completed=3770 rejected=13
[C9801] COMPLETE server=19
[C9802] ASSIGN server=19 time=7 type=P
[C9802] COMPLETE server=3
[C9803] NEW REQUEST queued time=5 type=P
[C9803] ASSIGN server=3 time=15 type=P
[C9806] NEW REQUEST queued time=6 type=S
[C9808] COMPLETE server=19
[C9809] NEW REQUEST queued time=10 type=S
[C9809] ASSIGN server=19 time=3 type=S
[C9811] COMPLETE server=19
[C9812] ASSIGN server=19 time=5 type=P
[C9814] NEW REQUEST queued time=4 type=S
[C9816] COMPLETE server=19
[C9817] NEW REQUEST queued time=7 type=S
[C9817] ASSIGN server=19 time=8 type=S
[C9817] COMPLETE server=3
[C9818] ASSIGN server=3 time=12 type=S
[C9824] COMPLETE server=19
[C9825] NEW REQUEST queued time=15 type=P
[C9825] ASSIGN server=19 time=6 type=S
[C9829] COMPLETE server=3
[C9830] ASSIGN server=3 time=2 type=P
[C9830] COMPLETE server=19
[C9831] ASSIGN server=19 time=10 type=P
[C9831] COMPLETE server=3
[C9832] ASSIGN server=3 time=3 type=P
[C9834] COMPLETE server=3
[C9835] ASSIGN server=3 time=13 type=S
[C9836] NEW REQUEST queued time=12 type=P
[C9840] NEW REQUEST queued time=12 type=S
[C9840] COMPLETE server=19
[C9841] ASSIGN server=19 time=8 type=S
[C9844] NEW REQUEST queued time=14 type=S
[C9847] COMPLETE server=3
[C9848] ASSIGN server=3 time=11 type=P
[C9848] COMPLETE server=19
[C9849] ASSIGN server=19 time=4 type=P
[C9850] SNAPSHOT queue=149 servers=2 busy=2 cooldownLeft=0 completed=3784 rejected=13
[C9852] COMPLETE server=19
[C9853] ASSIGN server=19 time=5 type=S
[C9855] NEW REQUEST queued time=3 type=S
[C9857] COMPLETE server=19
[C9858] ASSIGN server=19 time=8 type=S
[C9858] COMPLETE server=3
[C9859] ASSIGN server=3 time=2 type=S
[C9860] NEW REQUEST queued time=14 type=S
[C9860] COMPLETE server=3
[C9861] ASSIGN server=3 time=15 type=S
[C9865] COMPLETE server=19
[C9866] NEW REQUEST queued time=14 type=S
[C9866] ASSIGN server=19 time=15 type=P
[C9867] NEW REQUEST queued time=9 type=S
[C9871] NEW REQUEST queued time=12 type=S
[C9875] COMPLETE server=3
[C9876] ASSIGN server=3 time=10 type=P
[C9880] COMPLETE server=19
[C9881] NEW REQUEST queued time=5 type=P
[C9881] ASSIGN server=19 time=9 type=P
[C9884] NEW REQUEST queued time=11 type=S
[C9885] COMPLETE server=3
[C9886] ASSIGN server=3 time=6 type=P
[C9887] NEW REQUEST queued time=15 type=P
[C9889] COMPLETE server=19
[C9890] ASSIGN server=19 time=6 type=S
[C9891] NEW REQUEST queued time=15 type=S
[C9891] COMPLETE server=3
[C9892] NEW REQUEST queued time=15 type=S
[C9892] ASSIGN server=3 time=14 type=P
[C9893] NEW REQUEST queued time=6 type=S
[C9894] NEW REQUEST queued time=4 type=P
[C9895] COMPLETE server=19
[C9896] NEW REQUEST queued time=13 type=S
[C9896] ASSIGN server=19 time=2 type=S
[C9897] COMPLETE server=19
[C9898] NEW REQUEST queued time=5 type=S
[C9898] ASSIGN server=19 time=6 type=P
[C9900] SNAPSHOT queue=151 servers=2 busy=2 cooldownLeft=0 completed=3796 rejected=13
[C9901] NEW REQUEST queued time=7 type=P
[C9903] COMPLETE server=19
[C9904] ASSIGN server=19 time=3 type=P
[C9905] NEW REQUEST queued time=4 type=P
[C9905] COMPLETE server=3
[C9906] ASSIGN server=3 time=11 type=S
[C9906] COMPLETE server=19
[C9907] ASSIGN server=19 time=15 type=S
[C9913] NEW REQUEST queued time=7 type=P
[C9916] NEW REQUEST queued time=15 type=S
[C9916] COMPLETE server=3
[C9917] NEW REQUEST queued time=14 type=P
[C9917] ASSIGN server=3 time=11 type=S
[C9921] COMPLETE server=19
[C9922] ASSIGN server=19 time=13 type=P
[C9924] NEW REQUEST queued time=6 type=S
[C9925] FIREWALL REJECT sourceIp=10.25.225.36
[C9926] NEW REQUEST queued time=7 type=P
[C9927] COMPLETE server=3
[C9928] ASSIGN server=3 time=6 type=S
[C9933] COMPLETE server=3
[C9934] ASSIGN server=3 time=8 type=P
[C9934] COMPLETE server=19
[C9935] ASSIGN server=19 time=8 type=S
[C9941] COMPLETE server=3
[C9942] ASSIGN server=3 time=2 type=P
[C9942] COMPLETE server=19
[C9943] NEW REQUEST queued time=8 type=P
[C9943] ASSIGN server=19 time=8 type=S
[C9943] COMPLETE server=3
[C9944] NEW REQUEST queued time=9 type=S
[C9944] ASSIGN server=3 time=11 type=P
[C9945] NEW REQUEST queued time=13 type=S
[C9947] NEW REQUEST queued time=8 type=P
[C9950] COMPLETE server=19
[C9950] SNAPSHOT queue=151 servers=2 busy=1 cooldownLeft=0 completed=3808 rejected=14
[C9951] NEW REQUEST queued time=13 type=S
[C9951] ASSIGN server=19 time=12 type=S
[C9954] COMPLETE server=3
[C9955] ASSIGN server=3 time=4 type=S
[C9956] NEW REQUEST queued time=10 type=S
[C9958] COMPLETE server=3
[C9959] ASSIGN server=3 time=2 type=P
[C9960] COMPLETE server=3
[C9961] ASSIGN server=3 time=10 type=S
[C9962] COMPLETE server=19
[C9963] NEW REQUEST queued time=11 type=S
[C9963] ASSIGN server=19 time=2 type=S
[C9964] COMPLETE server=19
[C9965] ASSIGN server=19 time=6 type=S
[C9967] NEW REQUEST queued time=14 type=S
[C9970] COMPLETE server=3
[C9970] COMPLETE server=19
[C9971] ASSIGN server=3 time=11 type=S
[C9971] ASSIGN server=19 time=14 type=P
[C9972] NEW REQUEST queued time=15 type=S
[C9981] COMPLETE server=3
[C9982] ASSIGN server=3 time=14 type=S
[C9983] NEW REQUEST queued time=8 type=S
[C9984] COMPLETE server=19
[C9985] ASSIGN server=19 time=6 type=S
[C9986] NEW REQUEST queued time=7 type=S
[C9990] COMPLETE server=19
[C9991] ASSIGN server=19 time=6 type=S
[C9992] NEW REQUEST queued time=2 type=S
[C9994] NEW REQUEST queued time=8 type=P
[C9995] NEW REQUEST queued time=4 type=S
[C9995] COMPLETE server=3
[C9996] ASSIGN server=3 time=4 type=P
[C9996] COMPLETE server=19
[C9997] ASSIGN server=19 time=15 type=S
[C9999] NEW REQUEST queued time=15 type=P
[C9999] COMPLETE server=3
[C10000] NEW REQUEST queued time=9 type=P
[C10000] ASSIGN server=3 time=7 type=P
[C10000] SNAPSHOT queue=149 servers=2 busy=2 cooldownLeft=0 completed=3821 rejected=14
==== Simulation Summary ====
Starting queue size: 996
Ending queue size: 149
Task time range: 2 to 15
Total generated (accepted into queue): 3992
Total completed: 3821
Total rejected (firewall): 14
Scale ups: 21
Scale downs: 29
Max queue observed: 996
Final active servers: 2
